Tool,Current_ICTV_family,Source_unit,Source_record_count,Source_file,Source_label,Mapping_method,Verification_status,Notes
Host Taxon Predictor,Adenoviridae,N,1,input_original/manual_downloads/HostTaxonPredictor/supplementary_materials/datasets/all_viruses_with_desired_attributes.dump,Adenoviridae,exact_current_family,confirmed_from_audited_mapping_table,Family-level presence from audited Host Taxon Predictor record-to-family mapping of the raw release. The main learn/test and extension learn/test GI split files were verified as represented in all_viruses_with_desired_attributes.dump; new_viruses_ids requires separate remapping.
Host Taxon Predictor,Alloherpesviridae,N,1,input_original/manual_downloads/HostTaxonPredictor/supplementary_materials/datasets/all_viruses_with_desired_attributes.dump,Alloherpesviridae,exact_current_family,confirmed_from_audited_mapping_table,Family-level presence from audited Host Taxon Predictor record-to-family mapping of the raw release. The main learn/test and extension learn/test GI split files were verified as represented in all_viruses_with_desired_attributes.dump; new_viruses_ids requires separate remapping.
Host Taxon Predictor,Alphaflexiviridae,N,1,input_original/manual_downloads/HostTaxonPredictor/supplementary_materials/datasets/all_viruses_with_desired_attributes.dump,Alphaflexiviridae,current_family_from_lineage; exact_current_family,confirmed_from_audited_mapping_table,Family-level presence from audited Host Taxon Predictor record-to-family mapping of the raw release. The main learn/test and extension learn/test GI split files were verified as represented in all_viruses_with_desired_attributes.dump; new_viruses_ids requires separate remapping.
Host Taxon Predictor,Alphagokushoviridae,N,1,input_original/manual_downloads/HostTaxonPredictor/supplementary_materials/datasets/all_viruses_with_desired_attributes.dump,Alphagokushoviridae,current_family_from_lineage_genus,confirmed_from_audited_mapping_table,Family-level presence from audited Host Taxon Predictor record-to-family mapping of the raw release. The main learn/test and extension learn/test GI split files were verified as represented in all_viruses_with_desired_attributes.dump; new_viruses_ids requires separate remapping.
Host Taxon Predictor,Alphatetraviridae,N,1,input_original/manual_downloads/HostTaxonPredictor/supplementary_materials/datasets/all_viruses_with_desired_attributes.dump,Alphatetraviridae,exact_current_family,confirmed_from_audited_mapping_table,Family-level presence from audited Host Taxon Predictor record-to-family mapping of the raw release. The main learn/test and extension learn/test GI split files were verified as represented in all_viruses_with_desired_attributes.dump; new_viruses_ids requires separate remapping.
Host Taxon Predictor,Amalgaviridae,N,1,input_original/manual_downloads/HostTaxonPredictor/supplementary_materials/datasets/all_viruses_with_desired_attributes.dump,Amalgaviridae,current_family_from_lineage; exact_current_family,confirmed_from_audited_mapping_table,Family-level presence from audited Host Taxon Predictor record-to-family mapping of the raw release. The main learn/test and extension learn/test GI split files were verified as represented in all_viruses_with_desired_attributes.dump; new_viruses_ids requires separate remapping.
Host Taxon Predictor,Ampullaviridae,N,1,input_original/manual_downloads/HostTaxonPredictor/supplementary_materials/datasets/all_viruses_with_desired_attributes.dump,Ampullaviridae,exact_current_family,confirmed_from_audited_mapping_table,Family-level presence from audited Host Taxon Predictor record-to-family mapping of the raw release. The main learn/test and extension learn/test GI split files were verified as represented in all_viruses_with_desired_attributes.dump; new_viruses_ids requires separate remapping.
Host Taxon Predictor,Andersonviridae,N,1,input_original/manual_downloads/HostTaxonPredictor/supplementary_materials/datasets/all_viruses_with_desired_attributes.dump,Andersonviridae,current_family_from_lineage_genus,confirmed_from_audited_mapping_table,Family-level presence from audited Host Taxon Predictor record-to-family mapping of the raw release. The main learn/test and extension learn/test GI split files were verified as represented in all_viruses_with_desired_attributes.dump; new_viruses_ids requires separate remapping.
Host Taxon Predictor,Anelloviridae,N,1,input_original/manual_downloads/HostTaxonPredictor/supplementary_materials/datasets/all_viruses_with_desired_attributes.dump,Anelloviridae,current_family_from_lineage; exact_current_family,confirmed_from_audited_mapping_table,Family-level presence from audited Host Taxon Predictor record-to-family mapping of the raw release. The main learn/test and extension learn/test GI split files were verified as represented in all_viruses_with_desired_attributes.dump; new_viruses_ids requires separate remapping.
Host Taxon Predictor,Arenaviridae,N,1,input_original/manual_downloads/HostTaxonPredictor/supplementary_materials/datasets/all_viruses_with_desired_attributes.dump,Arenaviridae,current_family_from_lineage; exact_current_family,confirmed_from_audited_mapping_table,Family-level presence from audited Host Taxon Predictor record-to-family mapping of the raw release. The main learn/test and extension learn/test GI split files were verified as represented in all_viruses_with_desired_attributes.dump; new_viruses_ids requires separate remapping.
Host Taxon Predictor,Arteriviridae,N,1,input_original/manual_downloads/HostTaxonPredictor/supplementary_materials/datasets/all_viruses_with_desired_attributes.dump,Arteriviridae,current_family_from_lineage; exact_current_family,confirmed_from_audited_mapping_table,Family-level presence from audited Host Taxon Predictor record-to-family mapping of the raw release. The main learn/test and extension learn/test GI split files were verified as represented in all_viruses_with_desired_attributes.dump; new_viruses_ids requires separate remapping.
Host Taxon Predictor,Aspiviridae,N,1,input_original/manual_downloads/HostTaxonPredictor/supplementary_materials/datasets/all_viruses_with_desired_attributes.dump,Aspiviridae,current_family_from_lineage_genus,confirmed_from_audited_mapping_table,Family-level presence from audited Host Taxon Predictor record-to-family mapping of the raw release. The main learn/test and extension learn/test GI split files were verified as represented in all_viruses_with_desired_attributes.dump; new_viruses_ids requires separate remapping.
Host Taxon Predictor,Astroviridae,N,1,input_original/manual_downloads/HostTaxonPredictor/supplementary_materials/datasets/all_viruses_with_desired_attributes.dump,Astroviridae,current_family_from_lineage; exact_current_family,confirmed_from_audited_mapping_table,Family-level presence from audited Host Taxon Predictor record-to-family mapping of the raw release. The main learn/test and extension learn/test GI split files were verified as represented in all_viruses_with_desired_attributes.dump; new_viruses_ids requires separate remapping.
Host Taxon Predictor,Baculoviridae,N,1,input_original/manual_downloads/HostTaxonPredictor/supplementary_materials/datasets/all_viruses_with_desired_attributes.dump,Baculoviridae,exact_current_family,confirmed_from_audited_mapping_table,Family-level presence from audited Host Taxon Predictor record-to-family mapping of the raw release. The main learn/test and extension learn/test GI split files were verified as represented in all_viruses_with_desired_attributes.dump; new_viruses_ids requires separate remapping.
Host Taxon Predictor,Benyviridae,N,1,input_original/manual_downloads/HostTaxonPredictor/supplementary_materials/datasets/all_viruses_with_desired_attributes.dump,Benyviridae,exact_current_family,confirmed_from_audited_mapping_table,Family-level presence from audited Host Taxon Predictor record-to-family mapping of the raw release. The main learn/test and extension learn/test GI split files were verified as represented in all_viruses_with_desired_attributes.dump; new_viruses_ids requires separate remapping.
Host Taxon Predictor,Betaflexiviridae,N,1,input_original/manual_downloads/HostTaxonPredictor/supplementary_materials/datasets/all_viruses_with_desired_attributes.dump,Betaflexiviridae,current_family_from_lineage; exact_current_family,confirmed_from_audited_mapping_table,Family-level presence from audited Host Taxon Predictor record-to-family mapping of the raw release. The main learn/test and extension learn/test GI split files were verified as represented in all_viruses_with_desired_attributes.dump; new_viruses_ids requires separate remapping.
Host Taxon Predictor,Betagokushoviridae,N,1,input_original/manual_downloads/HostTaxonPredictor/supplementary_materials/datasets/all_viruses_with_desired_attributes.dump,Betagokushoviridae,current_family_from_lineage_genus,confirmed_from_audited_mapping_table,Family-level presence from audited Host Taxon Predictor record-to-family mapping of the raw release. The main learn/test and extension learn/test GI split files were verified as represented in all_viruses_with_desired_attributes.dump; new_viruses_ids requires separate remapping.
Host Taxon Predictor,Bicaudaviridae,N,1,input_original/manual_downloads/HostTaxonPredictor/supplementary_materials/datasets/all_viruses_with_desired_attributes.dump,Bicaudaviridae,current_family_from_lineage; exact_current_family,confirmed_from_audited_mapping_table,Family-level presence from audited Host Taxon Predictor record-to-family mapping of the raw release. The main learn/test and extension learn/test GI split files were verified as represented in all_viruses_with_desired_attributes.dump; new_viruses_ids requires separate remapping.
Host Taxon Predictor,Birnaviridae,N,1,input_original/manual_downloads/HostTaxonPredictor/supplementary_materials/datasets/all_viruses_with_desired_attributes.dump,Birnaviridae,exact_current_family,confirmed_from_audited_mapping_table,Family-level presence from audited Host Taxon Predictor record-to-family mapping of the raw release. The main learn/test and extension learn/test GI split files were verified as represented in all_viruses_with_desired_attributes.dump; new_viruses_ids requires separate remapping.
Host Taxon Predictor,Bornaviridae,N,1,input_original/manual_downloads/HostTaxonPredictor/supplementary_materials/datasets/all_viruses_with_desired_attributes.dump,Bornaviridae,exact_current_family,confirmed_from_audited_mapping_table,Family-level presence from audited Host Taxon Predictor record-to-family mapping of the raw release. The main learn/test and extension learn/test GI split files were verified as represented in all_viruses_with_desired_attributes.dump; new_viruses_ids requires separate remapping.
Host Taxon Predictor,Botybirnaviridae,N,1,input_original/manual_downloads/HostTaxonPredictor/supplementary_materials/datasets/all_viruses_with_desired_attributes.dump,Botybirnaviridae,current_family_from_lineage_genus,confirmed_from_audited_mapping_table,Family-level presence from audited Host Taxon Predictor record-to-family mapping of the raw release. The main learn/test and extension learn/test GI split files were verified as represented in all_viruses_with_desired_attributes.dump; new_viruses_ids requires separate remapping.
Host Taxon Predictor,Bromoviridae,N,1,input_original/manual_downloads/HostTaxonPredictor/supplementary_materials/datasets/all_viruses_with_desired_attributes.dump,Bromoviridae,exact_current_family,confirmed_from_audited_mapping_table,Family-level presence from audited Host Taxon Predictor record-to-family mapping of the raw release. The main learn/test and extension learn/test GI split files were verified as represented in all_viruses_with_desired_attributes.dump; new_viruses_ids requires separate remapping.
Host Taxon Predictor,Caliciviridae,N,1,input_original/manual_downloads/HostTaxonPredictor/supplementary_materials/datasets/all_viruses_with_desired_attributes.dump,Caliciviridae,exact_current_family,confirmed_from_audited_mapping_table,Family-level presence from audited Host Taxon Predictor record-to-family mapping of the raw release. The main learn/test and extension learn/test GI split files were verified as represented in all_viruses_with_desired_attributes.dump; new_viruses_ids requires separate remapping.
Host Taxon Predictor,Casjensviridae,N,1,input_original/manual_downloads/HostTaxonPredictor/supplementary_materials/datasets/all_viruses_with_desired_attributes.dump,Casjensviridae,current_family_from_lineage_genus,confirmed_from_audited_mapping_table,Family-level presence from audited Host Taxon Predictor record-to-family mapping of the raw release. The main learn/test and extension learn/test GI split files were verified as represented in all_viruses_with_desired_attributes.dump; new_viruses_ids requires separate remapping.
Host Taxon Predictor,Caulimoviridae,N,1,input_original/manual_downloads/HostTaxonPredictor/supplementary_materials/datasets/all_viruses_with_desired_attributes.dump,Caulimoviridae,current_family_from_lineage; exact_current_family,confirmed_from_audited_mapping_table,Family-level presence from audited Host Taxon Predictor record-to-family mapping of the raw release. The main learn/test and extension learn/test GI split files were verified as represented in all_viruses_with_desired_attributes.dump; new_viruses_ids requires separate remapping.
Host Taxon Predictor,Chrysoviridae,N,1,input_original/manual_downloads/HostTaxonPredictor/supplementary_materials/datasets/all_viruses_with_desired_attributes.dump,Chrysoviridae,exact_current_family,confirmed_from_audited_mapping_table,Family-level presence from audited Host Taxon Predictor record-to-family mapping of the raw release. The main learn/test and extension learn/test GI split files were verified as represented in all_viruses_with_desired_attributes.dump; new_viruses_ids requires separate remapping.
Host Taxon Predictor,Circoviridae,N,1,input_original/manual_downloads/HostTaxonPredictor/supplementary_materials/datasets/all_viruses_with_desired_attributes.dump,Circoviridae,current_family_from_lineage; exact_current_family,confirmed_from_audited_mapping_table,Family-level presence from audited Host Taxon Predictor record-to-family mapping of the raw release. The main learn/test and extension learn/test GI split files were verified as represented in all_viruses_with_desired_attributes.dump; new_viruses_ids requires separate remapping.
Host Taxon Predictor,Closteroviridae,N,1,input_original/manual_downloads/HostTaxonPredictor/supplementary_materials/datasets/all_viruses_with_desired_attributes.dump,Closteroviridae,current_family_from_lineage; exact_current_family,confirmed_from_audited_mapping_table,Family-level presence from audited Host Taxon Predictor record-to-family mapping of the raw release. The main learn/test and extension learn/test GI split files were verified as represented in all_viruses_with_desired_attributes.dump; new_viruses_ids requires separate remapping.
Host Taxon Predictor,Coronaviridae,N,1,input_original/manual_downloads/HostTaxonPredictor/supplementary_materials/datasets/all_viruses_with_desired_attributes.dump,Coronaviridae,exact_current_family,confirmed_from_audited_mapping_table,Family-level presence from audited Host Taxon Predictor record-to-family mapping of the raw release. The main learn/test and extension learn/test GI split files were verified as represented in all_viruses_with_desired_attributes.dump; new_viruses_ids requires separate remapping.
Host Taxon Predictor,Corticoviridae,N,1,input_original/manual_downloads/HostTaxonPredictor/supplementary_materials/datasets/all_viruses_with_desired_attributes.dump,Corticoviridae,exact_current_family,confirmed_from_audited_mapping_table,Family-level presence from audited Host Taxon Predictor record-to-family mapping of the raw release. The main learn/test and extension learn/test GI split files were verified as represented in all_viruses_with_desired_attributes.dump; new_viruses_ids requires separate remapping.
Host Taxon Predictor,Cystoviridae,N,1,input_original/manual_downloads/HostTaxonPredictor/supplementary_materials/datasets/all_viruses_with_desired_attributes.dump,Cystoviridae,exact_current_family,confirmed_from_audited_mapping_table,Family-level presence from audited Host Taxon Predictor record-to-family mapping of the raw release. The main learn/test and extension learn/test GI split files were verified as represented in all_viruses_with_desired_attributes.dump; new_viruses_ids requires separate remapping.
Host Taxon Predictor,Dicistroviridae,N,1,input_original/manual_downloads/HostTaxonPredictor/supplementary_materials/datasets/all_viruses_with_desired_attributes.dump,Dicistroviridae,current_family_from_lineage; exact_current_family,confirmed_from_audited_mapping_table,Family-level presence from audited Host Taxon Predictor record-to-family mapping of the raw release. The main learn/test and extension learn/test GI split files were verified as represented in all_viruses_with_desired_attributes.dump; new_viruses_ids requires separate remapping.
Host Taxon Predictor,Drexlerviridae,N,1,input_original/manual_downloads/HostTaxonPredictor/supplementary_materials/datasets/all_viruses_with_desired_attributes.dump,Drexlerviridae,current_family_from_lineage_genus,confirmed_from_audited_mapping_table,Family-level presence from audited Host Taxon Predictor record-to-family mapping of the raw release. The main learn/test and extension learn/test GI split files were verified as represented in all_viruses_with_desired_attributes.dump; new_viruses_ids requires separate remapping.
Host Taxon Predictor,Ehrlichviridae,N,1,input_original/manual_downloads/HostTaxonPredictor/supplementary_materials/datasets/all_viruses_with_desired_attributes.dump,Ehrlichviridae,current_family_from_lineage_genus,confirmed_from_audited_mapping_table,Family-level presence from audited Host Taxon Predictor record-to-family mapping of the raw release. The main learn/test and extension learn/test GI split files were verified as represented in all_viruses_with_desired_attributes.dump; new_viruses_ids requires separate remapping.
Host Taxon Predictor,Endornaviridae,N,1,input_original/manual_downloads/HostTaxonPredictor/supplementary_materials/datasets/all_viruses_with_desired_attributes.dump,Endornaviridae,exact_current_family,confirmed_from_audited_mapping_table,Family-level presence from audited Host Taxon Predictor record-to-family mapping of the raw release. The main learn/test and extension learn/test GI split files were verified as represented in all_viruses_with_desired_attributes.dump; new_viruses_ids requires separate remapping.
Host Taxon Predictor,Filoviridae,N,1,input_original/manual_downloads/HostTaxonPredictor/supplementary_materials/datasets/all_viruses_with_desired_attributes.dump,Filoviridae,exact_current_family,confirmed_from_audited_mapping_table,Family-level presence from audited Host Taxon Predictor record-to-family mapping of the raw release. The main learn/test and extension learn/test GI split files were verified as represented in all_viruses_with_desired_attributes.dump; new_viruses_ids requires separate remapping.
Host Taxon Predictor,Fimoviridae,N,1,input_original/manual_downloads/HostTaxonPredictor/supplementary_materials/datasets/all_viruses_with_desired_attributes.dump,Fimoviridae,exact_current_family,confirmed_from_audited_mapping_table,Family-level presence from audited Host Taxon Predictor record-to-family mapping of the raw release. The main learn/test and extension learn/test GI split files were verified as represented in all_viruses_with_desired_attributes.dump; new_viruses_ids requires separate remapping.
Host Taxon Predictor,Flaviviridae,N,1,input_original/manual_downloads/HostTaxonPredictor/supplementary_materials/datasets/all_viruses_with_desired_attributes.dump,Flaviviridae,exact_current_family,confirmed_from_audited_mapping_table,Family-level presence from audited Host Taxon Predictor record-to-family mapping of the raw release. The main learn/test and extension learn/test GI split files were verified as represented in all_viruses_with_desired_attributes.dump; new_viruses_ids requires separate remapping.
Host Taxon Predictor,Fuselloviridae,N,1,input_original/manual_downloads/HostTaxonPredictor/supplementary_materials/datasets/all_viruses_with_desired_attributes.dump,Fuselloviridae,exact_current_family,confirmed_from_audited_mapping_table,Family-level presence from audited Host Taxon Predictor record-to-family mapping of the raw release. The main learn/test and extension learn/test GI split files were verified as represented in all_viruses_with_desired_attributes.dump; new_viruses_ids requires separate remapping.
Host Taxon Predictor,Gammaflexiviridae,N,1,input_original/manual_downloads/HostTaxonPredictor/supplementary_materials/datasets/all_viruses_with_desired_attributes.dump,Gammaflexiviridae,exact_current_family,confirmed_from_audited_mapping_table,Family-level presence from audited Host Taxon Predictor record-to-family mapping of the raw release. The main learn/test and extension learn/test GI split files were verified as represented in all_viruses_with_desired_attributes.dump; new_viruses_ids requires separate remapping.
Host Taxon Predictor,Geminiviridae,N,1,input_original/manual_downloads/HostTaxonPredictor/supplementary_materials/datasets/all_viruses_with_desired_attributes.dump,Geminiviridae,current_family_from_lineage; exact_current_family,confirmed_from_audited_mapping_table,Family-level presence from audited Host Taxon Predictor record-to-family mapping of the raw release. The main learn/test and extension learn/test GI split files were verified as represented in all_viruses_with_desired_attributes.dump; new_viruses_ids requires separate remapping.
Host Taxon Predictor,Genomoviridae,N,1,input_original/manual_downloads/HostTaxonPredictor/supplementary_materials/datasets/all_viruses_with_desired_attributes.dump,Genomoviridae,current_family_from_lineage; exact_current_family,confirmed_from_audited_mapping_table,Family-level presence from audited Host Taxon Predictor record-to-family mapping of the raw release. The main learn/test and extension learn/test GI split files were verified as represented in all_viruses_with_desired_attributes.dump; new_viruses_ids requires separate remapping.
Host Taxon Predictor,Globuloviridae,N,1,input_original/manual_downloads/HostTaxonPredictor/supplementary_materials/datasets/all_viruses_with_desired_attributes.dump,Globuloviridae,exact_current_family,confirmed_from_audited_mapping_table,Family-level presence from audited Host Taxon Predictor record-to-family mapping of the raw release. The main learn/test and extension learn/test GI split files were verified as represented in all_viruses_with_desired_attributes.dump; new_viruses_ids requires separate remapping.
Host Taxon Predictor,Guttaviridae,N,1,input_original/manual_downloads/HostTaxonPredictor/supplementary_materials/datasets/all_viruses_with_desired_attributes.dump,Guttaviridae,exact_current_family,confirmed_from_audited_mapping_table,Family-level presence from audited Host Taxon Predictor record-to-family mapping of the raw release. The main learn/test and extension learn/test GI split files were verified as represented in all_viruses_with_desired_attributes.dump; new_viruses_ids requires separate remapping.
Host Taxon Predictor,Halspiviridae,N,1,input_original/manual_downloads/HostTaxonPredictor/supplementary_materials/datasets/all_viruses_with_desired_attributes.dump,Halspiviridae,current_family_from_lineage_genus,confirmed_from_audited_mapping_table,Family-level presence from audited Host Taxon Predictor record-to-family mapping of the raw release. The main learn/test and extension learn/test GI split files were verified as represented in all_viruses_with_desired_attributes.dump; new_viruses_ids requires separate remapping.
Host Taxon Predictor,Hantaviridae,N,1,input_original/manual_downloads/HostTaxonPredictor/supplementary_materials/datasets/all_viruses_with_desired_attributes.dump,Hantaviridae,exact_current_family,confirmed_from_audited_mapping_table,Family-level presence from audited Host Taxon Predictor record-to-family mapping of the raw release. The main learn/test and extension learn/test GI split files were verified as represented in all_viruses_with_desired_attributes.dump; new_viruses_ids requires separate remapping.
Host Taxon Predictor,Hepadnaviridae,N,1,input_original/manual_downloads/HostTaxonPredictor/supplementary_materials/datasets/all_viruses_with_desired_attributes.dump,Hepadnaviridae,current_family_from_lineage; exact_current_family,confirmed_from_audited_mapping_table,Family-level presence from audited Host Taxon Predictor record-to-family mapping of the raw release. The main learn/test and extension learn/test GI split files were verified as represented in all_viruses_with_desired_attributes.dump; new_viruses_ids requires separate remapping.
Host Taxon Predictor,Hepeviridae,N,1,input_original/manual_downloads/HostTaxonPredictor/supplementary_materials/datasets/all_viruses_with_desired_attributes.dump,Hepeviridae,exact_current_family,confirmed_from_audited_mapping_table,Family-level presence from audited Host Taxon Predictor record-to-family mapping of the raw release. The main learn/test and extension learn/test GI split files were verified as represented in all_viruses_with_desired_attributes.dump; new_viruses_ids requires separate remapping.
Host Taxon Predictor,Herelleviridae,N,1,input_original/manual_downloads/HostTaxonPredictor/supplementary_materials/datasets/all_viruses_with_desired_attributes.dump,Herelleviridae,current_family_from_lineage_genus,confirmed_from_audited_mapping_table,Family-level presence from audited Host Taxon Predictor record-to-family mapping of the raw release. The main learn/test and extension learn/test GI split files were verified as represented in all_viruses_with_desired_attributes.dump; new_viruses_ids requires separate remapping.
Host Taxon Predictor,Hypoviridae,N,1,input_original/manual_downloads/HostTaxonPredictor/supplementary_materials/datasets/all_viruses_with_desired_attributes.dump,Hypoviridae,current_family_from_lineage; exact_current_family,confirmed_from_audited_mapping_table,Family-level presence from audited Host Taxon Predictor record-to-family mapping of the raw release. The main learn/test and extension learn/test GI split files were verified as represented in all_viruses_with_desired_attributes.dump; new_viruses_ids requires separate remapping.
Host Taxon Predictor,Iflaviridae,N,1,input_original/manual_downloads/HostTaxonPredictor/supplementary_materials/datasets/all_viruses_with_desired_attributes.dump,Iflaviridae,current_family_from_lineage; exact_current_family,confirmed_from_audited_mapping_table,Family-level presence from audited Host Taxon Predictor record-to-family mapping of the raw release. The main learn/test and extension learn/test GI split files were verified as represented in all_viruses_with_desired_attributes.dump; new_viruses_ids requires separate remapping.
Host Taxon Predictor,Inoviridae,N,1,input_original/manual_downloads/HostTaxonPredictor/supplementary_materials/datasets/all_viruses_with_desired_attributes.dump,Inoviridae,current_family_from_lineage; exact_current_family,confirmed_from_audited_mapping_table,Family-level presence from audited Host Taxon Predictor record-to-family mapping of the raw release. The main learn/test and extension learn/test GI split files were verified as represented in all_viruses_with_desired_attributes.dump; new_viruses_ids requires separate remapping.
Host Taxon Predictor,Iridoviridae,N,1,input_original/manual_downloads/HostTaxonPredictor/supplementary_materials/datasets/all_viruses_with_desired_attributes.dump,Iridoviridae,current_family_from_lineage; exact_current_family,confirmed_from_audited_mapping_table,Family-level presence from audited Host Taxon Predictor record-to-family mapping of the raw release. The main learn/test and extension learn/test GI split files were verified as represented in all_viruses_with_desired_attributes.dump; new_viruses_ids requires separate remapping.
Host Taxon Predictor,Lipothrixviridae,N,1,input_original/manual_downloads/HostTaxonPredictor/supplementary_materials/datasets/all_viruses_with_desired_attributes.dump,Lipothrixviridae,exact_current_family,confirmed_from_audited_mapping_table,Family-level presence from audited Host Taxon Predictor record-to-family mapping of the raw release. The main learn/test and extension learn/test GI split files were verified as represented in all_viruses_with_desired_attributes.dump; new_viruses_ids requires separate remapping.
Host Taxon Predictor,Mayoviridae,N,1,input_original/manual_downloads/HostTaxonPredictor/supplementary_materials/datasets/all_viruses_with_desired_attributes.dump,Mayoviridae,current_family_from_lineage_genus,confirmed_from_audited_mapping_table,Family-level presence from audited Host Taxon Predictor record-to-family mapping of the raw release. The main learn/test and extension learn/test GI split files were verified as represented in all_viruses_with_desired_attributes.dump; new_viruses_ids requires separate remapping.
Host Taxon Predictor,Megabirnaviridae,N,1,input_original/manual_downloads/HostTaxonPredictor/supplementary_materials/datasets/all_viruses_with_desired_attributes.dump,Megabirnaviridae,current_family_from_lineage_genus,confirmed_from_audited_mapping_table,Family-level presence from audited Host Taxon Predictor record-to-family mapping of the raw release. The main learn/test and extension learn/test GI split files were verified as represented in all_viruses_with_desired_attributes.dump; new_viruses_ids requires separate remapping.
Host Taxon Predictor,Mesoniviridae,N,1,input_original/manual_downloads/HostTaxonPredictor/supplementary_materials/datasets/all_viruses_with_desired_attributes.dump,Mesoniviridae,current_family_from_lineage; exact_current_family,confirmed_from_audited_mapping_table,Family-level presence from audited Host Taxon Predictor record-to-family mapping of the raw release. The main learn/test and extension learn/test GI split files were verified as represented in all_viruses_with_desired_attributes.dump; new_viruses_ids requires separate remapping.
Host Taxon Predictor,Mesyanzhinovviridae,N,1,input_original/manual_downloads/HostTaxonPredictor/supplementary_materials/datasets/all_viruses_with_desired_attributes.dump,Mesyanzhinovviridae,current_family_from_lineage_genus,confirmed_from_audited_mapping_table,Family-level presence from audited Host Taxon Predictor record-to-family mapping of the raw release. The main learn/test and extension learn/test GI split files were verified as represented in all_viruses_with_desired_attributes.dump; new_viruses_ids requires separate remapping.
Host Taxon Predictor,Mymonaviridae,N,1,input_original/manual_downloads/HostTaxonPredictor/supplementary_materials/datasets/all_viruses_with_desired_attributes.dump,Mymonaviridae,exact_current_family,confirmed_from_audited_mapping_table,Family-level presence from audited Host Taxon Predictor record-to-family mapping of the raw release. The main learn/test and extension learn/test GI split files were verified as represented in all_viruses_with_desired_attributes.dump; new_viruses_ids requires separate remapping.
Host Taxon Predictor,Nairoviridae,N,1,input_original/manual_downloads/HostTaxonPredictor/supplementary_materials/datasets/all_viruses_with_desired_attributes.dump,Nairoviridae,exact_current_family,confirmed_from_audited_mapping_table,Family-level presence from audited Host Taxon Predictor record-to-family mapping of the raw release. The main learn/test and extension learn/test GI split files were verified as represented in all_viruses_with_desired_attributes.dump; new_viruses_ids requires separate remapping.
Host Taxon Predictor,Nanoviridae,N,1,input_original/manual_downloads/HostTaxonPredictor/supplementary_materials/datasets/all_viruses_with_desired_attributes.dump,Nanoviridae,exact_current_family,confirmed_from_audited_mapping_table,Family-level presence from audited Host Taxon Predictor record-to-family mapping of the raw release. The main learn/test and extension learn/test GI split files were verified as represented in all_viruses_with_desired_attributes.dump; new_viruses_ids requires separate remapping.
Host Taxon Predictor,Narnaviridae,N,1,input_original/manual_downloads/HostTaxonPredictor/supplementary_materials/datasets/all_viruses_with_desired_attributes.dump,Narnaviridae,current_family_from_lineage; exact_current_family,confirmed_from_audited_mapping_table,Family-level presence from audited Host Taxon Predictor record-to-family mapping of the raw release. The main learn/test and extension learn/test GI split files were verified as represented in all_viruses_with_desired_attributes.dump; new_viruses_ids requires separate remapping.
Host Taxon Predictor,Nodaviridae,N,1,input_original/manual_downloads/HostTaxonPredictor/supplementary_materials/datasets/all_viruses_with_desired_attributes.dump,Nodaviridae,current_family_from_lineage; exact_current_family,confirmed_from_audited_mapping_table,Family-level presence from audited Host Taxon Predictor record-to-family mapping of the raw release. The main learn/test and extension learn/test GI split files were verified as represented in all_viruses_with_desired_attributes.dump; new_viruses_ids requires separate remapping.
Host Taxon Predictor,Nudiviridae,N,1,input_original/manual_downloads/HostTaxonPredictor/supplementary_materials/datasets/all_viruses_with_desired_attributes.dump,Nudiviridae,current_family_from_lineage,confirmed_from_audited_mapping_table,Family-level presence from audited Host Taxon Predictor record-to-family mapping of the raw release. The main learn/test and extension learn/test GI split files were verified as represented in all_viruses_with_desired_attributes.dump; new_viruses_ids requires separate remapping.
Host Taxon Predictor,Nyamiviridae,N,1,input_original/manual_downloads/HostTaxonPredictor/supplementary_materials/datasets/all_viruses_with_desired_attributes.dump,Nyamiviridae,exact_current_family,confirmed_from_audited_mapping_table,Family-level presence from audited Host Taxon Predictor record-to-family mapping of the raw release. The main learn/test and extension learn/test GI split files were verified as represented in all_viruses_with_desired_attributes.dump; new_viruses_ids requires separate remapping.
Host Taxon Predictor,Orthoherpesviridae,N,1,input_original/manual_downloads/HostTaxonPredictor/supplementary_materials/datasets/all_viruses_with_desired_attributes.dump,Orthoherpesviridae,current_family_from_lineage_genus,confirmed_from_audited_mapping_table,Family-level presence from audited Host Taxon Predictor record-to-family mapping of the raw release. The main learn/test and extension learn/test GI split files were verified as represented in all_viruses_with_desired_attributes.dump; new_viruses_ids requires separate remapping.
Host Taxon Predictor,Orthomyxoviridae,N,1,input_original/manual_downloads/HostTaxonPredictor/supplementary_materials/datasets/all_viruses_with_desired_attributes.dump,Orthomyxoviridae,exact_current_family,confirmed_from_audited_mapping_table,Family-level presence from audited Host Taxon Predictor record-to-family mapping of the raw release. The main learn/test and extension learn/test GI split files were verified as represented in all_viruses_with_desired_attributes.dump; new_viruses_ids requires separate remapping.
Host Taxon Predictor,Orthototiviridae,N,1,input_original/manual_downloads/HostTaxonPredictor/supplementary_materials/datasets/all_viruses_with_desired_attributes.dump,Orthototiviridae,current_family_from_lineage_genus,confirmed_from_audited_mapping_table,Family-level presence from audited Host Taxon Predictor record-to-family mapping of the raw release. The main learn/test and extension learn/test GI split files were verified as represented in all_viruses_with_desired_attributes.dump; new_viruses_ids requires separate remapping.
Host Taxon Predictor,Ourmiaviridae,N,1,input_original/manual_downloads/HostTaxonPredictor/supplementary_materials/datasets/all_viruses_with_desired_attributes.dump,Ourmiaviridae,current_family_from_lineage_genus,confirmed_from_audited_mapping_table,Family-level presence from audited Host Taxon Predictor record-to-family mapping of the raw release. The main learn/test and extension learn/test GI split files were verified as represented in all_viruses_with_desired_attributes.dump; new_viruses_ids requires separate remapping.
Host Taxon Predictor,Papillomaviridae,N,1,input_original/manual_downloads/HostTaxonPredictor/supplementary_materials/datasets/all_viruses_with_desired_attributes.dump,Papillomaviridae,current_family_from_lineage; exact_current_family,confirmed_from_audited_mapping_table,Family-level presence from audited Host Taxon Predictor record-to-family mapping of the raw release. The main learn/test and extension learn/test GI split files were verified as represented in all_viruses_with_desired_attributes.dump; new_viruses_ids requires separate remapping.
Host Taxon Predictor,Paramyxoviridae,N,1,input_original/manual_downloads/HostTaxonPredictor/supplementary_materials/datasets/all_viruses_with_desired_attributes.dump,Paramyxoviridae,current_family_from_lineage; exact_current_family,confirmed_from_audited_mapping_table,Family-level presence from audited Host Taxon Predictor record-to-family mapping of the raw release. The main learn/test and extension learn/test GI split files were verified as represented in all_viruses_with_desired_attributes.dump; new_viruses_ids requires separate remapping.
Host Taxon Predictor,Partitiviridae,N,1,input_original/manual_downloads/HostTaxonPredictor/supplementary_materials/datasets/all_viruses_with_desired_attributes.dump,Partitiviridae,current_family_from_lineage; exact_current_family,confirmed_from_audited_mapping_table,Family-level presence from audited Host Taxon Predictor record-to-family mapping of the raw release. The main learn/test and extension learn/test GI split files were verified as represented in all_viruses_with_desired_attributes.dump; new_viruses_ids requires separate remapping.
Host Taxon Predictor,Parvoviridae,N,1,input_original/manual_downloads/HostTaxonPredictor/supplementary_materials/datasets/all_viruses_with_desired_attributes.dump,Parvoviridae,current_family_from_lineage; exact_current_family,confirmed_from_audited_mapping_table,Family-level presence from audited Host Taxon Predictor record-to-family mapping of the raw release. The main learn/test and extension learn/test GI split files were verified as represented in all_viruses_with_desired_attributes.dump; new_viruses_ids requires separate remapping.
Host Taxon Predictor,Peribunyaviridae,N,1,input_original/manual_downloads/HostTaxonPredictor/supplementary_materials/datasets/all_viruses_with_desired_attributes.dump,Peribunyaviridae,current_family_from_lineage; exact_current_family,confirmed_from_audited_mapping_table,Family-level presence from audited Host Taxon Predictor record-to-family mapping of the raw release. The main learn/test and extension learn/test GI split files were verified as represented in all_viruses_with_desired_attributes.dump; new_viruses_ids requires separate remapping.
Host Taxon Predictor,Phasmaviridae,N,1,input_original/manual_downloads/HostTaxonPredictor/supplementary_materials/datasets/all_viruses_with_desired_attributes.dump,Phasmaviridae,exact_current_family,confirmed_from_audited_mapping_table,Family-level presence from audited Host Taxon Predictor record-to-family mapping of the raw release. The main learn/test and extension learn/test GI split files were verified as represented in all_viruses_with_desired_attributes.dump; new_viruses_ids requires separate remapping.
Host Taxon Predictor,Phenuiviridae,N,1,input_original/manual_downloads/HostTaxonPredictor/supplementary_materials/datasets/all_viruses_with_desired_attributes.dump,Phenuiviridae,current_family_from_lineage; exact_current_family,confirmed_from_audited_mapping_table,Family-level presence from audited Host Taxon Predictor record-to-family mapping of the raw release. The main learn/test and extension learn/test GI split files were verified as represented in all_viruses_with_desired_attributes.dump; new_viruses_ids requires separate remapping.
Host Taxon Predictor,Picobirnaviridae,N,1,input_original/manual_downloads/HostTaxonPredictor/supplementary_materials/datasets/all_viruses_with_desired_attributes.dump,Picobirnaviridae,exact_current_family,confirmed_from_audited_mapping_table,Family-level presence from audited Host Taxon Predictor record-to-family mapping of the raw release. The main learn/test and extension learn/test GI split files were verified as represented in all_viruses_with_desired_attributes.dump; new_viruses_ids requires separate remapping.
Host Taxon Predictor,Picornaviridae,N,1,input_original/manual_downloads/HostTaxonPredictor/supplementary_materials/datasets/all_viruses_with_desired_attributes.dump,Picornaviridae,exact_current_family,confirmed_from_audited_mapping_table,Family-level presence from audited Host Taxon Predictor record-to-family mapping of the raw release. The main learn/test and extension learn/test GI split files were verified as represented in all_viruses_with_desired_attributes.dump; new_viruses_ids requires separate remapping.
Host Taxon Predictor,Plasmaviridae,N,1,input_original/manual_downloads/HostTaxonPredictor/supplementary_materials/datasets/all_viruses_with_desired_attributes.dump,Plasmaviridae,exact_current_family,confirmed_from_audited_mapping_table,Family-level presence from audited Host Taxon Predictor record-to-family mapping of the raw release. The main learn/test and extension learn/test GI split files were verified as represented in all_viruses_with_desired_attributes.dump; new_viruses_ids requires separate remapping.
Host Taxon Predictor,Pleolipoviridae,N,1,input_original/manual_downloads/HostTaxonPredictor/supplementary_materials/datasets/all_viruses_with_desired_attributes.dump,Pleolipoviridae,exact_current_family,confirmed_from_audited_mapping_table,Family-level presence from audited Host Taxon Predictor record-to-family mapping of the raw release. The main learn/test and extension learn/test GI split files were verified as represented in all_viruses_with_desired_attributes.dump; new_viruses_ids requires separate remapping.
Host Taxon Predictor,Pneumoviridae,N,1,input_original/manual_downloads/HostTaxonPredictor/supplementary_materials/datasets/all_viruses_with_desired_attributes.dump,Pneumoviridae,exact_current_family,confirmed_from_audited_mapping_table,Family-level presence from audited Host Taxon Predictor record-to-family mapping of the raw release. The main learn/test and extension learn/test GI split files were verified as represented in all_viruses_with_desired_attributes.dump; new_viruses_ids requires separate remapping.
Host Taxon Predictor,Polydnaviriformidae,N,1,input_original/manual_downloads/HostTaxonPredictor/supplementary_materials/datasets/all_viruses_with_desired_attributes.dump,Polydnaviriformidae,unique_historical_family_alias,confirmed_from_audited_mapping_table,Family-level presence from audited Host Taxon Predictor record-to-family mapping of the raw release. The main learn/test and extension learn/test GI split files were verified as represented in all_viruses_with_desired_attributes.dump; new_viruses_ids requires separate remapping.
Host Taxon Predictor,Polyomaviridae,N,1,input_original/manual_downloads/HostTaxonPredictor/supplementary_materials/datasets/all_viruses_with_desired_attributes.dump,Polyomaviridae,current_family_from_lineage; exact_current_family,confirmed_from_audited_mapping_table,Family-level presence from audited Host Taxon Predictor record-to-family mapping of the raw release. The main learn/test and extension learn/test GI split files were verified as represented in all_viruses_with_desired_attributes.dump; new_viruses_ids requires separate remapping.
Host Taxon Predictor,Potyviridae,N,1,input_original/manual_downloads/HostTaxonPredictor/supplementary_materials/datasets/all_viruses_with_desired_attributes.dump,Potyviridae,exact_current_family,confirmed_from_audited_mapping_table,Family-level presence from audited Host Taxon Predictor record-to-family mapping of the raw release. The main learn/test and extension learn/test GI split files were verified as represented in all_viruses_with_desired_attributes.dump; new_viruses_ids requires separate remapping.
Host Taxon Predictor,Poxviridae,N,1,input_original/manual_downloads/HostTaxonPredictor/supplementary_materials/datasets/all_viruses_with_desired_attributes.dump,Poxviridae,exact_current_family,confirmed_from_audited_mapping_table,Family-level presence from audited Host Taxon Predictor record-to-family mapping of the raw release. The main learn/test and extension learn/test GI split files were verified as represented in all_viruses_with_desired_attributes.dump; new_viruses_ids requires separate remapping.
Host Taxon Predictor,Pseudototiviridae,N,1,input_original/manual_downloads/HostTaxonPredictor/supplementary_materials/datasets/all_viruses_with_desired_attributes.dump,Pseudototiviridae,current_family_from_lineage_genus,confirmed_from_audited_mapping_table,Family-level presence from audited Host Taxon Predictor record-to-family mapping of the raw release. The main learn/test and extension learn/test GI split files were verified as represented in all_viruses_with_desired_attributes.dump; new_viruses_ids requires separate remapping.
Host Taxon Predictor,Quadriviridae,N,1,input_original/manual_downloads/HostTaxonPredictor/supplementary_materials/datasets/all_viruses_with_desired_attributes.dump,Quadriviridae,exact_current_family,confirmed_from_audited_mapping_table,Family-level presence from audited Host Taxon Predictor record-to-family mapping of the raw release. The main learn/test and extension learn/test GI split files were verified as represented in all_viruses_with_desired_attributes.dump; new_viruses_ids requires separate remapping.
Host Taxon Predictor,Retroviridae,N,1,input_original/manual_downloads/HostTaxonPredictor/supplementary_materials/datasets/all_viruses_with_desired_attributes.dump,Retroviridae,exact_current_family,confirmed_from_audited_mapping_table,Family-level presence from audited Host Taxon Predictor record-to-family mapping of the raw release. The main learn/test and extension learn/test GI split files were verified as represented in all_viruses_with_desired_attributes.dump; new_viruses_ids requires separate remapping.
Host Taxon Predictor,Rhabdoviridae,N,1,input_original/manual_downloads/HostTaxonPredictor/supplementary_materials/datasets/all_viruses_with_desired_attributes.dump,Rhabdoviridae,current_family_from_lineage; exact_current_family,confirmed_from_audited_mapping_table,Family-level presence from audited Host Taxon Predictor record-to-family mapping of the raw release. The main learn/test and extension learn/test GI split files were verified as represented in all_viruses_with_desired_attributes.dump; new_viruses_ids requires separate remapping.
Host Taxon Predictor,Roniviridae,N,1,input_original/manual_downloads/HostTaxonPredictor/supplementary_materials/datasets/all_viruses_with_desired_attributes.dump,Roniviridae,exact_current_family,confirmed_from_audited_mapping_table,Family-level presence from audited Host Taxon Predictor record-to-family mapping of the raw release. The main learn/test and extension learn/test GI split files were verified as represented in all_viruses_with_desired_attributes.dump; new_viruses_ids requires separate remapping.
Host Taxon Predictor,Rudiviridae,N,1,input_original/manual_downloads/HostTaxonPredictor/supplementary_materials/datasets/all_viruses_with_desired_attributes.dump,Rudiviridae,current_family_from_lineage; exact_current_family,confirmed_from_audited_mapping_table,Family-level presence from audited Host Taxon Predictor record-to-family mapping of the raw release. The main learn/test and extension learn/test GI split files were verified as represented in all_viruses_with_desired_attributes.dump; new_viruses_ids requires separate remapping.
Host Taxon Predictor,Sarkviridae,N,1,input_original/manual_downloads/HostTaxonPredictor/supplementary_materials/datasets/all_viruses_with_desired_attributes.dump,Sarkviridae,current_family_from_lineage_genus,confirmed_from_audited_mapping_table,Family-level presence from audited Host Taxon Predictor record-to-family mapping of the raw release. The main learn/test and extension learn/test GI split files were verified as represented in all_viruses_with_desired_attributes.dump; new_viruses_ids requires separate remapping.
Host Taxon Predictor,Secoviridae,N,1,input_original/manual_downloads/HostTaxonPredictor/supplementary_materials/datasets/all_viruses_with_desired_attributes.dump,Secoviridae,current_family_from_lineage; exact_current_family,confirmed_from_audited_mapping_table,Family-level presence from audited Host Taxon Predictor record-to-family mapping of the raw release. The main learn/test and extension learn/test GI split files were verified as represented in all_viruses_with_desired_attributes.dump; new_viruses_ids requires separate remapping.
Host Taxon Predictor,Sedoreoviridae,N,1,input_original/manual_downloads/HostTaxonPredictor/supplementary_materials/datasets/all_viruses_with_desired_attributes.dump,Sedoreoviridae,current_family_from_lineage_genus,confirmed_from_audited_mapping_table,Family-level presence from audited Host Taxon Predictor record-to-family mapping of the raw release. The main learn/test and extension learn/test GI split files were verified as represented in all_viruses_with_desired_attributes.dump; new_viruses_ids requires separate remapping.
Host Taxon Predictor,Sinhaliviridae,N,1,input_original/manual_downloads/HostTaxonPredictor/supplementary_materials/datasets/all_viruses_with_desired_attributes.dump,Sinhaliviridae,current_family_from_lineage_genus,confirmed_from_audited_mapping_table,Family-level presence from audited Host Taxon Predictor record-to-family mapping of the raw release. The main learn/test and extension learn/test GI split files were verified as represented in all_viruses_with_desired_attributes.dump; new_viruses_ids requires separate remapping.
Host Taxon Predictor,Solemoviridae,N,1,input_original/manual_downloads/HostTaxonPredictor/supplementary_materials/datasets/all_viruses_with_desired_attributes.dump,Solemoviridae,current_family_from_lineage_genus,confirmed_from_audited_mapping_table,Family-level presence from audited Host Taxon Predictor record-to-family mapping of the raw release. The main learn/test and extension learn/test GI split files were verified as represented in all_viruses_with_desired_attributes.dump; new_viruses_ids requires separate remapping.
Host Taxon Predictor,Solinviviridae,N,1,input_original/manual_downloads/HostTaxonPredictor/supplementary_materials/datasets/all_viruses_with_desired_attributes.dump,Solinviviridae,current_family_from_lineage_genus,confirmed_from_audited_mapping_table,Family-level presence from audited Host Taxon Predictor record-to-family mapping of the raw release. The main learn/test and extension learn/test GI split files were verified as represented in all_viruses_with_desired_attributes.dump; new_viruses_ids requires separate remapping.
Host Taxon Predictor,Sphaerolipoviridae,N,1,input_original/manual_downloads/HostTaxonPredictor/supplementary_materials/datasets/all_viruses_with_desired_attributes.dump,Sphaerolipoviridae,current_family_from_lineage; exact_current_family,confirmed_from_audited_mapping_table,Family-level presence from audited Host Taxon Predictor record-to-family mapping of the raw release. The main learn/test and extension learn/test GI split files were verified as represented in all_viruses_with_desired_attributes.dump; new_viruses_ids requires separate remapping.
Host Taxon Predictor,Spinareoviridae,N,1,input_original/manual_downloads/HostTaxonPredictor/supplementary_materials/datasets/all_viruses_with_desired_attributes.dump,Spinareoviridae,current_family_from_lineage_genus,confirmed_from_audited_mapping_table,Family-level presence from audited Host Taxon Predictor record-to-family mapping of the raw release. The main learn/test and extension learn/test GI split files were verified as represented in all_viruses_with_desired_attributes.dump; new_viruses_ids requires separate remapping.
Host Taxon Predictor,Sunviridae,N,1,input_original/manual_downloads/HostTaxonPredictor/supplementary_materials/datasets/all_viruses_with_desired_attributes.dump,Sunviridae,exact_current_family,confirmed_from_audited_mapping_table,Family-level presence from audited Host Taxon Predictor record-to-family mapping of the raw release. The main learn/test and extension learn/test GI split files were verified as represented in all_viruses_with_desired_attributes.dump; new_viruses_ids requires separate remapping.
Host Taxon Predictor,Tectiviridae,N,1,input_original/manual_downloads/HostTaxonPredictor/supplementary_materials/datasets/all_viruses_with_desired_attributes.dump,Tectiviridae,exact_current_family,confirmed_from_audited_mapping_table,Family-level presence from audited Host Taxon Predictor record-to-family mapping of the raw release. The main learn/test and extension learn/test GI split files were verified as represented in all_viruses_with_desired_attributes.dump; new_viruses_ids requires separate remapping.
Host Taxon Predictor,Togaviridae,N,1,input_original/manual_downloads/HostTaxonPredictor/supplementary_materials/datasets/all_viruses_with_desired_attributes.dump,Togaviridae,exact_current_family,confirmed_from_audited_mapping_table,Family-level presence from audited Host Taxon Predictor record-to-family mapping of the raw release. The main learn/test and extension learn/test GI split files were verified as represented in all_viruses_with_desired_attributes.dump; new_viruses_ids requires separate remapping.
Host Taxon Predictor,Tolecusatellitidae,N,1,input_original/manual_downloads/HostTaxonPredictor/supplementary_materials/datasets/all_viruses_with_desired_attributes.dump,Tolecusatellitidae,current_family_from_lineage,confirmed_from_audited_mapping_table,Family-level presence from audited Host Taxon Predictor record-to-family mapping of the raw release. The main learn/test and extension learn/test GI split files were verified as represented in all_viruses_with_desired_attributes.dump; new_viruses_ids requires separate remapping.
Host Taxon Predictor,Tombusviridae,N,1,input_original/manual_downloads/HostTaxonPredictor/supplementary_materials/datasets/all_viruses_with_desired_attributes.dump,Tombusviridae,current_family_from_lineage_genus; exact_current_family,confirmed_from_audited_mapping_table,Family-level presence from audited Host Taxon Predictor record-to-family mapping of the raw release. The main learn/test and extension learn/test GI split files were verified as represented in all_viruses_with_desired_attributes.dump; new_viruses_ids requires separate remapping.
Host Taxon Predictor,Tospoviridae,N,1,input_original/manual_downloads/HostTaxonPredictor/supplementary_materials/datasets/all_viruses_with_desired_attributes.dump,Tospoviridae,exact_current_family,confirmed_from_audited_mapping_table,Family-level presence from audited Host Taxon Predictor record-to-family mapping of the raw release. The main learn/test and extension learn/test GI split files were verified as represented in all_viruses_with_desired_attributes.dump; new_viruses_ids requires separate remapping.
Host Taxon Predictor,Turriviridae,N,1,input_original/manual_downloads/HostTaxonPredictor/supplementary_materials/datasets/all_viruses_with_desired_attributes.dump,Turriviridae,exact_current_family,confirmed_from_audited_mapping_table,Family-level presence from audited Host Taxon Predictor record-to-family mapping of the raw release. The main learn/test and extension learn/test GI split files were verified as represented in all_viruses_with_desired_attributes.dump; new_viruses_ids requires separate remapping.
Host Taxon Predictor,Tymoviridae,N,1,input_original/manual_downloads/HostTaxonPredictor/supplementary_materials/datasets/all_viruses_with_desired_attributes.dump,Tymoviridae,current_family_from_lineage; exact_current_family,confirmed_from_audited_mapping_table,Family-level presence from audited Host Taxon Predictor record-to-family mapping of the raw release. The main learn/test and extension learn/test GI split files were verified as represented in all_viruses_with_desired_attributes.dump; new_viruses_ids requires separate remapping.
Host Taxon Predictor,Virgaviridae,N,1,input_original/manual_downloads/HostTaxonPredictor/supplementary_materials/datasets/all_viruses_with_desired_attributes.dump,Virgaviridae,current_family_from_lineage; exact_current_family,confirmed_from_audited_mapping_table,Family-level presence from audited Host Taxon Predictor record-to-family mapping of the raw release. The main learn/test and extension learn/test GI split files were verified as represented in all_viruses_with_desired_attributes.dump; new_viruses_ids requires separate remapping.
Host Taxon Predictor,Zimmerviridae,N,1,input_original/manual_downloads/HostTaxonPredictor/supplementary_materials/datasets/all_viruses_with_desired_attributes.dump,Zimmerviridae,current_family_from_lineage_genus,confirmed_from_audited_mapping_table,Family-level presence from audited Host Taxon Predictor record-to-family mapping of the raw release. The main learn/test and extension learn/test GI split files were verified as represented in all_viruses_with_desired_attributes.dump; new_viruses_ids requires separate remapping.
