Tool,Path,Kind,Files,Size_bytes,SHA256,Tool_publication_DOI,Source_url_or_DOI,Retrieved_on,License
DeePaC-vir,input_original/manual_downloads/DeePaC_vir/zenodo_4312525/*.rds,glob,8,3116934,,10.1093/nargab/lqab004,,,
DeepHoF,input_original/manual_downloads/DeepHoF/41598_2021_96903_MOESM5_ESM.xlsx,file,1,7993374,baad4f9b897171f8aced17e99c55d37b3b1c511f3a6190096a4480de0c5e030e,10.1038/s41598-021-96903-6,,,
EvoMIL,input_original/manual_downloads/EvoMIL/evomil_vhdb_2021_author_snapshot.csv,file,1,8360253,884007d783d8661534bdefeaee892729a4429b7d500a74171342ac6c42e9f3de,10.1371/journal.pcbi.1012597,,,
GIVAL,input_original/manual_downloads/GIVAL/S_without_test_set_DCR_sampled_with_ref.csv,file,1,33402772,105ddc9ba6cd0f8b5c09c1678250976c74b995a6d79712a79cf924252b1813a0,10.34133/research.0871,,,
GIVAL,input_original/manual_downloads/GIVAL/df_AIV_before_sample.csv,file,1,81218683,4c797cdde7fc4aecb9700eb644643d499dea64af4ce05b29a899beaf6b403251,10.34133/research.0871,,,
GIVAL,input_original/manual_downloads/GIVAL/df_all_mpox.csv,file,1,24090783,ddd8872729dbb97dc822be200bba94d0663c3e0143fabc6247540a09f3c20865,10.34133/research.0871,,,
Host Taxon Predictor,input_original/manual_downloads/HostTaxonPredictor/supplementary_materials/datasets/all_viruses_with_desired_attributes.dump,file,1,99040285,c74582329e1bfab3f9314144ee0cf53afbb4e3844bab6058be058d58348a263d,10.1038/s41598-019-39847-2,,,
HostNet,input_original/public_sources/hostnet/hostnet/datasets/Flavivirus,directory,,,,10.1186/s12859-023-05582-9,,,
HostNet,input_original/public_sources/hostnet/hostnet/datasets/Rabies,directory,,,,10.1186/s12859-023-05582-9,,,
MENB,input_original/manual_downloads/MENB/DatasetsSpecifications/Dataset 90 seqs Corona/Full Train Anlaysis,directory,,,,10.1093/molbev/msaf127,,,
MENB,input_original/manual_downloads/MENB/DatasetsSpecifications/Dataset 90 seqs Corona/Non overlapping for Training and Tests,directory,,,,10.1093/molbev/msaf127,,,
MENB,"input_original/manual_downloads/MENB/DatasetsSpecifications/MENB-H|V&H,V/Corona",directory,,,,10.1093/molbev/msaf127,,,
MENB,"input_original/manual_downloads/MENB/DatasetsSpecifications/MENB-H|V&H,V/Flavi",directory,,,,10.1093/molbev/msaf127,,,
MENB,"input_original/manual_downloads/MENB/DatasetsSpecifications/MENB-H|V&H,V/Orthomyxo",directory,,,,10.1093/molbev/msaf127,,,
MENB,"input_original/manual_downloads/MENB/DatasetsSpecifications/MENB-H|V&H,V/Picorna",directory,,,,10.1093/molbev/msaf127,,,
MENB,input_original/manual_downloads/MENB/DatasetsSpecifications/New Hosts/Corona/Test,directory,,,,10.1093/molbev/msaf127,,,
MENB,input_original/manual_downloads/MENB/DatasetsSpecifications/New Hosts/Flavi/Test ,directory,3,1151,,10.1093/molbev/msaf127,,,
MENB,input_original/manual_downloads/MENB/DatasetsSpecifications/New Hosts/Orthomyxo/Test,directory,,,,10.1093/molbev/msaf127,,,
MENB,input_original/manual_downloads/MENB/DatasetsSpecifications/New Hosts/Picorna/Test,directory,,,,10.1093/molbev/msaf127,,,
MENB,input_original/manual_downloads/MENB/DatasetsSpecifications/New Viruses/Arteriviridae/Swine1.csv,file,1,1050,531e11ac238f1b1e15ad6f8a798558bd8d058630ef88eff1dce265f8edd102ec,10.1093/molbev/msaf127,,,
MENB,input_original/manual_downloads/MENB/DatasetsSpecifications/New Viruses/Arteriviridae/Swine2.csv,file,1,1047,f8ade0d244e12e71910cd210c18f1479eba88956254add2ae633edf0ad925157,10.1093/molbev/msaf127,,,
MENB,input_original/manual_downloads/MENB/DatasetsSpecifications/New Viruses/Arteriviridae/Swine3.csv,file,1,1018,9e2df250f53e53d4f37f8caaca5471baa4d191e828371fce42b10461d4d0cf38,10.1093/molbev/msaf127,,,
MENB,input_original/manual_downloads/MENB/DatasetsSpecifications/New Viruses/Calicivirus/Test/Avian.csv,file,1,828,8b85ced264e65abcd4ead6ec2f125394db1a10c4bd0c4c4fda811ed24df41350,10.1093/molbev/msaf127,,,
MENB,input_original/manual_downloads/MENB/DatasetsSpecifications/New Viruses/Calicivirus/Test/Human.csv,file,1,871,c55db433722ea44589169cd50c5b54004be36272212791c411c3419f3d8d4ecb,10.1093/molbev/msaf127,,,
MENB,input_original/manual_downloads/MENB/DatasetsSpecifications/New Viruses/Calicivirus/Test/Swine.csv,file,1,786,37d9c04378f4f34463f34e97d538409f1cc5b6ee570898b0b919029f81533bbd,10.1093/molbev/msaf127,,,
MENB,input_original/manual_downloads/MENB/DatasetsSpecifications/New Viruses/Paramyxoviridae/Avian1.csv,file,1,1010,53efbcd5bfca3f9d3e72bd132c7c7d12b6b659c9978d355fdc986efffd55c09a,10.1093/molbev/msaf127,,,
MENB,input_original/manual_downloads/MENB/DatasetsSpecifications/New Viruses/Paramyxoviridae/Avian2.csv,file,1,901,f8b4e573324e259bdb0ad6b2ef64297c7a1632ae493ab745ec95cb5a19854d0d,10.1093/molbev/msaf127,,,
MENB,input_original/manual_downloads/MENB/DatasetsSpecifications/New Viruses/Paramyxoviridae/Avian3.csv,file,1,884,d3800c1548b6a2078376953f3c2afa229d9904791234099a75d74fa9a954002b,10.1093/molbev/msaf127,,,
MENB,input_original/manual_downloads/MENB/DatasetsSpecifications/New Viruses/Rabhdoviridae/Human1.csv,file,1,675,97a85d34da127d082dac89146a1eddf59c2256dffea0b8c4b93a4d184066229d,10.1093/molbev/msaf127,,,
MENB,input_original/manual_downloads/MENB/DatasetsSpecifications/New Viruses/Rabhdoviridae/Human2.csv,file,1,720,1f1b08ca5de1ca91fdd8bc8dfffa5760fa7017b71ee3070056dd22bbc6f614c6,10.1093/molbev/msaf127,,,
MENB,input_original/manual_downloads/MENB/DatasetsSpecifications/New Viruses/Rabhdoviridae/Human3.csv,file,1,914,d3fb4795cf67cec0ca0f34d0f0dfbcca7a1a66d90afe5804b4c3799d4936798b,10.1093/molbev/msaf127,,,
MENB,input_original/manual_downloads/MENB/DatasetsSpecifications/Test sets 20 Corona-Orthomyxo/Corona/Test,directory,,,,10.1093/molbev/msaf127,,,
MENB,input_original/manual_downloads/MENB/DatasetsSpecifications/Test sets 20 Corona-Orthomyxo/Orthomyxo/Test,directory,,,,10.1093/molbev/msaf127,,,
MosViR,input_original/manual_downloads/MosViR/article_supplement/unpacked/SM_TableS1_Andrade_et_al_2024.xlsx,file,1,349580,26447ced8cdbfe76da9344ebf37cb044d8084e27241cf992b77f6b346085fc26,10.1093/nargab/lqae077,,,
RNAVirHost,input_original/manual_downloads/RNAVirHost/virus_label(1).csv,file,1,4005107,ea23600a60c7a3222f28fea7eccbe2969b41a8c820d972fde590447f8fa42ea7,10.1093/gigascience/giae059,,,
SPHAK,input_original/manual_downloads/SPHAK/animal_virus_data.csv,file,1,8264110,47aa5d298e7c3670457cf858540b209b8fd935bb6274c41a214cf223683e6a8e,10.1038/s41598-026-52373-2,,,
SPHAK,input_original/manual_downloads/SPHAK/plant_virus_data.csv,file,1,1852938,ccc135040a271425afcd4d0b0b30a1c171762be8a7a4d8de92b629c17030e336,10.1038/s41598-026-52373-2,,,
UniVH,input_original/manual_downloads/UniVH/dataset.csv,file,1,29810500,a3ab83538183ad55be8f8da3efa7ee3c86366f806c3b508bb5d1bb2a2772d6b4,10.3390/v18020211,,,
VIDHOP,input_original/manual_downloads/VIDHOP/train_data/small_paper_version_Influ_strict/species,directory,,,,10.1093/bioinformatics/btaa705,,,
VIDHOP,input_original/manual_downloads/VIDHOP/train_data/small_paper_version_Rabies_strict/species,directory,,,,10.1093/bioinformatics/btaa705,,,
VIDHOP,input_original/manual_downloads/VIDHOP/train_data/small_paper_version_Rota_strict/species,directory,,,,10.1093/bioinformatics/btaa705,,,
VPF-Class,input_original/manual_downloads/VPF_Class/2019_VPF_FamTax_REclassification_new.tsv,file,1,8663735,6c7daa61e51b408075dac7f2f204220a4f6152a421ae711eb839c2e8d0115f28,10.1093/bioinformatics/btab026,,,
VPF-Class,input_original/manual_downloads/VPF_Class/2019_VPF_GenTax_REclassification_new.tsv,file,1,21369606,5ba56962b2281f41733b15573e43a955c37562295d8bd481a61f3c9f3534767e,10.1093/bioinformatics/btab026,,,
VirHostPRED,input_original/manual_downloads/VirHostPRED/random_dataset_1.fasta,file,1,710052,0c418c29767a452667fa4025102db3a0554a1f6a465ab656e7aeafccfae499ec,10.1038/s41598-026-37765-8,,,
VirHostPRED,input_original/manual_downloads/VirHostPRED/reps70.fasta,file,1,1032042,54298519a82c32ef1032b4b7f0eda98d6fd3e293289312b5e0385724a64e4533,10.1038/s41598-026-37765-8,,,
ViralHostPredictor,input_original/manual_downloads/ViralHostPredictor/BabayanEtAl_VirusData.csv,file,1,21531562,3085b0663b1d10a716c7ad57179dd662818bd5934d648bd5e14c1507e4d90dca,10.1126/science.aap9072,,,
Zoonotic rank model,input_original/manual_downloads/ZoonoticRankModel/FinalData_Cleaned.csv,file,1,177269,6d7248202b494b1e16d56a98857be2ef8c7c1ff2173d634eb24eb658e9b38a86,10.1371/journal.pbio.3001390,,,
