row_id,DeepHoF,RNAVirHost,Host Taxon Predictor,MENB,UniVH,EvoMIL,HostNet,VIDHOP,ViralHostPredictor,VirHostPRED,Zoonotic rank,GIVAL,SPHAK,DeePaC-vir,MosViR,VPF-Class
r001,0,0,0,0,0,0,0,0,0,0,0,0,0,0,0,0
r002,32464,4338,188,1200,1,1321,478,136031,0,2127,113,53942,5480,1309,0,1247
r003,0,47,1,0,0,108,0,0,0,0,0,0,1,41,0,0
r004,0,65,3,0,0,73,0,0,0,0,0,0,10,40,0,0
r005,0,26,18,0,0,45,0,0,0,0,0,0,10,33,0,0
r006,0,0,0,0,0,0,0,0,0,0,0,0,0,0,0,0
r007,0,536,64,1200,0,219,0,42440,0,0,0,17486,762,166,0,0
r008,0,294,43,0,0,202,2280,3516,0,0,0,0,85,162,0,0
r009,0,59,2,0,0,31,100,120,0,0,0,0,15,17,0,0
r010,0,51,9,0,0,51,0,0,0,0,0,0,2,29,0,0
r011,0,124,48,0,18,0,0,118,64,0,143,0,54,63,0,0
r012,0,0,0,0,0,0,0,0,0,0,0,0,0,0,0,0
r013,0,60,25,0,0,72,5121,5566,0,0,0,624,134,46,0,0
r014,0,5,1,0,0,0,683,703,0,0,0,106,0,2,0,0
r015,0,0,1,0,0,0,672,692,0,0,0,19,0,1,0,0
r016,0,1,2,0,0,0,558,578,0,0,0,2,1,4,0,0
r017,0,83,12,0,0,57,259,279,0,0,0,59,123,45,0,0
r018,0,0,1,0,0,0,101,121,0,0,0,22,2,1,0,0
r019,0,8,3,0,0,0,0,0,0,0,0,38,2,5,0,0
r020,0,105,44,0,29,0,260,300,43,0,62,132,541,81,0,0
r021,0,0,0,0,0,0,0,0,0,0,0,0,0,0,0,0
r022,0,8,1,0,0,0,460,480,0,0,0,0,0,3,0,0
r023,0,0,4,0,0,0,245,265,0,0,0,0,2,3,0,0
r024,0,6,3,0,0,0,164,184,0,0,0,0,0,3,0,0
r025,0,385,113,0,17,0,186,226,59,0,70,0,231,231,0,0
r026,0,82,10,0,0,54,118,2469,0,0,0,182,71,33,0,0
r027,0,0,0,0,0,0,0,0,0,0,0,0,0,0,0,0
r028,0,74,7,0,0,174,0,0,0,0,0,0,13,71,0,0
r029,0,67,15,0,0,48,0,0,0,0,0,0,10,23,0,0
r030,0,15,2,0,0,42,0,0,0,0,0,0,2,11,0,0
r031,0,527,79,0,17,0,0,0,83,0,138,0,51,167,0,54
r032,0,0,0,0,0,0,0,0,0,2127,0,0,0,0,0,0
r033,0,331,114,0,14,0,0,0,20,0,64,15,113,243,0,0
r034,0,184,71,0,18,0,0,0,0,0,69,0,26,86,0,0
r035,0,0,0,0,0,0,0,0,55,0,0,0,0,0,0,0
r036,0,0,0,0,0,0,0,0,0,0,0,0,0,0,0,0
r037,0,269,62,0,0,109,0,27229,0,0,0,0,922,71,0,0
r038,0,50,6,0,0,40,0,24996,0,0,0,0,219,32,0,0
r039,0,13,7,0,0,0,0,2123,0,0,0,0,74,23,0,0
r040,0,1,1,0,0,0,0,231,0,0,0,0,5,2,0,0
r041,0,213,91,1200,58,0,0,15295,73,0,66,48905,1109,172,0,0
r042,0,406,87,0,42,0,0,0,19,0,39,0,5,100,0,0
r043,0,171,32,0,2,0,0,0,8,0,17,0,0,41,0,0
r044,0,13,5,0,0,0,0,0,0,0,0,0,0,20,0,0
r045,10245,0,4,0,0,0,0,0,0,0,0,0,0,4,24611,0
r046,0,0,0,0,0,0,0,0,0,0,0,0,0,0,0,0
r047,0,415,137,0,0,36,9253,0,75,0,0,0,2,123,2391,1
r048,0,1183,530,0,62,0,0,0,65,0,67,0,1,523,0,68
r049,0,0,0,0,0,0,0,0,0,0,0,0,0,0,0,0
r050,0,126,69,0,0,0,373,0,20,0,0,0,3,44,0,0
r051,0,165,80,0,14,0,0,0,0,0,0,0,0,30,0,0
r052,0,42,43,0,0,0,0,0,0,0,0,0,12,21,0,0
r053,7424,109,603,0,231,0,0,0,0,0,2,0,1,107,0,0
r054,4787,5508,1158,0,113,1187,0,0,21,0,61,0,3476,1794,0,10
r055,0,0,5,0,0,0,0,0,0,0,0,0,0,48,0,615
r056,0,0,13,0,0,0,0,0,0,0,0,0,0,64,0,0
r057,0,898,241,0,100,0,0,0,0,0,3,0,0,285,0,0
r058,9,0,5,0,0,0,0,0,69,0,0,0,0,1,0,0
