Tool,Current_ICTV_family,Source_unit,Source_files
DeePaC-vir,Birnaviridae,S,input_original/manual_downloads/DeePaC_vir/zenodo_4312525/*.rds
DeePaC-vir,Kolmioviridae,S,input_original/manual_downloads/DeePaC_vir/zenodo_4312525/*.rds
DeePaC-vir,Nimaviridae,S,input_original/manual_downloads/DeePaC_vir/zenodo_4312525/*.rds
DeePaC-vir,Permutotetraviridae,S,input_original/manual_downloads/DeePaC_vir/zenodo_4312525/*.rds
DeePaC-vir,Polydnaviriformidae,S,input_original/manual_downloads/DeePaC_vir/zenodo_4312525/*.rds
DeepHoF,Alphasatellitidae,N,input_original/manual_downloads/DeepHoF/41598_2021_96903_MOESM5_ESM.xlsx
DeepHoF,Birnaviridae,N,input_original/manual_downloads/DeepHoF/41598_2021_96903_MOESM5_ESM.xlsx
DeepHoF,Kolmioviridae,N,input_original/manual_downloads/DeepHoF/41598_2021_96903_MOESM5_ESM.xlsx
DeepHoF,Nimaviridae,N,input_original/manual_downloads/DeepHoF/41598_2021_96903_MOESM5_ESM.xlsx
DeepHoF,Permutotetraviridae,N,input_original/manual_downloads/DeepHoF/41598_2021_96903_MOESM5_ESM.xlsx
DeepHoF,Polydnaviriformidae,N,input_original/manual_downloads/DeepHoF/41598_2021_96903_MOESM5_ESM.xlsx
DeepHoF,Tolecusatellitidae,N,input_original/manual_downloads/DeepHoF/41598_2021_96903_MOESM5_ESM.xlsx
DeepHoF,Tonesaviridae,N,input_original/manual_downloads/DeepHoF/41598_2021_96903_MOESM5_ESM.xlsx
EvoMIL,Alphasatellitidae,H,input_original/manual_downloads/EvoMIL/evomil_vhdb_2021_author_snapshot.csv
EvoMIL,Birnaviridae,H,input_original/manual_downloads/EvoMIL/evomil_vhdb_2021_author_snapshot.csv
EvoMIL,Kolmioviridae,H,input_original/manual_downloads/EvoMIL/evomil_vhdb_2021_author_snapshot.csv
EvoMIL,Pospiviroidae,H,input_original/manual_downloads/EvoMIL/evomil_vhdb_2021_author_snapshot.csv
EvoMIL,Tolecusatellitidae,H,input_original/manual_downloads/EvoMIL/evomil_vhdb_2021_author_snapshot.csv
EvoMIL,Tonesaviridae,H,input_original/manual_downloads/EvoMIL/evomil_vhdb_2021_author_snapshot.csv
Host Taxon Predictor,Birnaviridae,N,input_original/manual_downloads/HostTaxonPredictor/supplementary_materials/datasets/all_viruses_with_desired_attributes.dump
Host Taxon Predictor,Polydnaviriformidae,N,input_original/manual_downloads/HostTaxonPredictor/supplementary_materials/datasets/all_viruses_with_desired_attributes.dump
Host Taxon Predictor,Tolecusatellitidae,N,input_original/manual_downloads/HostTaxonPredictor/supplementary_materials/datasets/all_viruses_with_desired_attributes.dump
MosViR,Birnaviridae,N,input_original/manual_downloads/MosViR/article_supplement/unpacked/SM_TableS1_Andrade_et_al_2024.xlsx
MosViR,Permutotetraviridae,N,input_original/manual_downloads/MosViR/article_supplement/unpacked/SM_TableS1_Andrade_et_al_2024.xlsx
UniVH,Birnaviridae,H,input_original/manual_downloads/UniVH/dataset.csv
UniVH,Permutotetraviridae,H,input_original/manual_downloads/UniVH/dataset.csv
UniVH,Tonesaviridae,H,input_original/manual_downloads/UniVH/dataset.csv
VPF-Class,Nimaviridae,V,input_original/manual_downloads/VPF_Class/2019_VPF_FamTax_REclassification_new.tsv; input_original/manual_downloads/VPF_Class/2019_VPF_GenTax_REclassification_new.tsv
VPF-Class,Polydnaviriformidae,V,input_original/manual_downloads/VPF_Class/2019_VPF_FamTax_REclassification_new.tsv
VirHostPRED,Alphasatellitidae,P,input_original/manual_downloads/VirHostPRED/random_dataset_1.fasta
VirHostPRED,Polydnaviriformidae,P,input_original/manual_downloads/VirHostPRED/random_dataset_1.fasta
VirHostPRED,Tolecusatellitidae,P,input_original/manual_downloads/VirHostPRED/random_dataset_1.fasta
VirHostPRED,Yaraviridae,P,input_original/manual_downloads/VirHostPRED/random_dataset_1.fasta
Zoonotic rank model,Birnaviridae,S,input_original/manual_downloads/ZoonoticRankModel/FinalData_Cleaned.csv
