Order,N_tools,N_families_union,Genome_class
Algavirales,4,1,DNA
Amarillovirales,12,3,RNA
Archintovirales,3,1,DNA
Articulavirales,13,2,RNA
Asfuvirales,6,1,DNA
Baphyvirales,2,1,DNA
Blubervirales,7,1,Reverse-transcribing
Chitovirales,8,1,DNA
Cirlivirales,8,3,DNA
Cryppavirales,5,1,RNA
Durnavirales,7,3,RNA
Elliovirales,10,7,RNA
Geplafuvirales,8,3,DNA
Ghabrivirales,9,19,RNA
Goujianvirales,2,1,RNA
Gredzevirales,2,1,DNA
Hareavirales,10,6,RNA
Hepelivirales,10,5,RNA
Herpesvirales,7,3,DNA
Hypofuvirales,5,3,RNA
Imitervirales,4,3,DNA
Jingchuvirales,5,5,RNA
Jormunvirales,2,1,DNA
Lavidavirales,2,1,DNA
Lefavirales,5,4,DNA
Lineavirales,3,1,DNA
Martellivirales,11,8,RNA
Mividavirales,3,1,DNA
Mononegavirales,14,11,RNA
Mulpavirales,6,4,DNA
Muvirales,2,1,RNA
Naedrevirales,6,1,RNA
Nidovirales,13,11,RNA
Nodamuvirales,7,2,RNA
Ortervirales,10,3,Reverse-transcribing
Ourlivirales,6,3,RNA
Patatavirales,8,1,RNA
Piccovirales,9,1,DNA
Picornavirales,12,8,RNA
Pimascovirales,7,5,DNA
Polivirales,3,1,DNA
Recrevirales,2,1,DNA
Reovirales,10,2,RNA
Ringavirales,3,1,DNA
Rohanvirales,4,3,DNA
Rowavirales,8,1,DNA
Sanitavirales,8,1,DNA
Saturnivirales,2,2,DNA
Sepolyvirales,8,1,DNA
Sobelivirales,7,3,RNA
Stellavirales,11,1,RNA
Tolivirales,8,3,RNA
Tombendovirales,2,2,RNA
Tymovirales,8,5,Mixed/unknown; RNA
Wolframvirales,6,2,RNA
Xenadelphovirales,3,2,RNA
Yadokarivirales,3,1,RNA
Zurhausenvirales,8,1,DNA
