Current_ICTV_family,ICTV_order,Genome,Tools_covering_taxon_n,Tools_covering_taxon,Endpoint_categories,Source_unit_types,Source_labels_before_harmonization
Phycodnaviridae,Algavirales,dsDNA,4,DeePaC-vir; DeepHoF; VPF-Class; VirHostPRED,Host-taxon classification; Human-infectivity prediction,N; P; S; V,Chlorovirus; Coccolithovirus; Phaeovirus; Phycodnaviridae; Prasinovirus; Prymnesiovirus; Phycodnaviridae
Flaviviridae,Amarillovirales,ssRNA(+),12,DeePaC-vir; DeepHoF; EvoMIL; HTP; HostNet; MENB; MosViR; RNAVirHost; UniVH; VirHostPRED; ViralHostPredictor; zoonotic rank,Host-taxon classification; Human-infectivity prediction; Reservoir or vector prediction; Virus–host association scoring,H; N; P; S,Flaviviridae; Flavivirus task dataset
Hepaciviridae,Amarillovirales,ssRNA(+),6,DeePaC-vir; DeepHoF; EvoMIL; UniVH; VirHostPRED; ViralHostPredictor,Host-taxon classification; Human-infectivity prediction; Reservoir or vector prediction; Virus–host association scoring,H; N; P; S,Hepaciviridae
Pestiviridae,Amarillovirales,ssRNA(+),5,DeePaC-vir; DeepHoF; EvoMIL; UniVH; ViralHostPredictor,Host-taxon classification; Human-infectivity prediction; Reservoir or vector prediction; Virus–host association scoring,H; N; S,Pestiviridae
Phypoliviridae,Archintovirales,dsDNA,3,DeePaC-vir; DeepHoF; VirHostPRED,Host-taxon classification; Human-infectivity prediction,N; P; S,Phypoliviridae
Amnoonviridae,Articulavirales,ssRNA(-),3,DeePaC-vir; DeepHoF; RNAVirHost,Host-taxon classification; Human-infectivity prediction,N; S,Amnoonviridae
Orthomyxoviridae,Articulavirales,ssRNA(-),13,DeePaC-vir; DeepHoF; EvoMIL; GIVAL; HTP; MENB; MosViR; RNAVirHost; SPHAK; UniVH; VIDHOP; VirHostPRED; zoonotic rank,Host-adaptation scoring; Host-taxon classification; Human-infectivity prediction; Reservoir or vector prediction; Spillover-risk prioritization; Virus–host association scoring,H; N; P; S,AIV; Influenza species-level task dataset; Orthomyxoviridae
Asfarviridae,Asfuvirales,dsDNA,6,DeePaC-vir; DeepHoF; EvoMIL; MosViR; VPF-Class; zoonotic rank,Host-taxon classification; Human-infectivity prediction; Reservoir or vector prediction; Virus–host association scoring,H; N; S; V,Asfarviridae; Asfarviridae; Asfivirus
Bacilladnaviridae,Baphyvirales,ssDNA(+/-),2,DeePaC-vir; DeepHoF,Host-taxon classification; Human-infectivity prediction,N; S,Bacilladnaviridae
Hepadnaviridae,Blubervirales,dsDNA-RT,7,DeePaC-vir; DeepHoF; EvoMIL; HTP; RNAVirHost; VPF-Class; zoonotic rank,Host-taxon classification; Human-infectivity prediction; Virus–host association scoring,H; N; S; V,Avihepadnavirus; Hepadnaviridae; Orthohepadnavirus; Hepadnaviridae
Poxviridae,Chitovirales,dsDNA,8,DeePaC-vir; DeepHoF; EvoMIL; GIVAL; HTP; VPF-Class; VirHostPRED; zoonotic rank,Host-adaptation scoring; Host-taxon classification; Human-infectivity prediction; Virus–host association scoring,H; N; P; S; V,Alphaentomopoxvirus; Avipoxvirus; Betaentomopoxvirus; Capripoxvirus; Cervidpoxvirus; Leporipoxvirus; Molluscipoxvirus; Orthopoxvirus; Parapoxvirus; Poxviridae; Yatapoxvirus; Poxviridae; monkeypox
Circoviridae,Cirlivirales,ssDNA; ssDNA(+/-),8,DeePaC-vir; DeepHoF; EvoMIL; HTP; MosViR; VPF-Class; VirHostPRED; zoonotic rank,Host-taxon classification; Human-infectivity prediction; Reservoir or vector prediction; Virus–host association scoring,H; N; P; S; V,Circoviridae; Circoviridae; Circovirus
Endolinaviridae,Cirlivirales,ssDNA(+/-),4,DeePaC-vir; DeepHoF; EvoMIL; VirHostPRED,Host-taxon classification; Human-infectivity prediction; Virus–host association scoring,H; N; P; S,Endolinaviridae
Vilyaviridae,Cirlivirales,ssDNA; ssDNA(+/-),3,DeePaC-vir; DeepHoF; EvoMIL,Host-taxon classification; Human-infectivity prediction; Virus–host association scoring,H; N; S,Vilyaviridae
Mitoviridae,Cryppavirales,ssRNA(+),5,DeepHoF; EvoMIL; RNAVirHost; UniVH; VirHostPRED,Host-taxon classification; Human-infectivity prediction; Virus–host association scoring,H; N; P,Mitoviridae
Amalgaviridae,Durnavirales,dsRNA,6,DeePaC-vir; DeepHoF; EvoMIL; HTP; RNAVirHost; UniVH,Host-taxon classification; Human-infectivity prediction; Virus–host association scoring,H; N; S,Amalgaviridae
Curvulaviridae,Durnavirales,dsRNA,4,DeePaC-vir; DeepHoF; RNAVirHost; UniVH,Host-taxon classification; Human-infectivity prediction; Virus–host association scoring,H; N; S,Curvulaviridae
Partitiviridae,Durnavirales,dsRNA,7,DeePaC-vir; DeepHoF; EvoMIL; HTP; MosViR; RNAVirHost; UniVH,Host-taxon classification; Human-infectivity prediction; Reservoir or vector prediction; Virus–host association scoring,H; N; S,Partitiviridae
Cruliviridae,Elliovirales,ssRNA(-),2,DeepHoF; RNAVirHost,Host-taxon classification,N,Cruliviridae
Fimoviridae,Elliovirales,ssRNA(-),6,DeePaC-vir; DeepHoF; EvoMIL; HTP; RNAVirHost; UniVH,Host-taxon classification; Human-infectivity prediction; Virus–host association scoring,H; N; S,Fimoviridae
Hantaviridae,Elliovirales,ssRNA(-),9,DeePaC-vir; DeepHoF; EvoMIL; HTP; RNAVirHost; UniVH; VirHostPRED; ViralHostPredictor; zoonotic rank,Host-taxon classification; Human-infectivity prediction; Reservoir or vector prediction; Virus–host association scoring,H; N; P; S,Hantaviridae
Peribunyaviridae,Elliovirales,ssRNA(-),10,DeePaC-vir; DeepHoF; EvoMIL; HTP; MosViR; RNAVirHost; UniVH; VirHostPRED; ViralHostPredictor; zoonotic rank,Host-taxon classification; Human-infectivity prediction; Reservoir or vector prediction; Virus–host association scoring,H; N; P; S,Peribunyaviridae
Phasmaviridae,Elliovirales,ssRNA; ssRNA(-),8,DeePaC-vir; DeepHoF; HTP; MosViR; RNAVirHost; UniVH; ViralHostPredictor; zoonotic rank,Host-taxon classification; Human-infectivity prediction; Reservoir or vector prediction; Virus–host association scoring,H; N; S,Phasmaviridae
Tospoviridae,Elliovirales,ssRNA(+/-),8,DeePaC-vir; DeepHoF; EvoMIL; HTP; RNAVirHost; UniVH; VirHostPRED; ViralHostPredictor,Host-taxon classification; Human-infectivity prediction; Reservoir or vector prediction; Virus–host association scoring,H; N; P; S,Tospoviridae
Tulasviridae,Elliovirales,ssRNA(+/-),2,RNAVirHost; UniVH,Host-taxon classification; Virus–host association scoring,H; N,Tulasviridae
Geminiviridae,Geplafuvirales,ssDNA; ssDNA(+/-),7,DeePaC-vir; DeepHoF; EvoMIL; HTP; SPHAK; VPF-Class; VirHostPRED,Host-taxon classification; Human-infectivity prediction; Spillover-risk prioritization; Virus–host association scoring,H; N; P; S; V,Becurtovirus; Begomovirus; Curtovirus; Geminiviridae; Mastrevirus; Geminiviridae
Genomoviridae,Geplafuvirales,ssDNA(+/-),6,DeePaC-vir; DeepHoF; EvoMIL; HTP; MosViR; VirHostPRED,Host-taxon classification; Human-infectivity prediction; Reservoir or vector prediction; Virus–host association scoring,H; N; P; S,Genomoviridae
Geplanaviridae,Geplafuvirales,ssDNA(+/-),2,DeePaC-vir; DeepHoF,Host-taxon classification; Human-infectivity prediction,N; S,Geplanaviridae
Alternaviridae,Ghabrivirales,dsRNA,5,DeePaC-vir; DeepHoF; RNAVirHost; UniVH; VirHostPRED,Host-taxon classification; Human-infectivity prediction; Virus–host association scoring,H; N; P; S,Alternaviridae
Artiviridae,Ghabrivirales,dsRNA,4,DeePaC-vir; DeepHoF; MosViR; UniVH,Host-taxon classification; Human-infectivity prediction; Reservoir or vector prediction; Virus–host association scoring,H; N; S,Artiviridae
Botybirnaviridae,Ghabrivirales,dsRNA,4,DeePaC-vir; DeepHoF; HTP; UniVH,Host-taxon classification; Human-infectivity prediction; Virus–host association scoring,H; N; S,Botybirnaviridae
Chrysoviridae,Ghabrivirales,dsRNA,8,DeePaC-vir; DeepHoF; EvoMIL; HTP; MosViR; RNAVirHost; UniVH; VirHostPRED,Host-taxon classification; Human-infectivity prediction; Reservoir or vector prediction; Virus–host association scoring,H; N; P; S,Chrysoviridae
Fusagraviridae,Ghabrivirales,dsRNA,3,DeePaC-vir; DeepHoF; UniVH,Host-taxon classification; Human-infectivity prediction; Virus–host association scoring,H; N; S,Fusagraviridae
Giardiaviridae,Ghabrivirales,dsRNA,3,DeePaC-vir; DeepHoF; RNAVirHost,Host-taxon classification; Human-infectivity prediction,N; S,Giardiaviridae; Totiviridae
Inseviridae,Ghabrivirales,dsRNA,4,DeePaC-vir; DeepHoF; UniVH; VirHostPRED,Host-taxon classification; Human-infectivity prediction; Virus–host association scoring,H; N; P; S,Inseviridae
Lebotiviridae,Ghabrivirales,dsRNA,3,DeePaC-vir; DeepHoF; UniVH,Host-taxon classification; Human-infectivity prediction; Virus–host association scoring,H; N; S,Lebotiviridae
Megabirnaviridae,Ghabrivirales,dsRNA,6,DeePaC-vir; DeepHoF; HTP; RNAVirHost; UniVH; VPF-Class,Host-taxon classification; Human-infectivity prediction; Virus–host association scoring,H; N; S; V,Megabirnaviridae; Megabirnaviridae; Megabirnavirus
Megatotiviridae,Ghabrivirales,dsRNA,1,UniVH,Virus–host association scoring,H,Megatotiviridae
Monocitiviridae,Ghabrivirales,dsRNA,2,DeePaC-vir; DeepHoF,Host-taxon classification; Human-infectivity prediction,N; S,Monocitiviridae
Ootiviridae,Ghabrivirales,dsRNA,2,DeePaC-vir; DeepHoF,Host-taxon classification; Human-infectivity prediction,N; S,Ootiviridae
Orthototiviridae,Ghabrivirales,dsRNA,7,DeePaC-vir; DeepHoF; EvoMIL; HTP; RNAVirHost; UniVH; VirHostPRED,Host-taxon classification; Human-infectivity prediction; Virus–host association scoring,H; N; P; S,Orthototiviridae; Totiviridae
Phlegiviridae,Ghabrivirales,dsRNA,3,DeePaC-vir; DeepHoF; UniVH,Host-taxon classification; Human-infectivity prediction; Virus–host association scoring,H; N; S,Phlegiviridae
Pistolviridae,Ghabrivirales,dsRNA,3,DeePaC-vir; DeepHoF; UniVH,Host-taxon classification; Human-infectivity prediction; Virus–host association scoring,H; N; S,Pistolviridae
Pseudototiviridae,Ghabrivirales,dsRNA,5,DeePaC-vir; DeepHoF; HTP; RNAVirHost; UniVH,Host-taxon classification; Human-infectivity prediction; Virus–host association scoring,H; N; S,Pseudototiviridae; Totiviridae
Quadriviridae,Ghabrivirales,dsRNA,5,DeePaC-vir; DeepHoF; HTP; RNAVirHost; UniVH,Host-taxon classification; Human-infectivity prediction; Virus–host association scoring,H; N; S,Quadriviridae
Spiciviridae,Ghabrivirales,dsRNA,3,DeePaC-vir; DeepHoF; UniVH,Host-taxon classification; Human-infectivity prediction; Virus–host association scoring,H; N; S,Spiciviridae
Yadonushiviridae,Ghabrivirales,dsRNA,1,UniVH,Virus–host association scoring,H,Yadonushiviridae
Yueviridae,Goujianvirales,ssRNA(-),2,DeepHoF; RNAVirHost,Host-taxon classification,N,Yueviridae
Ouroboviridae,Gredzevirales,ssDNA(+/-),2,DeePaC-vir; DeepHoF,Host-taxon classification; Human-infectivity prediction,N; S,Ouroboviridae
Arenaviridae,Hareavirales,ssRNA(+/-); ssRNA(-),9,DeePaC-vir; DeepHoF; EvoMIL; HTP; RNAVirHost; UniVH; VirHostPRED; ViralHostPredictor; zoonotic rank,Host-taxon classification; Human-infectivity prediction; Reservoir or vector prediction; Virus–host association scoring,H; N; P; S,Arenaviridae
Discoviridae,Hareavirales,ssRNA(-),1,RNAVirHost,Host-taxon classification,N,Discoviridae
Mypoviridae,Hareavirales,ssRNA(-),2,DeepHoF; RNAVirHost,Host-taxon classification,N,Mypoviridae
Nairoviridae,Hareavirales,ssRNA(-),10,DeePaC-vir; DeepHoF; EvoMIL; HTP; MosViR; RNAVirHost; UniVH; VirHostPRED; ViralHostPredictor; zoonotic rank,Host-taxon classification; Human-infectivity prediction; Reservoir or vector prediction; Virus–host association scoring,H; N; P; S,Nairoviridae
Phenuiviridae,Hareavirales,ssRNA(+/-); ssRNA(-),10,DeePaC-vir; DeepHoF; EvoMIL; HTP; MosViR; RNAVirHost; UniVH; VirHostPRED; ViralHostPredictor; zoonotic rank,Host-taxon classification; Human-infectivity prediction; Reservoir or vector prediction; Virus–host association scoring,H; N; P; S,Phenuiviridae
Wupedeviridae,Hareavirales,ssRNA(-),1,RNAVirHost,Host-taxon classification,N,Wupedeviridae
Alphatetraviridae,Hepelivirales,ssRNA(+),7,DeePaC-vir; DeepHoF; EvoMIL; HTP; MosViR; RNAVirHost; UniVH,Host-taxon classification; Human-infectivity prediction; Reservoir or vector prediction; Virus–host association scoring,H; N; S,Alphatetraviridae
Benyviridae,Hepelivirales,ssRNA(+),6,DeePaC-vir; DeepHoF; EvoMIL; HTP; RNAVirHost; UniVH,Host-taxon classification; Human-infectivity prediction; Virus–host association scoring,H; N; S,Benyviridae
Hepeviridae,Hepelivirales,ssRNA(+); ssRNA(+/-),9,DeePaC-vir; DeepHoF; EvoMIL; HTP; RNAVirHost; UniVH; VirHostPRED; ViralHostPredictor; zoonotic rank,Host-taxon classification; Human-infectivity prediction; Reservoir or vector prediction; Virus–host association scoring,H; N; P; S,Hepeviridae
Matonaviridae,Hepelivirales,ssRNA(+),7,DeePaC-vir; DeepHoF; EvoMIL; RNAVirHost; VirHostPRED; ViralHostPredictor; zoonotic rank,Host-taxon classification; Human-infectivity prediction; Reservoir or vector prediction; Virus–host association scoring,H; N; P; S,Matonaviridae
Mycoalphaviridae,Hepelivirales,ssRNA(+),1,UniVH,Virus–host association scoring,H,Mycoalphaviridae
Alloherpesviridae,Herpesvirales,dsDNA,5,DeePaC-vir; DeepHoF; HTP; VPF-Class; VirHostPRED,Host-taxon classification; Human-infectivity prediction,N; P; S; V,Alloherpesviridae
Malacoherpesviridae,Herpesvirales,dsDNA,3,DeePaC-vir; DeepHoF; VPF-Class,Host-taxon classification; Human-infectivity prediction,N; S; V,Malacoherpesviridae; Malacoherpesviridae; Ostreavirus
Orthoherpesviridae,Herpesvirales,dsDNA,7,DeePaC-vir; DeepHoF; EvoMIL; HTP; VPF-Class; VirHostPRED; zoonotic rank,Host-taxon classification; Human-infectivity prediction; Virus–host association scoring,H; N; P; S; V,Cytomegalovirus; Iltovirus; Lymphocryptovirus; Macavirus; Mardivirus; Muromegalovirus; Percavirus; Proboscivirus; Rhadinovirus; Roseolovirus; Simplexvirus; Varicellovirus; Orthoherpesviridae
Fusariviridae,Hypofuvirales,ssRNA(+),4,DeePaC-vir; DeepHoF; RNAVirHost; UniVH,Host-taxon classification; Human-infectivity prediction; Virus–host association scoring,H; N; S,Fusariviridae
Hypoviridae,Hypofuvirales,ssRNA(+),5,DeePaC-vir; DeepHoF; HTP; RNAVirHost; UniVH,Host-taxon classification; Human-infectivity prediction; Virus–host association scoring,H; N; S,Hypoviridae
Parahypoviridae,Hypofuvirales,ssRNA(+),2,DeepHoF; UniVH,Host-taxon classification; Virus–host association scoring,H; N,Parahypoviridae
Allomimiviridae,Imitervirales,dsDNA,1,VirHostPRED,Human-infectivity prediction,P,Allomimiviridae
Mimiviridae,Imitervirales,dsDNA,4,DeePaC-vir; DeepHoF; VPF-Class; VirHostPRED,Host-taxon classification; Human-infectivity prediction,N; P; S; V,Catovirus; Mimiviridae; Mimivirus; Mimiviridae
Schizomimiviridae,Imitervirales,dsDNA,2,DeepHoF; VirHostPRED,Host-taxon classification; Human-infectivity prediction,N; P,Schizomimiviridae
Aliusviridae,Jingchuvirales,ssRNA(-),3,DeePaC-vir; DeepHoF; RNAVirHost,Host-taxon classification; Human-infectivity prediction,N; S,Aliusviridae
Chuviridae,Jingchuvirales,ssRNA(-),5,DeePaC-vir; DeepHoF; RNAVirHost; UniVH; VirHostPRED,Host-taxon classification; Human-infectivity prediction; Virus–host association scoring,H; N; P; S,Chuviridae
Crepuscuviridae,Jingchuvirales,ssRNA(-),1,RNAVirHost,Host-taxon classification,N,Crepuscuviridae
Myriaviridae,Jingchuvirales,ssRNA(-),2,DeepHoF; RNAVirHost,Host-taxon classification,N,Myriaviridae
Natareviridae,Jingchuvirales,ssRNA(-),3,DeePaC-vir; DeepHoF; RNAVirHost,Host-taxon classification; Human-infectivity prediction,N; S,Natareviridae
Draupnirviridae,Jormunvirales,ssDNA(+/-),2,DeePaC-vir; DeepHoF,Host-taxon classification; Human-infectivity prediction,N; S,Draupnirviridae
Maviroviridae,Lavidavirales,dsDNA,2,DeePaC-vir; DeepHoF,Host-taxon classification; Human-infectivity prediction,N; S,Maviroviridae
Baculoviridae,Lefavirales,dsDNA,5,DeePaC-vir; DeepHoF; HTP; VPF-Class; VirHostPRED,Host-taxon classification; Human-infectivity prediction,N; P; S; V,Alphabaculovirus; Baculoviridae; Betabaculovirus; Gammabaculovirus; Baculoviridae
Filamentoviridae,Lefavirales,dsDNA,2,DeePaC-vir; DeepHoF,Host-taxon classification; Human-infectivity prediction,N; S,Filamentoviridae
Hytrosaviridae,Lefavirales,dsDNA,4,DeePaC-vir; DeepHoF; VPF-Class; VirHostPRED,Host-taxon classification; Human-infectivity prediction,N; P; S; V,Glossinavirus; Hytrosaviridae; Hytrosaviridae
Nudiviridae,Lefavirales,dsDNA,5,DeePaC-vir; DeepHoF; HTP; VPF-Class; VirHostPRED,Host-taxon classification; Human-infectivity prediction,N; P; S; V,Nudiviridae
Oomyviridae,Lineavirales,ssDNA,3,DeepHoF; EvoMIL; VirHostPRED,Host-taxon classification; Human-infectivity prediction; Virus–host association scoring,H; N; P,Oomyviridae
Bromoviridae,Martellivirales,ssRNA(+),7,DeePaC-vir; DeepHoF; EvoMIL; HTP; RNAVirHost; SPHAK; UniVH,Host-taxon classification; Human-infectivity prediction; Spillover-risk prioritization; Virus–host association scoring,H; N; P; S,Bromoviridae
Closteroviridae,Martellivirales,ssRNA(+),8,DeePaC-vir; DeepHoF; EvoMIL; HTP; RNAVirHost; SPHAK; UniVH; VirHostPRED,Host-taxon classification; Human-infectivity prediction; Spillover-risk prioritization; Virus–host association scoring,H; N; P; S,Closteroviridae
Endornaviridae,Martellivirales,ssRNA(+),6,DeePaC-vir; DeepHoF; EvoMIL; HTP; RNAVirHost; UniVH,Host-taxon classification; Human-infectivity prediction; Virus–host association scoring,H; N; S,Endornaviridae
Kitaviridae,Martellivirales,ssRNA(+),4,DeePaC-vir; DeepHoF; RNAVirHost; UniVH,Host-taxon classification; Human-infectivity prediction; Virus–host association scoring,H; N; S,Kitaviridae
Mayoviridae,Martellivirales,ssRNA(+),7,DeePaC-vir; DeepHoF; EvoMIL; HTP; RNAVirHost; UniVH; VirHostPRED,Host-taxon classification; Human-infectivity prediction; Virus–host association scoring,H; N; P; S,Mayoviridae
Tobaliviridae,Martellivirales,ssRNA(+),1,DeepHoF,Host-taxon classification,N,Tobaliviridae
Togaviridae,Martellivirales,ssRNA(+),10,DeePaC-vir; DeepHoF; EvoMIL; HTP; MosViR; RNAVirHost; UniVH; VirHostPRED; ViralHostPredictor; zoonotic rank,Host-taxon classification; Human-infectivity prediction; Reservoir or vector prediction; Virus–host association scoring,H; N; P; S,Togaviridae
Virgaviridae,Martellivirales,ssRNA(+),9,DeePaC-vir; DeepHoF; EvoMIL; HTP; MosViR; RNAVirHost; SPHAK; UniVH; VirHostPRED,Host-taxon classification; Human-infectivity prediction; Reservoir or vector prediction; Spillover-risk prioritization; Virus–host association scoring,H; N; P; S,Virgaviridae
Sputniviroviridae,Mividavirales,dsDNA,3,DeePaC-vir; DeepHoF; VPF-Class,Host-taxon classification; Human-infectivity prediction,N; S; V,Sputnikvirus; Sputniviroviridae
Artoviridae,Mononegavirales,ssRNA(-),4,DeePaC-vir; DeepHoF; RNAVirHost; UniVH,Host-taxon classification; Human-infectivity prediction; Virus–host association scoring,H; N; S,Artoviridae
Bornaviridae,Mononegavirales,ssRNA(-),7,DeePaC-vir; DeepHoF; EvoMIL; HTP; RNAVirHost; UniVH; zoonotic rank,Host-taxon classification; Human-infectivity prediction; Virus–host association scoring,H; N; S,Bornaviridae
Filoviridae,Mononegavirales,ssRNA(-),9,DeePaC-vir; DeepHoF; EvoMIL; HTP; RNAVirHost; UniVH; VirHostPRED; ViralHostPredictor; zoonotic rank,Host-taxon classification; Human-infectivity prediction; Reservoir or vector prediction; Virus–host association scoring,H; N; P; S,Filoviridae
Lispiviridae,Mononegavirales,ssRNA(-),5,DeePaC-vir; DeepHoF; RNAVirHost; UniVH; VirHostPRED,Host-taxon classification; Human-infectivity prediction; Virus–host association scoring,H; N; P; S,Lispiviridae
Mymonaviridae,Mononegavirales,ssRNA(-),6,DeePaC-vir; DeepHoF; HTP; RNAVirHost; UniVH; VirHostPRED,Host-taxon classification; Human-infectivity prediction; Virus–host association scoring,H; N; P; S,Mymonaviridae
Nyamiviridae,Mononegavirales,ssRNA(-),7,DeePaC-vir; DeepHoF; EvoMIL; HTP; RNAVirHost; UniVH; VirHostPRED,Host-taxon classification; Human-infectivity prediction; Virus–host association scoring,H; N; P; S,Nyamiviridae
Paramyxoviridae,Mononegavirales,ssRNA(-),11,DeePaC-vir; DeepHoF; EvoMIL; HTP; MENB; RNAVirHost; SPHAK; UniVH; VirHostPRED; ViralHostPredictor; zoonotic rank,Host-taxon classification; Human-infectivity prediction; Reservoir or vector prediction; Spillover-risk prioritization; Virus–host association scoring,H; N; P; S,Paramyxoviridae
Pneumoviridae,Mononegavirales,ssRNA(-),9,DeePaC-vir; DeepHoF; EvoMIL; HTP; RNAVirHost; SPHAK; UniVH; ViralHostPredictor; zoonotic rank,Host-taxon classification; Human-infectivity prediction; Reservoir or vector prediction; Spillover-risk prioritization; Virus–host association scoring,H; N; P; S,Pneumoviridae
Rhabdoviridae,Mononegavirales,ssRNA(-),13,DeePaC-vir; DeepHoF; EvoMIL; HTP; HostNet; MENB; MosViR; RNAVirHost; UniVH; VIDHOP; VirHostPRED; ViralHostPredictor; zoonotic rank,Host-taxon classification; Human-infectivity prediction; Reservoir or vector prediction; Virus–host association scoring,H; N; P; S,Rabies lyssavirus task dataset; Rabies species-level task dataset; Rhabdoviridae
Sunviridae,Mononegavirales,ssRNA(-),6,DeePaC-vir; DeepHoF; HTP; RNAVirHost; ViralHostPredictor; zoonotic rank,Host-taxon classification; Human-infectivity prediction; Reservoir or vector prediction,N; S,Sunviridae
Xinmoviridae,Mononegavirales,ssRNA(-),5,DeePaC-vir; DeepHoF; MosViR; RNAVirHost; UniVH,Host-taxon classification; Human-infectivity prediction; Reservoir or vector prediction; Virus–host association scoring,H; N; S,Xinmoviridae
Amesuviridae,Mulpavirales,ssDNA(+/-),2,DeePaC-vir; DeepHoF,Host-taxon classification; Human-infectivity prediction,N; S,Amesuviridae
Anicreviridae,Mulpavirales,ssDNA(+/-),2,DeePaC-vir; DeepHoF,Host-taxon classification; Human-infectivity prediction,N; S,Anicreviridae
Metaxyviridae,Mulpavirales,ssDNA(+),1,DeepHoF,Host-taxon classification,N,Metaxyviridae
Nanoviridae,Mulpavirales,ssDNA(+),6,DeePaC-vir; DeepHoF; EvoMIL; HTP; SPHAK; VPF-Class,Host-taxon classification; Human-infectivity prediction; Spillover-risk prioritization; Virus–host association scoring,H; N; P; S; V,Babuvirus; Nanoviridae; Nanovirus; Nanoviridae
Qinviridae,Muvirales,ssRNA(-),2,DeepHoF; RNAVirHost,Host-taxon classification,N,Qinviridae
Aspiviridae,Naedrevirales,ssRNA(-),6,DeePaC-vir; DeepHoF; EvoMIL; HTP; MosViR; RNAVirHost,Host-taxon classification; Human-infectivity prediction; Reservoir or vector prediction; Virus–host association scoring,H; N; S,Aspiviridae
Arteriviridae,Nidovirales,ssRNA(+),8,DeePaC-vir; DeepHoF; EvoMIL; HTP; MENB; RNAVirHost; UniVH; zoonotic rank,Host-taxon classification; Human-infectivity prediction; Virus–host association scoring,H; N; S,Arteriviridae
Coronaviridae,Nidovirales,ssRNA(+),12,DeePaC-vir; DeepHoF; EvoMIL; GIVAL; HTP; MENB; RNAVirHost; SPHAK; UniVH; VirHostPRED; ViralHostPredictor; zoonotic rank,Host-adaptation scoring; Host-taxon classification; Human-infectivity prediction; Reservoir or vector prediction; Spillover-risk prioritization; Virus–host association scoring,H; N; P; S,Coronaviridae; coronavirus downstream dataset
Cremegaviridae,Nidovirales,ssRNA(+),2,RNAVirHost; UniVH,Host-taxon classification; Virus–host association scoring,H; N,Cremegaviridae
Euroniviridae,Nidovirales,ssRNA(+),2,DeepHoF; RNAVirHost,Host-taxon classification,N,Euroniviridae
Gresnaviridae,Nidovirales,ssRNA(+),1,RNAVirHost,Host-taxon classification,N,Gresnaviridae
Medioniviridae,Nidovirales,ssRNA(+),1,DeepHoF,Host-taxon classification,N,Medioniviridae
Mesoniviridae,Nidovirales,ssRNA(+),8,DeePaC-vir; DeepHoF; EvoMIL; HTP; MosViR; RNAVirHost; UniVH; VirHostPRED,Host-taxon classification; Human-infectivity prediction; Reservoir or vector prediction; Virus–host association scoring,H; N; P; S,Mesoniviridae
Mononiviridae,Nidovirales,ssRNA(+),2,DeePaC-vir; RNAVirHost,Host-taxon classification; Human-infectivity prediction,N; S,Mononiviridae
Olifoviridae,Nidovirales,ssRNA(+),1,RNAVirHost,Host-taxon classification,N,Olifoviridae
Roniviridae,Nidovirales,ssRNA(+),6,DeePaC-vir; DeepHoF; HTP; RNAVirHost; UniVH; VirHostPRED,Host-taxon classification; Human-infectivity prediction; Virus–host association scoring,H; N; P; S,Roniviridae
Tobaniviridae,Nidovirales,ssRNA(+),7,DeePaC-vir; DeepHoF; EvoMIL; RNAVirHost; UniVH; ViralHostPredictor; zoonotic rank,Host-taxon classification; Human-infectivity prediction; Reservoir or vector prediction; Virus–host association scoring,H; N; S,Tobaniviridae
Alphasatellitidae,No official ICTV order assignment,ssDNA; ssDNA(+); ssDNA(+/-),3,DeepHoF; EvoMIL; VirHostPRED,Host-taxon classification; Human-infectivity prediction; Virus–host association scoring,H; N; P,Alphasatellitidae
Birnaviridae,No official ICTV order assignment,dsRNA,7,DeePaC-vir; DeepHoF; EvoMIL; HTP; MosViR; UniVH; zoonotic rank,Host-taxon classification; Human-infectivity prediction; Reservoir or vector prediction; Virus–host association scoring,H; N; S,Birnaviridae
Kolmioviridae,No official ICTV order assignment,ssRNA(-),3,DeePaC-vir; DeepHoF; EvoMIL,Host-taxon classification; Human-infectivity prediction; Virus–host association scoring,H; N; S,Kolmioviridae
Nimaviridae,No official ICTV order assignment,dsDNA,3,DeePaC-vir; DeepHoF; VPF-Class,Host-taxon classification; Human-infectivity prediction,N; S; V,Nimaviridae; Nimaviridae; Whispovirus
Permutotetraviridae,No official ICTV order assignment,ssRNA(+),4,DeePaC-vir; DeepHoF; MosViR; UniVH,Host-taxon classification; Human-infectivity prediction; Reservoir or vector prediction; Virus–host association scoring,H; N; S,Permutotetraviridae
Polydnaviriformidae,No official ICTV order assignment,dsDNA,5,DeePaC-vir; DeepHoF; HTP; VPF-Class; VirHostPRED,Host-taxon classification; Human-infectivity prediction,N; P; S; V,Polydnaviridae; Polydnaviriformidae
Pospiviroidae,No official ICTV order assignment,ssRNA,1,EvoMIL,Virus–host association scoring,H,Pospiviroidae
Tolecusatellitidae,No official ICTV order assignment,ssDNA; ssDNA(+/-); ssDNA(-),4,DeepHoF; EvoMIL; HTP; VirHostPRED,Host-taxon classification; Human-infectivity prediction; Virus–host association scoring,H; N; P,Tolecusatellitidae
Tonesaviridae,No official ICTV order assignment,ssRNA(+),3,DeepHoF; EvoMIL; UniVH,Host-taxon classification; Virus–host association scoring,H; N,Tonesaviridae
Yaraviridae,No official ICTV order assignment,dsDNA,1,VirHostPRED,Human-infectivity prediction,P,Yaraviridae
Nodaviridae,Nodamuvirales,ssRNA(+),7,DeePaC-vir; DeepHoF; EvoMIL; HTP; MosViR; RNAVirHost; UniVH,Host-taxon classification; Human-infectivity prediction; Reservoir or vector prediction; Virus–host association scoring,H; N; S,Nodaviridae
Sinhaliviridae,Nodamuvirales,ssRNA(+),5,DeePaC-vir; DeepHoF; HTP; RNAVirHost; UniVH,Host-taxon classification; Human-infectivity prediction; Virus–host association scoring,H; N; S,Sinhaliviridae
Caulimoviridae,Ortervirales,dsDNA; dsDNA-RT,7,DeePaC-vir; DeepHoF; EvoMIL; HTP; RNAVirHost; VPF-Class; VirHostPRED,Host-taxon classification; Human-infectivity prediction; Virus–host association scoring,H; N; P; S; V,Badnavirus; Caulimoviridae; Caulimovirus; Soymovirus; Tungrovirus; Caulimoviridae
Metaviridae,Ortervirales,ssRNA-RT,3,DeePaC-vir; DeepHoF; UniVH,Host-taxon classification; Human-infectivity prediction; Virus–host association scoring,H; N; S,Metaviridae
Retroviridae,Ortervirales,ssRNA-RT,10,DeePaC-vir; DeepHoF; EvoMIL; HTP; RNAVirHost; SPHAK; UniVH; VPF-Class; VirHostPRED; zoonotic rank,Host-taxon classification; Human-infectivity prediction; Spillover-risk prioritization; Virus–host association scoring,H; N; P; S; V,Deltaretrovirus; Lentivirus; Retroviridae; Retroviridae
Botourmiaviridae,Ourlivirales,ssRNA(+),5,DeePaC-vir; DeepHoF; EvoMIL; RNAVirHost; UniVH,Host-taxon classification; Human-infectivity prediction; Virus–host association scoring,H; N; S,Botourmiaviridae
Ourmiaviridae,Ourlivirales,ssRNA(+),4,DeepHoF; EvoMIL; HTP; UniVH,Host-taxon classification; Virus–host association scoring,H; N,Ourmiaviridae
Rhizouliviridae,Ourlivirales,ssRNA(+),1,UniVH,Virus–host association scoring,H,Rhizouliviridae
Potyviridae,Patatavirales,ssRNA(+),8,DeePaC-vir; DeepHoF; EvoMIL; HTP; RNAVirHost; SPHAK; UniVH; VirHostPRED,Host-taxon classification; Human-infectivity prediction; Spillover-risk prioritization; Virus–host association scoring,H; N; P; S,Potyviridae
Parvoviridae,Piccovirales,ssDNA; ssDNA(+/-),9,DeePaC-vir; DeepHoF; EvoMIL; HTP; MosViR; SPHAK; VPF-Class; VirHostPRED; zoonotic rank,Host-taxon classification; Human-infectivity prediction; Reservoir or vector prediction; Spillover-risk prioritization; Virus–host association scoring,H; N; P; S; V,Bocaparvovirus; Iteradensovirus; Parvoviridae; Parvoviridae
Caliciviridae,Picornavirales,ssRNA(+),11,DeePaC-vir; DeepHoF; EvoMIL; HTP; MENB; RNAVirHost; SPHAK; UniVH; VirHostPRED; ViralHostPredictor; zoonotic rank,Host-taxon classification; Human-infectivity prediction; Reservoir or vector prediction; Spillover-risk prioritization; Virus–host association scoring,H; N; P; S,Caliciviridae
Dicistroviridae,Picornavirales,ssRNA(+),6,DeePaC-vir; DeepHoF; HTP; MosViR; RNAVirHost; UniVH,Host-taxon classification; Human-infectivity prediction; Reservoir or vector prediction; Virus–host association scoring,H; N; S,Dicistroviridae
Iflaviridae,Picornavirales,ssRNA(+),7,DeePaC-vir; DeepHoF; EvoMIL; HTP; MosViR; RNAVirHost; UniVH,Host-taxon classification; Human-infectivity prediction; Reservoir or vector prediction; Virus–host association scoring,H; N; S,Iflaviridae
Marnaviridae,Picornavirales,ssRNA(+),3,DeePaC-vir; DeepHoF; RNAVirHost,Host-taxon classification; Human-infectivity prediction,N; S,Marnaviridae
Picornaviridae,Picornavirales,ssRNA(+),10,DeePaC-vir; DeepHoF; EvoMIL; HTP; MENB; RNAVirHost; UniVH; VirHostPRED; ViralHostPredictor; zoonotic rank,Host-taxon classification; Human-infectivity prediction; Reservoir or vector prediction; Virus–host association scoring,H; N; P; S,Picornaviridae
Polycipiviridae,Picornavirales,ssRNA(+),5,DeePaC-vir; DeepHoF; RNAVirHost; UniVH; VirHostPRED,Host-taxon classification; Human-infectivity prediction; Virus–host association scoring,H; N; P; S,Polycipiviridae
Secoviridae,Picornavirales,ssRNA(+),7,DeePaC-vir; DeepHoF; EvoMIL; HTP; RNAVirHost; UniVH; VirHostPRED,Host-taxon classification; Human-infectivity prediction; Virus–host association scoring,H; N; P; S,Secoviridae
Solinviviridae,Picornavirales,ssRNA(+),5,DeePaC-vir; DeepHoF; HTP; RNAVirHost; UniVH,Host-taxon classification; Human-infectivity prediction; Virus–host association scoring,H; N; S,Solinviviridae
Ascoviridae,Pimascovirales,dsDNA,4,DeePaC-vir; DeepHoF; VPF-Class; VirHostPRED,Host-taxon classification; Human-infectivity prediction,N; P; S; V,Ascoviridae; Ascoviridae; Ascovirus
Iridoviridae,Pimascovirales,dsDNA,6,DeePaC-vir; DeepHoF; HTP; MosViR; VPF-Class; VirHostPRED,Host-taxon classification; Human-infectivity prediction; Reservoir or vector prediction,N; P; S; V,Chloriridovirus; Iridoviridae; Iridovirus; Lymphocystivirus; Megalocytivirus; Ranavirus; Iridoviridae
Marseilleviridae,Pimascovirales,dsDNA,5,DeePaC-vir; DeepHoF; EvoMIL; VPF-Class; VirHostPRED,Host-taxon classification; Human-infectivity prediction; Virus–host association scoring,H; N; P; S; V,Marseilleviridae; Marseilleviridae; Marseillevirus
Orpheoviridae,Pimascovirales,dsDNA,1,DeepHoF,Host-taxon classification,N,Orpheoviridae
Pithoviridae,Pimascovirales,dsDNA,4,DeePaC-vir; DeepHoF; VPF-Class; VirHostPRED,Host-taxon classification; Human-infectivity prediction,N; P; S; V,Pithoviridae
Bidnaviridae,Polivirales,ssDNA(+/-),3,DeePaC-vir; DeepHoF; VPF-Class,Host-taxon classification; Human-infectivity prediction,N; S; V,Bidensovirus; Bidnaviridae; Bidnaviridae
Redondoviridae,Recrevirales,ssDNA(+/-),2,EvoMIL; VirHostPRED,Human-infectivity prediction; Virus–host association scoring,H; P,Redondoviridae
Sedoreoviridae,Reovirales,dsRNA,10,DeePaC-vir; DeepHoF; EvoMIL; HTP; MosViR; RNAVirHost; UniVH; VIDHOP; VirHostPRED; zoonotic rank,Host-taxon classification; Human-infectivity prediction; Reservoir or vector prediction; Virus–host association scoring,H; N; P; S,Rotavirus species-level task dataset; Sedoreoviridae
Spinareoviridae,Reovirales,dsRNA,9,DeePaC-vir; DeepHoF; EvoMIL; HTP; MosViR; RNAVirHost; UniVH; VirHostPRED; zoonotic rank,Host-taxon classification; Human-infectivity prediction; Reservoir or vector prediction; Virus–host association scoring,H; N; P; S,Spinareoviridae
Pecoviridae,Ringavirales,ssDNA(+/-),3,DeepHoF; EvoMIL; VirHostPRED,Host-taxon classification; Human-infectivity prediction; Virus–host association scoring,H; N; P,Pecoviridae
Adamaviridae,Rohanvirales,ssDNA(+/-),2,DeePaC-vir; DeepHoF,Host-taxon classification; Human-infectivity prediction,N; S,Adamaviridae
Kirkoviridae,Rohanvirales,ssDNA(+/-),3,DeepHoF; EvoMIL; VirHostPRED,Host-taxon classification; Human-infectivity prediction; Virus–host association scoring,H; N; P,Kirkoviridae
Nenyaviridae,Rohanvirales,ssDNA(+),2,DeePaC-vir; DeepHoF,Host-taxon classification; Human-infectivity prediction,N; S,Nenyaviridae
Adenoviridae,Rowavirales,dsDNA,8,DeePaC-vir; DeepHoF; EvoMIL; HTP; SPHAK; VPF-Class; VirHostPRED; zoonotic rank,Host-taxon classification; Human-infectivity prediction; Spillover-risk prioritization; Virus–host association scoring,H; N; P; S; V,Adenoviridae; Adenoviridae; Aviadenovirus; Mastadenovirus; Siadenovirus
Anelloviridae,Sanitavirales,ssDNA(+/-); ssDNA(-),8,DeePaC-vir; DeepHoF; EvoMIL; HTP; MosViR; SPHAK; VPF-Class; VirHostPRED,Host-taxon classification; Human-infectivity prediction; Reservoir or vector prediction; Spillover-risk prioritization; Virus–host association scoring,H; N; P; S; V,Alphatorquevirus; Anelloviridae; Betatorquevirus; Gammatorquevirus; Gyrovirus; Iotatorquevirus; Lambdatorquevirus; Thetatorquevirus; Anelloviridae
Kanorauviridae,Saturnivirales,ssDNA(+/-),2,DeePaC-vir; DeepHoF,Host-taxon classification; Human-infectivity prediction,N; S,Kanorauviridae
Mahapunaviridae,Saturnivirales,ssDNA(+/-),2,DeePaC-vir; DeepHoF,Host-taxon classification; Human-infectivity prediction,N; S,Mahapunaviridae
Polyomaviridae,Sepolyvirales,dsDNA,8,DeePaC-vir; DeepHoF; EvoMIL; HTP; SPHAK; VPF-Class; VirHostPRED; zoonotic rank,Host-taxon classification; Human-infectivity prediction; Spillover-risk prioritization; Virus–host association scoring,H; N; P; S; V,Betapolyomavirus; Gammapolyomavirus; Polyomaviridae; Polyomaviridae
Alvernaviridae,Sobelivirales,ssRNA(+),2,DeePaC-vir; DeepHoF,Host-taxon classification; Human-infectivity prediction,N; S,Alvernaviridae
Barnaviridae,Sobelivirales,ssRNA(+),2,DeePaC-vir; DeepHoF,Host-taxon classification; Human-infectivity prediction,N; S,Barnaviridae
Solemoviridae,Sobelivirales,ssRNA(+),7,DeePaC-vir; DeepHoF; EvoMIL; HTP; RNAVirHost; UniVH; VirHostPRED,Host-taxon classification; Human-infectivity prediction; Virus–host association scoring,H; N; P; S,Solemoviridae
Astroviridae,Stellavirales,ssRNA(+),11,DeePaC-vir; DeepHoF; EvoMIL; HTP; MosViR; RNAVirHost; SPHAK; UniVH; VirHostPRED; ViralHostPredictor; zoonotic rank,Host-taxon classification; Human-infectivity prediction; Reservoir or vector prediction; Spillover-risk prioritization; Virus–host association scoring,H; N; P; S,Astroviridae
Ambiguiviridae,Tolivirales,ssRNA(+),3,DeePaC-vir; DeepHoF; UniVH,Host-taxon classification; Human-infectivity prediction; Virus–host association scoring,H; N; S,Ambiguiviridae
Carmotetraviridae,Tolivirales,ssRNA(+),4,DeePaC-vir; DeepHoF; RNAVirHost; UniVH,Host-taxon classification; Human-infectivity prediction; Virus–host association scoring,H; N; S,Carmotetraviridae
Tombusviridae,Tolivirales,ssRNA(+),8,DeePaC-vir; DeepHoF; EvoMIL; HTP; MosViR; RNAVirHost; UniVH; VirHostPRED,Host-taxon classification; Human-infectivity prediction; Reservoir or vector prediction; Virus–host association scoring,H; N; P; S,Tombusviridae
Pamosaviridae,Tombendovirales,ssRNA(+),1,DeepHoF,Host-taxon classification,N,Pamosaviridae
Tomosaviridae,Tombendovirales,ssRNA(+),2,DeepHoF; EvoMIL,Host-taxon classification; Virus–host association scoring,H; N,Tomosaviridae
Alphaflexiviridae,Tymovirales,ssRNA(+),7,DeePaC-vir; DeepHoF; EvoMIL; HTP; RNAVirHost; UniVH; VirHostPRED,Host-taxon classification; Human-infectivity prediction; Virus–host association scoring,H; N; P; S,Alphaflexiviridae
Betaflexiviridae,Tymovirales,ssRNA(+),7,DeePaC-vir; DeepHoF; EvoMIL; HTP; RNAVirHost; UniVH; VirHostPRED,Host-taxon classification; Human-infectivity prediction; Virus–host association scoring,H; N; P; S,Betaflexiviridae
Deltaflexiviridae,Tymovirales,ssRNA(+),5,DeePaC-vir; DeepHoF; EvoMIL; RNAVirHost; UniVH,Host-taxon classification; Human-infectivity prediction; Virus–host association scoring,H; N; S,Deltaflexiviridae
Gammaflexiviridae,Tymovirales,ssRNA(+),4,DeePaC-vir; DeepHoF; HTP; RNAVirHost,Host-taxon classification; Human-infectivity prediction,N; S,Gammaflexiviridae
Tymoviridae,Tymovirales,ssDNA(+/-); ssRNA(+),7,DeePaC-vir; DeepHoF; EvoMIL; HTP; MosViR; RNAVirHost; UniVH,Host-taxon classification; Human-infectivity prediction; Reservoir or vector prediction; Virus–host association scoring,H; N; S,Tymoviridae
Narnaviridae,Wolframvirales,ssRNA(+),6,DeePaC-vir; DeepHoF; HTP; MosViR; RNAVirHost; UniVH,Host-taxon classification; Human-infectivity prediction; Reservoir or vector prediction; Virus–host association scoring,H; N; S,Narnaviridae
Splipalmiviridae,Wolframvirales,ssRNA(+),1,UniVH,Virus–host association scoring,H,Splipalmiviridae
Hadakaviridae,Xenadelphovirales,ssRNA(+),1,UniVH,Virus–host association scoring,H,Hadakaviridae
Polymycoviridae,Xenadelphovirales,dsRNA,3,DeePaC-vir; DeepHoF; UniVH,Host-taxon classification; Human-infectivity prediction; Virus–host association scoring,H; N; S,Polymycoviridae
Yadokariviridae,Yadokarivirales,ssRNA(+),3,DeePaC-vir; DeepHoF; RNAVirHost,Host-taxon classification; Human-infectivity prediction,N; S,Yadokariviridae
Papillomaviridae,Zurhausenvirales,dsDNA,8,DeePaC-vir; DeepHoF; EvoMIL; HTP; SPHAK; VPF-Class; VirHostPRED; zoonotic rank,Host-taxon classification; Human-infectivity prediction; Spillover-risk prioritization; Virus–host association scoring,H; N; P; S; V,Alphapapillomavirus; Betapapillomavirus; Deltapapillomavirus; Dyoiotapapillomavirus; Dyonupapillomavirus; Kappapapillomavirus; Papillomaviridae; Pipapillomavirus; Rhopapillomavirus; Papillomaviridae
