Tool,Prediction target,Dataset scope,Dataset size,Source file and field extracted,Counting unit,Input molecule,Distinct labels recomputed,Host records on figure,Categories populated (of 50),Extraction notes
DeepHoF,A — Host-taxon classification,Complete labelled release (train + test),"61,684 genome records","41598_2021_96903_MOESM5_ESM.xlsx (train_genome_info + test_genome_info sheets, Host column, 61,684 total genome records)",Sequence-level (one record per isolate),Nucleotide sequence,6,"54,929",5,"human/non-human vertebrate mutually exclusive (human wins); invertebrate/plant/germ each counted independently of every other tag (incl. human) -- up to 4 of 5 categories can include the same record, 5,256 of 61,684 records counted 2-3x. See Potential_double_count in label_categories.csv. germ is DeepHoF's residual microbial class (11,529 of 12,020 records are viruses of bacteria or archaea, 491 of fungi, protists and algae -- see scripts/resolve_germ.py) and is excluded as non-eukaryotic.  One record can fall in more than one category; column marked * on the figure and totals are not deduplicated."
RNAVirHost,A — Host-taxon classification,Complete labelled release,"14,500 sequence records","virus_label(1).csv (14,500 rows), y|host name column (finer species-level resolution than the y|L1/y|L2/y|host class columns the original harmonization used)",Sequence-level (one record per isolate),Nucleotide sequence,2497,"17,063",41,"y|host name lists ALL reported host species per virus record -- ~940/14,500 records (6.5%) name more than one host, so this table has 17063 species mentions from 14456 eukaryotic-host records. Counting_unit is ""virus-host species association"" (same unit EvoMIL already uses), not ""sequence/isolate record"" -- do not sum this column expecting 14,500. Bacteria (EXCL, 44 records) kept as its own unexploded row, unchanged.  One record can fall in more than one category; column marked * on the figure and totals are not deduplicated."
Host Taxon Predictor,A — Host-taxon classification,Complete labelled release,"5,282 sequence records","all_viruses_with_desired_attributes.dump (5,282 records), host + host_lineage fields (finer resolution than the 4 keyword-presence experimental-binary flags the original harmonization derived from host_lineage)",Sequence-level (one record per isolate),Nucleotide sequence,1218,"4,063",48,"host_lineage classified via Bacteria/Archaea presence for the Prokaryote/Archaea split; host field cleaned (demographic annotations after ';', parenthetical common names, 'sp.' placeholders stripped) for species identity. Prokaryote/Archaea (1219 records) kept as its own unexploded row, unchanged from the original count."
MENB,A — Host-taxon classification,Training corpus (what the study itself reports),"3,600 train sequences","msaf127_supplementary_data.pdf, Supplementary Figure 1A (per-strain train/test table, transcribed from rendered PDF page 3) -- TRAIN counts only, this IS what the article itself headlines as its dataset",Sequence-level (one record per isolate),Nucleotide sequence,3,"3,600",3,"Re-derived from the article's OWN supplementary dataset-composition figure. Every host-family cell in Suppl. Fig. 1A sums to exactly 300 training sequences; x4 families = 1200 train sequences per host, identical for Human/Avian/Swine."
UniVH,B — Species-level or virus-specific host association,Complete labelled release,"81,874 accession-pair rows","dataset.csv (81,874 accession-pair rows), deduped by host.species.name -> 525-species candidate pool; host.order/host.class/host.kingdom columns",Deduplicated species pool,Mixed nt + protein,15,736,15,"Counting_unit is species, not accession-pair rows -- do not sum this column expecting 81,874. The dataset.csv file also carries its own 'dataset' column (train=77,561/val=2,633/test=1,680, unused -- see DATASET_SCOPE)."
EvoMIL,B — Species-level or virus-specific host association,Complete labelled release,"3,869 virus-host associations","journal.pcbi.1012597.s002_converted.xlsx, sheet Table_S2 (36 host rows, Number of viruses column)",Virus-taxon-level (one record per virus species),Protein sequence,18,"3,869",18,File uses strict-OOXML conformance which openpyxl/pandas can't read directly; the version in raw_sources/EvoMIL/ was already converted via LibreOffice headless.
HostNet,B — Species-level or virus-specific host association,"Rabies, VIPHOD — Complete labelled release (train + test); Flavivirus — Complete labelled release","21,311 sequence records (Rabies/VIPHOD + Flavivirus combined)","Rabies, VIPHOD — VIDHOP/small_paper_version_Rabies_strict Y_train.csv + Y_test.csv ONLY (val split excluded -- matches original exactly only when val is excluded; same underlying source as VIDHOP's own Rabies_strict split)  ||  Flavivirus — flavivirus.csv (9,626 rows), Y2_subVector column",Sequence-level (one record per isolate),Nucleotide sequence,20,"21,311",17,"Rabies, VIPHOD — 17 species, total 11685 -- MATCHES original exactly (11,685) when only train+test are summed (adding val gives 12,025, +20 per species, which does NOT match -- val is genuinely excluded from HostNet's own reported counts).  Carries vector-axis records; the cells concerned are marked V."
VIDHOP,B — Species-level or virus-specific host association,Complete labelled release (train + val + test),"263,962 sequence records",Y_train/Y_val/Y_test.csv summed across Influ_strict + Rabies_strict + Rota_strict (all 3 splits),Sequence-level (one record per isolate),Nucleotide sequence,51,"263,962",22,"51 species, grand total 263962 -- MATCHES original exactly (263,962); top values (Homo sapiens 136031, Sus scrofa 42440, Gallus gallus 27229...) all match."
ViralHostPredictor,C — Reservoir or vector prediction,Complete labelled release,536 virus records,"BabayanEtAl_VirusData.csv (536 rows), Reservoir + Vector columns",Virus-taxon-level (one record per virus species),Nucleotide sequence,35,674,14,Carries vector-axis records; the cells concerned are marked V.
VirHostPRED,D — Human-infectivity prediction,Complete labelled release,"4,254 sequence records",reps70.fasta (positive class) + random_dataset_1.fasta (negative class),Sequence-level (one record per isolate),Protein sequence,2,"4,254",2,"reps70.fasta: CD-HIT clustered at 70% identity from an initial ~5,200-sequence NCBI RefSeq pool (positive/human-infecting class, Host=taxid 9606). random_dataset_1.fasta: randomly undersampled with a fixed seed from a 10,635-sequence pool to match the positive class size (negative/non-human class, Host!=taxid 9606) -- per the article's own Table S1/S2 (see manual_downloads/VirHostPRED/41598_2026_37765_MOESM3_ESM.docx, MOESM4_ESM.docx)."
Zoonotic rank,D — Human-infectivity prediction,Complete labelled release,"1,258 pathogen records","AllInternalData_Checked.csv (1,258 records), Reservoir column",Virus-taxon-level (one record per virus species),Nucleotide sequence,16,914,14,"Confirmed this project's own dataset-scope audit: the tool's Makefile runs SelectHoldoutData.R with --holdoutProportion 0 (""Holdout not currently used -- not enough data""), so this file is the tool's complete dataset, not a train-only slice of something fuller."
GIVAL,E — Host-adaptation scoring,Complete labelled release,"121,753 sequence records","df_AIV_before_sample.csv (121,753 sequences), host column",Sequence-level (one record per isolate),Protein sequence,27,"121,532",13,"'Mammal (unspecified)' (1199 records) further resolved by parsing the host token out of record_id (A/<host>/<location>/<strain>/<year>, standard influenza strain naming) -- the df_AIV_before_sample.csv host column itself has no finer resolution, but record_id does. Canine/Equine match the committed counts_per_tool_v2 file exactly."
SPHAK,F — Spillover-risk prioritization,Training corpus (what the study itself reports),"13,570 training sequences","animal_train.csv + plant_train.csv, Host column (finer species-level resolution than the Host_agg column the original harmonization used for animals, and than the plain row-count-only treatment it used for plants)",Sequence-level (one record per isolate),Protein sequence,631,"13,570",36,"260 animal species + 371 plant species, 13570 records total (10094 animal + 3476 plant). Host->Host_agg is a clean 1:1 mapping in both files, no ambiguity."
DeePaC-vir,D — Human-infectivity prediction,Complete labelled release (train + val + test),"9,496 virus records","VHDB_1_folds_human.rds + VHDB_1_folds_all_nhuman.rds (Zenodo 10.5281/zenodo.4312525), host.name column, 9,496 Virus-Host DB records (1,309 human, 8,187 non-human)",Virus-taxon-level (one record per virus species),Nucleotide sequence,2284,"6,424",48,"Species-level host names released under a binary human/non-human model, as HostClassifier also does. The nested eukarya/metazoa/chordata negative sets in the same deposit are subsets of all_nhuman and are not read, to avoid counting the same virus more than once. The study's own train/val/test split (fold1) is combined, as for every other tool with a released split. Not matched against original_reported_labels.xlsx: this tool entered the review through citation searching, after that workbook was curated."
MosViR,C — Reservoir or vector prediction,Complete labelled release,"27,002 source viral sequences","mosquito_500.fasta.xz + arboviruses_500bp.fasta.xz (Zenodo 10.5281/zenodo.10975789), 500 bp fragments collapsed to 27,002 source sequences",Sequence-level (one record per isolate),Nucleotide sequence,2,"27,002",2,"Host-range classes, not host taxa: a mosquito-specific virus replicates only in mosquito cells, an arbovirus in the mosquito vector and a vertebrate host. The 500 bp set is used because a short sequence appears in no longer fragment set, and fragments are collapsed to their source sequence. The third released class, `other viruses` (620,553 source sequences), is the not-mosquito-associated background for the first classification step; it is not counted, because it asserts no host and its accessions cannot be resolved to check it against the review's eukaryotic scope. Identifiers throughout the release are truncated accessions, so these records carry no resolvable viral taxonomy. Not matched against original_reported_labels.xlsx: this tool entered the review through citation searching, after that workbook was curated."
VPF-Class,A — Host-taxon classification,Complete labelled release,"19,056 protein-family profiles","VPF_Class/2019_VPF_GenHost_REclassification_new.tsv, genus-level host reclassification filtered to membership ratio >=50% (the cut above which a profile can satisfy only one genus, so each of the 12,253 profiles is counted once)",Protein-family profile (NOT a virus; not comparable with the counts above),Protein sequence,13,"1,995",6,"COUNTING UNIT IS A PROTEIN-FAMILY PROFILE, NOT A VIRUS. The release classifies viral protein families, not viruses; a profile spans many viruses and a virus contributes many profiles, so these counts are not comparable with any record count elsewhere in this review. The tool entered the review through citation searching and has no rows in original_reported_labels.xlsx to match against. See scripts/assess_vpf_class.py and DECISIONS.md entry 11."
