Current_ICTV_family,ICTV_version,Realm,Subrealm,Kingdom,Subkingdom,Phylum,Subphylum,Class,Subclass,Order,Suborder,Genome,Genome_class,Species_count,Previous_family_names,Source_workbook,Source_sheet,Source_row_first,Source_row_last
Abyssoviridae,ICTV 2026 (MSL41.v1),Riboviria,,Orthornavirae,,Pisuviricota,,Pisoniviricetes,,Nidovirales,Abnidovirineae,ssRNA(+),RNA,1,,ICTV_MSL41.v1_reference.xlsx,MSL,15039,15039
Ackermannviridae,ICTV 2026 (MSL41.v1),Duplodnaviria,,Heunggongvirae,,Uroviricota,,Caudoviricetes,,Pantevenvirales,,dsDNA,DNA,63,,ICTV_MSL41.v1_reference.xlsx,MSL,1353,1415
Adamaviridae,ICTV 2026 (MSL41.v1),Floreoviria,,Shotokuvirae,,Cressdnaviricota,,Arfiviricetes,,Rohanvirales,,ssDNA(+/-),DNA,22,,ICTV_MSL41.v1_reference.xlsx,MSL,8031,8052
Adenoviridae,ICTV 2026 (MSL41.v1),Varidnaviria,,Bamfordvirae,,Preplasmiviricota,Polisuviricotina,Pharingeaviricetes,,Rowavirales,,dsDNA,DNA,145,,ICTV_MSL41.v1_reference.xlsx,MSL,16738,16882
Aggregaviridae,ICTV 2026 (MSL41.v1),Duplodnaviria,,Heunggongvirae,,Uroviricota,,Caudoviricetes,,,,dsDNA,DNA,1,,ICTV_MSL41.v1_reference.xlsx,MSL,1729,1729
Ahmunviridae,ICTV 2026 (MSL41.v1),Adnaviria,,Zilligvirae,,Taleaviricota,,Tokiviricetes,,Maximonvirales,,dsDNA,DNA,2,,ICTV_MSL41.v1_reference.xlsx,MSL,31,32
Ahpuchviridae,ICTV 2026 (MSL41.v1),Duplodnaviria,,Heunggongvirae,,Uroviricota,,Caudoviricetes,,Nakonvirales,,dsDNA,DNA,1,,ICTV_MSL41.v1_reference.xlsx,MSL,1350,1350
Aliceevansviridae,ICTV 2026 (MSL41.v1),Duplodnaviria,,Heunggongvirae,,Uroviricota,,Caudoviricetes,,,,dsDNA,DNA,126,,ICTV_MSL41.v1_reference.xlsx,MSL,1730,1855
Alisviridae,ICTV 2026 (MSL41.v1),Duplodnaviria,,Heunggongvirae,,Uroviricota,,Caudoviricetes,,,,dsDNA,DNA,8,,ICTV_MSL41.v1_reference.xlsx,MSL,1856,1863
Aliusviridae,ICTV 2026 (MSL41.v1),Riboviria,,Orthornavirae,,Negarnaviricota,Haploviricotina,Monjiviricetes,,Jingchuvirales,,ssRNA(-),RNA,12,,ICTV_MSL41.v1_reference.xlsx,MSL,13156,13167
Alloherpesviridae,ICTV 2026 (MSL41.v1),Duplodnaviria,,Heunggongvirae,,Peploviricota,,Herviviricetes,,Herpesvirales,,dsDNA,DNA,13,,ICTV_MSL41.v1_reference.xlsx,MSL,36,48
Allomimiviridae,ICTV 2026 (MSL41.v1),Varidnaviria,,Bamfordvirae,,Nucleocytoviricota,,Megaviricetes,,Imitervirales,Paramivirineae,dsDNA,DNA,4,,ICTV_MSL41.v1_reference.xlsx,MSL,16626,16629
Alphaflexiviridae,ICTV 2026 (MSL41.v1),Riboviria,,Orthornavirae,,Kitrinoviricota,,Alsuviricetes,,Tymovirales,,ssRNA(+),RNA,73,,ICTV_MSL41.v1_reference.xlsx,MSL,9731,9803
Alphagokushoviridae,ICTV 2026 (MSL41.v1),Volvereviria,,Sangervirae,,Phixviricota,,Microviricetes,,Gokushovirales,,ssDNA(+),DNA,7,,ICTV_MSL41.v1_reference.xlsx,MSL,16956,16962
Alphaormycoviridae,ICTV 2026 (MSL41.v1),Riboviria,,Orthornavirae,,,,Orpoviricetes,,Bormycovirales,,ssRNA,RNA,9,,ICTV_MSL41.v1_reference.xlsx,MSL,16205,16213
Alphasatellitidae,ICTV 2026 (MSL41.v1),,,,,,,,,,,ssDNA; ssDNA(+); ssDNA(+/-),DNA,93,,ICTV_MSL41.v1_reference.xlsx,MSL,17176,17268
Alphatetraviridae,ICTV 2026 (MSL41.v1),Riboviria,,Orthornavirae,,Kitrinoviricota,,Alsuviricetes,,Hepelivirales,,ssRNA(+),RNA,10,,ICTV_MSL41.v1_reference.xlsx,MSL,9393,9402
Alternaviridae,ICTV 2026 (MSL41.v1),Riboviria,,Orthornavirae,,Duplornaviricota,,Chrymotiviricetes,,Ghabrivirales,Gammatotivirineae,dsRNA,RNA,5,,ICTV_MSL41.v1_reference.xlsx,MSL,9275,9279
Altumviridae,ICTV 2026 (MSL41.v1),Duplodnaviria,,Heunggongvirae,,Uroviricota,,Caudoviricetes,,,,dsDNA,DNA,2,,ICTV_MSL41.v1_reference.xlsx,MSL,1864,1865
Alvernaviridae,ICTV 2026 (MSL41.v1),Riboviria,,Orthornavirae,,Pisuviricota,,Pisoniviricetes,,Sobelivirales,,ssRNA(+),RNA,1,,ICTV_MSL41.v1_reference.xlsx,MSL,15624,15624
Amalgaviridae,ICTV 2026 (MSL41.v1),Riboviria,,Orthornavirae,,Pisuviricota,,Duplopiviricetes,,Durnavirales,,dsRNA,RNA,23,,ICTV_MSL41.v1_reference.xlsx,MSL,14930,14952
Ambiguiviridae,ICTV 2026 (MSL41.v1),Riboviria,,Orthornavirae,,Kitrinoviricota,,Tolucaviricetes,,Tolivirales,,ssRNA(+),RNA,42,,ICTV_MSL41.v1_reference.xlsx,MSL,10134,10175
Amesuviridae,ICTV 2026 (MSL41.v1),Floreoviria,,Shotokuvirae,,Cressdnaviricota,,Arfiviricetes,,Mulpavirales,,ssDNA(+/-),DNA,2,,ICTV_MSL41.v1_reference.xlsx,MSL,7973,7974
Amnoonviridae,ICTV 2026 (MSL41.v1),Riboviria,,Orthornavirae,,Negarnaviricota,Polyploviricotina,Insthoviricetes,,Articulavirales,,ssRNA(-),RNA,1,,ICTV_MSL41.v1_reference.xlsx,MSL,14908,14908
Ampullaviridae,ICTV 2026 (MSL41.v1),,,,,,,,,,,dsDNA,DNA,3,,ICTV_MSL41.v1_reference.xlsx,MSL,17269,17271
Anaerodiviridae,ICTV 2026 (MSL41.v1),Duplodnaviria,,Heunggongvirae,,Uroviricota,,Caudoviricetes,,Methanobavirales,,dsDNA,DNA,1,,ICTV_MSL41.v1_reference.xlsx,MSL,1343,1343
Anamaviridae,ICTV 2026 (MSL41.v1),Duplodnaviria,,Heunggongvirae,,Uroviricota,,Caudoviricetes,,,,dsDNA,DNA,28,,ICTV_MSL41.v1_reference.xlsx,MSL,1866,1893
Andersonviridae,ICTV 2026 (MSL41.v1),Duplodnaviria,,Heunggongvirae,,Uroviricota,,Caudoviricetes,,,,dsDNA,DNA,126,,ICTV_MSL41.v1_reference.xlsx,MSL,1894,2019
Anelloviridae,ICTV 2026 (MSL41.v1),Floreoviria,,Shotokuvirae,,Commensaviricota,,Cardeaviricetes,,Sanitavirales,,ssDNA(+/-); ssDNA(-),DNA,243,,ICTV_MSL41.v1_reference.xlsx,MSL,6668,6910
Anicreviridae,ICTV 2026 (MSL41.v1),Floreoviria,,Shotokuvirae,,Cressdnaviricota,,Arfiviricetes,,Mulpavirales,,ssDNA(+/-),DNA,9,,ICTV_MSL41.v1_reference.xlsx,MSL,7975,7983
Aoguangviridae,ICTV 2026 (MSL41.v1),Duplodnaviria,,Heunggongvirae,,Uroviricota,,Caudoviricetes,,Magrovirales,,dsDNA,DNA,1,,ICTV_MSL41.v1_reference.xlsx,MSL,1339,1339
Apasviridae,ICTV 2026 (MSL41.v1),Duplodnaviria,,Heunggongvirae,,Uroviricota,,Caudoviricetes,,Magrovirales,,dsDNA,DNA,1,,ICTV_MSL41.v1_reference.xlsx,MSL,1340,1340
Arenaviridae,ICTV 2026 (MSL41.v1),Riboviria,,Orthornavirae,,Negarnaviricota,Polyploviricotina,Bunyaviricetes,,Hareavirales,,ssRNA(+/-); ssRNA(-),RNA,71,,ICTV_MSL41.v1_reference.xlsx,MSL,14527,14597
Arenbergviridae,ICTV 2026 (MSL41.v1),Duplodnaviria,,Heunggongvirae,,Uroviricota,,Caudoviricetes,,,,dsDNA,DNA,1,,ICTV_MSL41.v1_reference.xlsx,MSL,2020,2020
Armatusviridae,ICTV 2026 (MSL41.v1),Duplodnaviria,,Heunggongvirae,,Uroviricota,,Caudoviricetes,,Methanobavirales,,dsDNA,DNA,1,,ICTV_MSL41.v1_reference.xlsx,MSL,1344,1344
Arteriviridae,ICTV 2026 (MSL41.v1),Riboviria,,Orthornavirae,,Pisuviricota,,Pisoniviricetes,,Nidovirales,Arnidovirineae,ssRNA(+),RNA,23,,ICTV_MSL41.v1_reference.xlsx,MSL,15040,15062
Artiviridae,ICTV 2026 (MSL41.v1),Riboviria,,Orthornavirae,,Duplornaviricota,,Chrymotiviricetes,,Ghabrivirales,Betatotivirineae,dsRNA,RNA,9,,ICTV_MSL41.v1_reference.xlsx,MSL,9227,9235
Artoviridae,ICTV 2026 (MSL41.v1),Riboviria,,Orthornavirae,,Negarnaviricota,Haploviricotina,Monjiviricetes,,Mononegavirales,,ssRNA(-),RNA,14,,ICTV_MSL41.v1_reference.xlsx,MSL,13214,13227
Ascoviridae,ICTV 2026 (MSL41.v1),Varidnaviria,,Bamfordvirae,,Nucleocytoviricota,,Megaviricetes,,Pimascovirales,,dsDNA,DNA,4,,ICTV_MSL41.v1_reference.xlsx,MSL,16646,16649
Asemoviridae,ICTV 2026 (MSL41.v1),Varidnaviria,,Abadenavirae,,Produgelaviricota,,Belvinaviricetes,,Vinavirales,,dsDNA,DNA,2,,ICTV_MSL41.v1_reference.xlsx,MSL,16567,16568
Asfarviridae,ICTV 2026 (MSL41.v1),Varidnaviria,,Bamfordvirae,,Nucleocytoviricota,,Pokkesviricetes,,Asfuvirales,,dsDNA,DNA,1,,ICTV_MSL41.v1_reference.xlsx,MSL,16680,16680
Aspiviridae,ICTV 2026 (MSL41.v1),Riboviria,,Orthornavirae,,Negarnaviricota,Haploviricotina,Milneviricetes,,Naedrevirales,,ssRNA(-),RNA,22,,ICTV_MSL41.v1_reference.xlsx,MSL,13134,13155
Assalcaviridae,ICTV 2026 (MSL41.v1),Duplodnaviria,,Heunggongvirae,,Uroviricota,,Caudoviricetes,,,,dsDNA,DNA,1,,ICTV_MSL41.v1_reference.xlsx,MSL,2021,2021
Assiduviridae,ICTV 2026 (MSL41.v1),Duplodnaviria,,Heunggongvirae,,Uroviricota,,Caudoviricetes,,,,dsDNA,DNA,3,,ICTV_MSL41.v1_reference.xlsx,MSL,2022,2024
Astroviridae,ICTV 2026 (MSL41.v1),Riboviria,,Orthornavirae,,Pisuviricota,,Stelpaviricetes,,Stellavirales,,ssRNA(+),RNA,31,,ICTV_MSL41.v1_reference.xlsx,MSL,16164,16194
Atkinsviridae,ICTV 2026 (MSL41.v1),Riboviria,,Orthornavirae,,Lenarviricota,,Leviviricetes,,Norzivirales,,ssRNA(+),RNA,262,,ICTV_MSL41.v1_reference.xlsx,MSL,10402,10663
Autolykiviridae,ICTV 2026 (MSL41.v1),Varidnaviria,,Abadenavirae,,Produgelaviricota,,Belvinaviricetes,,Vinavirales,,dsDNA,DNA,5,,ICTV_MSL41.v1_reference.xlsx,MSL,16569,16573
Autonotataviridae,ICTV 2026 (MSL41.v1),Duplodnaviria,,Heunggongvirae,,Uroviricota,,Caudoviricetes,,Autographivirales,,dsDNA,DNA,99,,ICTV_MSL41.v1_reference.xlsx,MSL,170,268
Autoscriptoviridae,ICTV 2026 (MSL41.v1),Duplodnaviria,,Heunggongvirae,,Uroviricota,,Caudoviricetes,,Autographivirales,,dsDNA,DNA,311,,ICTV_MSL41.v1_reference.xlsx,MSL,269,579
Autosignataviridae,ICTV 2026 (MSL41.v1),Duplodnaviria,,Heunggongvirae,,Uroviricota,,Caudoviricetes,,Autographivirales,,dsDNA,DNA,76,,ICTV_MSL41.v1_reference.xlsx,MSL,580,655
Autotranscriptaviridae,ICTV 2026 (MSL41.v1),Duplodnaviria,,Heunggongvirae,,Uroviricota,,Caudoviricetes,,Autographivirales,,dsDNA,DNA,414,,ICTV_MSL41.v1_reference.xlsx,MSL,656,1069
Avsunviroidae,ICTV 2026 (MSL41.v1),,,,,,,,,,,ssRNA,RNA,5,,ICTV_MSL41.v1_reference.xlsx,MSL,17272,17276
Bacilladnaviridae,ICTV 2026 (MSL41.v1),Floreoviria,,Shotokuvirae,,Cressdnaviricota,,Arfiviricetes,,Baphyvirales,,ssDNA(+/-),DNA,22,,ICTV_MSL41.v1_reference.xlsx,MSL,7448,7469
Baculoviridae,ICTV 2026 (MSL41.v1),,,,,,,Naldaviricetes,,Lefavirales,,dsDNA,DNA,104,,ICTV_MSL41.v1_reference.xlsx,MSL,17036,17139
Barnaviridae,ICTV 2026 (MSL41.v1),Riboviria,,Orthornavirae,,Pisuviricota,,Pisoniviricetes,,Sobelivirales,,ssRNA(+),RNA,1,,ICTV_MSL41.v1_reference.xlsx,MSL,15625,15625
Bartogtaviriformidae,ICTV 2026 (MSL41.v1),,,,,,,,,,,dsDNA,DNA,1,,ICTV_MSL41.v1_reference.xlsx,MSL,17277,17277
Basaltiviridae,ICTV 2026 (MSL41.v1),,,,,,,,,,,dsDNA,DNA,2,,ICTV_MSL41.v1_reference.xlsx,MSL,17278,17279
Belpaoviridae,ICTV 2026 (MSL41.v1),Riboviria,,Pararnavirae,,Artverviricota,,Revtraviricetes,,Ortervirales,,ssRNA-RT,Reverse-transcribing,11,,ICTV_MSL41.v1_reference.xlsx,MSL,16271,16281
Benyviridae,ICTV 2026 (MSL41.v1),Riboviria,,Orthornavirae,,Kitrinoviricota,,Alsuviricetes,,Hepelivirales,,ssRNA(+),RNA,5,,ICTV_MSL41.v1_reference.xlsx,MSL,9403,9407
Berryhillviridae,ICTV 2026 (MSL41.v1),Duplodnaviria,,Heunggongvirae,,Uroviricota,,Caudoviricetes,,,,dsDNA,DNA,21,,ICTV_MSL41.v1_reference.xlsx,MSL,2025,2045
Betaflexiviridae,ICTV 2026 (MSL41.v1),Riboviria,,Orthornavirae,,Kitrinoviricota,,Alsuviricetes,,Tymovirales,,ssRNA(+),RNA,159,,ICTV_MSL41.v1_reference.xlsx,MSL,9804,9962
Betagokushoviridae,ICTV 2026 (MSL41.v1),Volvereviria,,Sangervirae,,Phixviricota,,Microviricetes,,Gokushovirales,,ssDNA(+),DNA,26,,ICTV_MSL41.v1_reference.xlsx,MSL,16963,16988
Betaormycoviridae,ICTV 2026 (MSL41.v1),Riboviria,,Orthornavirae,,,,Orpoviricetes,,Formycovirales,,ssRNA,RNA,7,,ICTV_MSL41.v1_reference.xlsx,MSL,16218,16224
Bicaudaviridae,ICTV 2026 (MSL41.v1),,,,,,,,,,,dsDNA,DNA,1,,ICTV_MSL41.v1_reference.xlsx,MSL,17280,17280
Bidnaviridae,ICTV 2026 (MSL41.v1),Floreoviria,,Shotokuvirae,,Cossaviricota,,Mouviricetes,,Polivirales,,ssDNA(+/-),DNA,1,,ICTV_MSL41.v1_reference.xlsx,MSL,6911,6911
Birnaviridae,ICTV 2026 (MSL41.v1),Riboviria,,Orthornavirae,,,,,,,,dsRNA,RNA,11,,ICTV_MSL41.v1_reference.xlsx,MSL,16231,16241
Blefusviridae,ICTV 2026 (MSL41.v1),Duplodnaviria,,Heunggongvirae,,Uroviricota,,Caudoviricetes,,,,dsDNA,DNA,1,,ICTV_MSL41.v1_reference.xlsx,MSL,2046,2046
Blumeviridae,ICTV 2026 (MSL41.v1),Riboviria,,Orthornavirae,,Lenarviricota,,Leviviricetes,,Timlovirales,,ssRNA(+),RNA,38,,ICTV_MSL41.v1_reference.xlsx,MSL,11605,11642
Bornaviridae,ICTV 2026 (MSL41.v1),Riboviria,,Orthornavirae,,Negarnaviricota,Haploviricotina,Monjiviricetes,,Mononegavirales,,ssRNA(-),RNA,18,,ICTV_MSL41.v1_reference.xlsx,MSL,13228,13245
Botourmiaviridae,ICTV 2026 (MSL41.v1),Riboviria,,Orthornavirae,,Lenarviricota,,Miaviricetes,,Ourlivirales,,ssRNA(+),RNA,150,,ICTV_MSL41.v1_reference.xlsx,MSL,12943,13092
Botybirnaviridae,ICTV 2026 (MSL41.v1),Riboviria,,Orthornavirae,,Duplornaviricota,,Chrymotiviricetes,,Ghabrivirales,Alphatotivirineae,dsRNA,RNA,9,,ICTV_MSL41.v1_reference.xlsx,MSL,9063,9071
Brachygtaviriformidae,ICTV 2026 (MSL41.v1),,,,,,,,,,,dsDNA,DNA,1,,ICTV_MSL41.v1_reference.xlsx,MSL,17281,17281
Bromoviridae,ICTV 2026 (MSL41.v1),Riboviria,,Orthornavirae,,Kitrinoviricota,,Alsuviricetes,,Martellivirales,,ssRNA(+),RNA,52,,ICTV_MSL41.v1_reference.xlsx,MSL,9429,9480
Buchnerviridae,ICTV 2026 (MSL41.v1),Duplodnaviria,,Heunggongvirae,,Uroviricota,,Caudoviricetes,,,,dsDNA,DNA,14,,ICTV_MSL41.v1_reference.xlsx,MSL,2047,2060
Burtonviroviridae,ICTV 2026 (MSL41.v1),Varidnaviria,,Bamfordvirae,,Preplasmiviricota,Polisuviricotina,Virophaviricetes,,Priklausovirales,,dsDNA,DNA,1,,ICTV_MSL41.v1_reference.xlsx,MSL,16889,16889
Caliciviridae,ICTV 2026 (MSL41.v1),Riboviria,,Orthornavirae,,Pisuviricota,,Pisoniviricetes,,Picornavirales,,ssRNA(+),RNA,12,,ICTV_MSL41.v1_reference.xlsx,MSL,15169,15180
Carmotetraviridae,ICTV 2026 (MSL41.v1),Riboviria,,Orthornavirae,,Kitrinoviricota,,Tolucaviricetes,,Tolivirales,,ssRNA(+),RNA,1,,ICTV_MSL41.v1_reference.xlsx,MSL,10176,10176
Casidaviridae,ICTV 2026 (MSL41.v1),Duplodnaviria,,Heunggongvirae,,Uroviricota,,Caudoviricetes,,,,dsDNA,DNA,41,,ICTV_MSL41.v1_reference.xlsx,MSL,2061,2101
Casjensviridae,ICTV 2026 (MSL41.v1),Duplodnaviria,,Heunggongvirae,,Uroviricota,,Caudoviricetes,,,,dsDNA,DNA,51,,ICTV_MSL41.v1_reference.xlsx,MSL,2102,2152
Caulimoviridae,ICTV 2026 (MSL41.v1),Riboviria,,Pararnavirae,,Artverviricota,,Revtraviricetes,,Ortervirales,,dsDNA; dsDNA-RT,Reverse-transcribing,109,,ICTV_MSL41.v1_reference.xlsx,MSL,16282,16390
Chaacviridae,ICTV 2026 (MSL41.v1),Varidnaviria,,Abadenavirae,,Produgelaviricota,,Belvinaviricetes,,Coyopavirales,,dsDNA,DNA,3,,ICTV_MSL41.v1_reference.xlsx,MSL,16564,16566
Chaseviridae,ICTV 2026 (MSL41.v1),Duplodnaviria,,Heunggongvirae,,Uroviricota,,Caudoviricetes,,,,dsDNA,DNA,42,,ICTV_MSL41.v1_reference.xlsx,MSL,2153,2194
Chicoviridae,ICTV 2026 (MSL41.v1),Volvereviria,,Sangervirae,,Phixviricota,,Microviricetes,,Secretvirales,,ssDNA(+),DNA,11,,ICTV_MSL41.v1_reference.xlsx,MSL,17021,17031
Chimalliviridae,ICTV 2026 (MSL41.v1),Duplodnaviria,,Heunggongvirae,,Uroviricota,,Caudoviricetes,,,,dsDNA,DNA,51,,ICTV_MSL41.v1_reference.xlsx,MSL,2195,2245
Chiyouviridae,ICTV 2026 (MSL41.v1),Adnaviria,,Zilligvirae,,Taleaviricota,,Tokiviricetes,,Ligamenvirales,,dsDNA,DNA,1,,ICTV_MSL41.v1_reference.xlsx,MSL,2,2
Chrysoviridae,ICTV 2026 (MSL41.v1),Riboviria,,Orthornavirae,,Duplornaviricota,,Chrymotiviricetes,,Ghabrivirales,Alphatotivirineae,dsRNA,RNA,31,,ICTV_MSL41.v1_reference.xlsx,MSL,9072,9102
Chuviridae,ICTV 2026 (MSL41.v1),Riboviria,,Orthornavirae,,Negarnaviricota,Haploviricotina,Monjiviricetes,,Jingchuvirales,,ssRNA(-),RNA,43,,ICTV_MSL41.v1_reference.xlsx,MSL,13168,13210
Circoviridae,ICTV 2026 (MSL41.v1),Floreoviria,,Shotokuvirae,,Cressdnaviricota,,Arfiviricetes,,Cirlivirales,,ssDNA; ssDNA(+/-),DNA,160,,ICTV_MSL41.v1_reference.xlsx,MSL,7470,7629
Clavaviridae,ICTV 2026 (MSL41.v1),,,,,,,,,,,dsDNA,DNA,1,,ICTV_MSL41.v1_reference.xlsx,MSL,17282,17282
Clermontviridae,ICTV 2026 (MSL41.v1),Duplodnaviria,,Heunggongvirae,,Uroviricota,,Caudoviricetes,,,,dsDNA,DNA,1,,ICTV_MSL41.v1_reference.xlsx,MSL,2246,2246
Closteroviridae,ICTV 2026 (MSL41.v1),Riboviria,,Orthornavirae,,Kitrinoviricota,,Alsuviricetes,,Martellivirales,,ssRNA(+),RNA,88,,ICTV_MSL41.v1_reference.xlsx,MSL,9481,9568
Colingsworthviridae,ICTV 2026 (MSL41.v1),Duplodnaviria,,Heunggongvirae,,Uroviricota,,Caudoviricetes,,,,dsDNA,DNA,13,,ICTV_MSL41.v1_reference.xlsx,MSL,2247,2259
Connertonviridae,ICTV 2026 (MSL41.v1),Duplodnaviria,,Heunggongvirae,,Uroviricota,,Caudoviricetes,,,,dsDNA,DNA,20,,ICTV_MSL41.v1_reference.xlsx,MSL,2260,2279
Coronaviridae,ICTV 2026 (MSL41.v1),Riboviria,,Orthornavirae,,Pisuviricota,,Pisoniviricetes,,Nidovirales,Cornidovirineae,ssRNA(+),RNA,54,,ICTV_MSL41.v1_reference.xlsx,MSL,15067,15120
Corticoviridae,ICTV 2026 (MSL41.v1),Varidnaviria,,Abadenavirae,,Produgelaviricota,,Belvinaviricetes,,Vinavirales,,dsDNA,DNA,2,,ICTV_MSL41.v1_reference.xlsx,MSL,16574,16575
Cremegaviridae,ICTV 2026 (MSL41.v1),Riboviria,,Orthornavirae,,Pisuviricota,,Pisoniviricetes,,Nidovirales,Arnidovirineae,ssRNA(+),RNA,2,,ICTV_MSL41.v1_reference.xlsx,MSL,15063,15064
Crepuscuviridae,ICTV 2026 (MSL41.v1),Riboviria,,Orthornavirae,,Negarnaviricota,Haploviricotina,Monjiviricetes,,Jingchuvirales,,ssRNA(-),RNA,1,,ICTV_MSL41.v1_reference.xlsx,MSL,13211,13211
Crevaviridae,ICTV 2026 (MSL41.v1),Duplodnaviria,,Heunggongvirae,,Uroviricota,,Caudoviricetes,,Crassvirales,,dsDNA,DNA,9,,ICTV_MSL41.v1_reference.xlsx,MSL,1175,1183
Cruliviridae,ICTV 2026 (MSL41.v1),Riboviria,,Orthornavirae,,Negarnaviricota,Polyploviricotina,Bunyaviricetes,,Elliovirales,,ssRNA(-),RNA,4,,ICTV_MSL41.v1_reference.xlsx,MSL,14211,14214
Curvulaviridae,ICTV 2026 (MSL41.v1),Riboviria,,Orthornavirae,,Pisuviricota,,Duplopiviricetes,,Durnavirales,,dsRNA,RNA,8,,ICTV_MSL41.v1_reference.xlsx,MSL,14953,14960
Cystoviridae,ICTV 2026 (MSL41.v1),Riboviria,,Orthornavirae,,Duplornaviricota,,Vidaverviricetes,,Mindivirales,,dsRNA,RNA,9,,ICTV_MSL41.v1_reference.xlsx,MSL,9384,9392
Dallocaviridae,ICTV 2026 (MSL41.v1),Duplodnaviria,,Heunggongvirae,,Uroviricota,,Caudoviricetes,,,,dsDNA,DNA,1,,ICTV_MSL41.v1_reference.xlsx,MSL,2280,2280
Danacaviridae,ICTV 2026 (MSL41.v1),Duplodnaviria,,Heunggongvirae,,Uroviricota,,Caudoviricetes,,,,dsDNA,DNA,1,,ICTV_MSL41.v1_reference.xlsx,MSL,2281,2281
Darmviridae,ICTV 2026 (MSL41.v1),Duplodnaviria,,Heunggongvirae,,Uroviricota,,Caudoviricetes,,Crassvirales,,dsDNA,DNA,14,,ICTV_MSL41.v1_reference.xlsx,MSL,1184,1197
Deltaflexiviridae,ICTV 2026 (MSL41.v1),Riboviria,,Orthornavirae,,Kitrinoviricota,,Alsuviricetes,,Tymovirales,,ssRNA(+),RNA,4,,ICTV_MSL41.v1_reference.xlsx,MSL,9963,9966
Deltaormycoviridae,ICTV 2026 (MSL41.v1),Riboviria,,Orthornavirae,,,,Orpoviricetes,,Bormycovirales,,ssRNA,RNA,4,Deltanormycoviridae,ICTV_MSL41.v1_reference.xlsx,MSL,16214,16217
Demerecviridae,ICTV 2026 (MSL41.v1),Duplodnaviria,,Heunggongvirae,,Uroviricota,,Caudoviricetes,,,,dsDNA,DNA,197,,ICTV_MSL41.v1_reference.xlsx,MSL,2282,2478
Dicistroviridae,ICTV 2026 (MSL41.v1),Riboviria,,Orthornavirae,,Pisuviricota,,Pisoniviricetes,,Picornavirales,,ssRNA(+),RNA,16,,ICTV_MSL41.v1_reference.xlsx,MSL,15181,15196
Discoviridae,ICTV 2026 (MSL41.v1),Riboviria,,Orthornavirae,,Negarnaviricota,Polyploviricotina,Bunyaviricetes,,Hareavirales,,ssRNA(-),RNA,6,,ICTV_MSL41.v1_reference.xlsx,MSL,14598,14603
Dishuiviroviridae,ICTV 2026 (MSL41.v1),Varidnaviria,,Bamfordvirae,,Preplasmiviricota,Polisuviricotina,Virophaviricetes,,Priklausovirales,,dsDNA,DNA,1,,ICTV_MSL41.v1_reference.xlsx,MSL,16890,16890
Draupnirviridae,ICTV 2026 (MSL41.v1),Floreoviria,,Shotokuvirae,,Cressdnaviricota,,Arfiviricetes,,Jormunvirales,,ssDNA(+/-),DNA,67,,ICTV_MSL41.v1_reference.xlsx,MSL,7868,7934
Drexlerviridae,ICTV 2026 (MSL41.v1),Duplodnaviria,,Heunggongvirae,,Uroviricota,,Caudoviricetes,,,,dsDNA,DNA,237,,ICTV_MSL41.v1_reference.xlsx,MSL,2479,2715
Druskaviridae,ICTV 2026 (MSL41.v1),Duplodnaviria,,Heunggongvirae,,Uroviricota,,Caudoviricetes,,Thumleimavirales,,dsDNA,DNA,2,,ICTV_MSL41.v1_reference.xlsx,MSL,1715,1716
Duinviridae,ICTV 2026 (MSL41.v1),Riboviria,,Orthornavirae,,Lenarviricota,,Leviviricetes,,Norzivirales,,ssRNA(+),RNA,12,,ICTV_MSL41.v1_reference.xlsx,MSL,10664,10675
Dumbiviridae,ICTV 2026 (MSL41.v1),Riboviria,,Orthornavirae,,Ambiviricota,,Suforviricetes,,Crytulvirales,,ssRNA(+/-),RNA,7,,ICTV_MSL41.v1_reference.xlsx,MSL,9042,9048
Duneviridae,ICTV 2026 (MSL41.v1),Duplodnaviria,,Heunggongvirae,,Uroviricota,,Caudoviricetes,,,,dsDNA,DNA,6,,ICTV_MSL41.v1_reference.xlsx,MSL,2716,2721
Ehrlichviridae,ICTV 2026 (MSL41.v1),Duplodnaviria,,Heunggongvirae,,Uroviricota,,Caudoviricetes,,,,dsDNA,DNA,19,,ICTV_MSL41.v1_reference.xlsx,MSL,2722,2740
Ekchuahviridae,ICTV 2026 (MSL41.v1),Duplodnaviria,,Heunggongvirae,,Uroviricota,,Caudoviricetes,,Nakonvirales,,dsDNA,DNA,2,,ICTV_MSL41.v1_reference.xlsx,MSL,1351,1352
Endolinaviridae,ICTV 2026 (MSL41.v1),Floreoviria,,Shotokuvirae,,Cressdnaviricota,,Arfiviricetes,,Cirlivirales,,ssDNA(+/-),DNA,10,,ICTV_MSL41.v1_reference.xlsx,MSL,7630,7639
Endornaviridae,ICTV 2026 (MSL41.v1),Riboviria,,Orthornavirae,,Kitrinoviricota,,Alsuviricetes,,Martellivirales,,ssRNA(+),RNA,31,,ICTV_MSL41.v1_reference.xlsx,MSL,9569,9599
Epsomviridae,ICTV 2026 (MSL41.v1),Duplodnaviria,,Heunggongvirae,,Uroviricota,,Caudoviricetes,,Grandevirales,,dsDNA,DNA,1,,ICTV_MSL41.v1_reference.xlsx,MSL,1318,1318
Eubullaviridae,ICTV 2026 (MSL41.v1),Volvereviria,,Sangervirae,,Phixviricota,,Microviricetes,,Bullavirales,,ssDNA(+),DNA,15,,ICTV_MSL41.v1_reference.xlsx,MSL,16938,16952
Eupolintoviridae,ICTV 2026 (MSL41.v1),Varidnaviria,,Bamfordvirae,,Preplasmiviricota,Polisuviricotina,Polintoviricetes,,Amphintovirales,,dsDNA,DNA,2,,ICTV_MSL41.v1_reference.xlsx,MSL,16883,16884
Eurekaviridae,ICTV 2026 (MSL41.v1),,,,,,,,,,,dsDNA,DNA,1,,ICTV_MSL41.v1_reference.xlsx,MSL,17283,17283
Euroniviridae,ICTV 2026 (MSL41.v1),Riboviria,,Orthornavirae,,Pisuviricota,,Pisoniviricetes,,Nidovirales,Ronidovirineae,ssRNA(+),RNA,3,,ICTV_MSL41.v1_reference.xlsx,MSL,15140,15142
Felixviridae,ICTV 2026 (MSL41.v1),Duplodnaviria,,Heunggongvirae,,Uroviricota,,Caudoviricetes,,,,dsDNA,DNA,3,,ICTV_MSL41.v1_reference.xlsx,MSL,2741,2743
Fervensviridae,ICTV 2026 (MSL41.v1),Duplodnaviria,,Heunggongvirae,,Uroviricota,,Caudoviricetes,,,,dsDNA,DNA,1,,ICTV_MSL41.v1_reference.xlsx,MSL,2744,2744
Fiersviridae,ICTV 2026 (MSL41.v1),Riboviria,,Orthornavirae,,Lenarviricota,,Leviviricetes,,Norzivirales,,ssRNA(+),RNA,828,,ICTV_MSL41.v1_reference.xlsx,MSL,10676,11503
Filamentoviridae,ICTV 2026 (MSL41.v1),,,,,,,Naldaviricetes,,Lefavirales,,dsDNA,DNA,3,,ICTV_MSL41.v1_reference.xlsx,MSL,17140,17142
Filoviridae,ICTV 2026 (MSL41.v1),Riboviria,,Orthornavirae,,Negarnaviricota,Haploviricotina,Monjiviricetes,,Mononegavirales,,ssRNA(-),RNA,17,,ICTV_MSL41.v1_reference.xlsx,MSL,13246,13262
Fimoviridae,ICTV 2026 (MSL41.v1),Riboviria,,Orthornavirae,,Negarnaviricota,Polyploviricotina,Bunyaviricetes,,Elliovirales,,ssRNA(-),RNA,33,,ICTV_MSL41.v1_reference.xlsx,MSL,14215,14247
Finnlakeviridae,ICTV 2026 (MSL41.v1),Varidnaviria,,Abadenavirae,,Produgelaviricota,,Ainoaviricetes,,Lautamovirales,,ssDNA,DNA,1,,ICTV_MSL41.v1_reference.xlsx,MSL,16559,16559
Flaviviridae,ICTV 2026 (MSL41.v1),Riboviria,,Orthornavirae,,Kitrinoviricota,,Flasuviricetes,,Amarillovirales,,ssRNA(+),RNA,61,,ICTV_MSL41.v1_reference.xlsx,MSL,10014,10074
Forsetiviridae,ICTV 2026 (MSL41.v1),Duplodnaviria,,Heunggongvirae,,Uroviricota,,Caudoviricetes,,,,dsDNA,DNA,2,,ICTV_MSL41.v1_reference.xlsx,MSL,2745,2746
Fredfastierviridae,ICTV 2026 (MSL41.v1),Duplodnaviria,,Heunggongvirae,,Uroviricota,,Caudoviricetes,,,,dsDNA,DNA,2,,ICTV_MSL41.v1_reference.xlsx,MSL,2747,2748
Fusagraviridae,ICTV 2026 (MSL41.v1),Riboviria,,Orthornavirae,,Duplornaviricota,,Chrymotiviricetes,,Ghabrivirales,Alphatotivirineae,dsRNA,RNA,20,,ICTV_MSL41.v1_reference.xlsx,MSL,9103,9122
Fusariviridae,ICTV 2026 (MSL41.v1),Riboviria,,Orthornavirae,,Pisuviricota,,Stelpaviricetes,,Hypofuvirales,,ssRNA(+),RNA,53,,ICTV_MSL41.v1_reference.xlsx,MSL,15774,15826
Fuselloviridae,ICTV 2026 (MSL41.v1),,,,,,,,,,,dsDNA,DNA,9,,ICTV_MSL41.v1_reference.xlsx,MSL,17284,17292
Fuxiviridae,ICTV 2026 (MSL41.v1),Duplodnaviria,,Heunggongvirae,,Uroviricota,,Caudoviricetes,,,,dsDNA,DNA,1,,ICTV_MSL41.v1_reference.xlsx,MSL,2749,2749
Gammaflexiviridae,ICTV 2026 (MSL41.v1),Riboviria,,Orthornavirae,,Kitrinoviricota,,Alsuviricetes,,Tymovirales,,ssRNA(+),RNA,4,,ICTV_MSL41.v1_reference.xlsx,MSL,9967,9970
Gammaormycoviridae,ICTV 2026 (MSL41.v1),Riboviria,,Orthornavirae,,,,Orpoviricetes,,Formycovirales,,ssRNA,RNA,6,,ICTV_MSL41.v1_reference.xlsx,MSL,16225,16230
Gandrviridae,ICTV 2026 (MSL41.v1),Floreoviria,,Shotokuvirae,,Cressdnaviricota,,Arfiviricetes,,Gredzevirales,,ssDNA(+/-),DNA,8,,ICTV_MSL41.v1_reference.xlsx,MSL,7810,7817
Geminiviridae,ICTV 2026 (MSL41.v1),Floreoviria,,Shotokuvirae,,Cressdnaviricota,,Repensiviricetes,,Geplafuvirales,,ssDNA; ssDNA(+/-),DNA,560,,ICTV_MSL41.v1_reference.xlsx,MSL,8192,8751
Genomoviridae,ICTV 2026 (MSL41.v1),Floreoviria,,Shotokuvirae,,Cressdnaviricota,,Repensiviricetes,,Geplafuvirales,,ssDNA(+/-),DNA,237,,ICTV_MSL41.v1_reference.xlsx,MSL,8752,8988
Geplanaviridae,ICTV 2026 (MSL41.v1),Floreoviria,,Shotokuvirae,,Cressdnaviricota,,Repensiviricetes,,Geplafuvirales,,ssDNA(+/-),DNA,30,,ICTV_MSL41.v1_reference.xlsx,MSL,8989,9018
Giardiaviridae,ICTV 2026 (MSL41.v1),Riboviria,,Orthornavirae,,Duplornaviricota,,Chrymotiviricetes,,Ghabrivirales,Betatotivirineae,dsRNA,RNA,1,,ICTV_MSL41.v1_reference.xlsx,MSL,9236,9236
Globuloviridae,ICTV 2026 (MSL41.v1),,,,,,,,,,,dsDNA,DNA,4,,ICTV_MSL41.v1_reference.xlsx,MSL,17293,17296
Graaviviridae,ICTV 2026 (MSL41.v1),Duplodnaviria,,Heunggongvirae,,Uroviricota,,Caudoviricetes,,Kirjokansivirales,,dsDNA,DNA,3,,ICTV_MSL41.v1_reference.xlsx,MSL,1330,1332
Gresnaviridae,ICTV 2026 (MSL41.v1),Riboviria,,Orthornavirae,,Pisuviricota,,Pisoniviricetes,,Nidovirales,Arnidovirineae,ssRNA(+),RNA,1,,ICTV_MSL41.v1_reference.xlsx,MSL,15065,15065
Grimontviridae,ICTV 2026 (MSL41.v1),Duplodnaviria,,Heunggongvirae,,Uroviricota,,Caudoviricetes,,,,dsDNA,DNA,16,,ICTV_MSL41.v1_reference.xlsx,MSL,2750,2765
Groupodiviridae,ICTV 2026 (MSL41.v1),Volvereviria,,Sangervirae,,Phixviricota,,Microviricetes,,Gokushovirales,,ssDNA(+),DNA,3,,ICTV_MSL41.v1_reference.xlsx,MSL,16989,16991
Guelinviridae,ICTV 2026 (MSL41.v1),Duplodnaviria,,Heunggongvirae,,Uroviricota,,Caudoviricetes,,,,dsDNA,DNA,17,,ICTV_MSL41.v1_reference.xlsx,MSL,2766,2782
Gulliviridae,ICTV 2026 (MSL41.v1),Duplodnaviria,,Heunggongvirae,,Uroviricota,,Caudoviricetes,,,,dsDNA,DNA,2,,ICTV_MSL41.v1_reference.xlsx,MSL,2783,2784
Gulliviroviridae,ICTV 2026 (MSL41.v1),Varidnaviria,,Bamfordvirae,,Preplasmiviricota,Polisuviricotina,Virophaviricetes,,Priklausovirales,,dsDNA,DNA,1,,ICTV_MSL41.v1_reference.xlsx,MSL,16891,16891
Guttaviridae,ICTV 2026 (MSL41.v1),,,,,,,,,,,dsDNA,DNA,1,,ICTV_MSL41.v1_reference.xlsx,MSL,17297,17297
Hadakaviridae,ICTV 2026 (MSL41.v1),Riboviria,,Orthornavirae,,Pisuviricota,,Mycopleornaviricetes,,Xenadelphovirales,,ssRNA(+),RNA,1,,ICTV_MSL41.v1_reference.xlsx,MSL,15010,15010
Hafunaviridae,ICTV 2026 (MSL41.v1),Duplodnaviria,,Heunggongvirae,,Uroviricota,,Caudoviricetes,,Thumleimavirales,,dsDNA,DNA,10,,ICTV_MSL41.v1_reference.xlsx,MSL,1717,1726
Hakuzoviridae,ICTV 2026 (MSL41.v1),Riboviria,,Orthornavirae,,Artimaviricota,,Furtirnaviricetes,,Divaquavirales,,ssRNA,RNA,1,,ICTV_MSL41.v1_reference.xlsx,MSL,9062,9062
Halicoviridae,ICTV 2026 (MSL41.v1),Singelaviria,,Helvetiavirae,,Dividoviricota,,Laserviricetes,,Salinicovirales,,dsDNA,DNA,1,,ICTV_MSL41.v1_reference.xlsx,MSL,16558,16558
Haloferuviridae,ICTV 2026 (MSL41.v1),Duplodnaviria,,Heunggongvirae,,Uroviricota,,Caudoviricetes,,Kirjokansivirales,,dsDNA,DNA,3,,ICTV_MSL41.v1_reference.xlsx,MSL,1333,1335
Halomagnusviridae,ICTV 2026 (MSL41.v1),Duplodnaviria,,Heunggongvirae,,Uroviricota,,Caudoviricetes,,Thumleimavirales,,dsDNA,DNA,1,,ICTV_MSL41.v1_reference.xlsx,MSL,1727,1727
Halspiviridae,ICTV 2026 (MSL41.v1),,,,,,,,,,,dsDNA,DNA,1,,ICTV_MSL41.v1_reference.xlsx,MSL,17298,17298
Hantaviridae,ICTV 2026 (MSL41.v1),Riboviria,,Orthornavirae,,Negarnaviricota,Polyploviricotina,Bunyaviricetes,,Elliovirales,,ssRNA(-),RNA,55,,ICTV_MSL41.v1_reference.xlsx,MSL,14248,14302
Helgolandviridae,ICTV 2026 (MSL41.v1),Duplodnaviria,,Heunggongvirae,,Uroviricota,,Caudoviricetes,,,,dsDNA,DNA,1,,ICTV_MSL41.v1_reference.xlsx,MSL,2785,2785
Hepaciviridae,ICTV 2026 (MSL41.v1),Riboviria,,Orthornavirae,,Kitrinoviricota,,Flasuviricetes,,Amarillovirales,,ssRNA(+),RNA,25,,ICTV_MSL41.v1_reference.xlsx,MSL,10075,10099
Hepadnaviridae,ICTV 2026 (MSL41.v1),Riboviria,,Pararnavirae,,Artverviricota,,Revtraviricetes,,Blubervirales,,dsDNA-RT,Reverse-transcribing,27,,ICTV_MSL41.v1_reference.xlsx,MSL,16244,16270
Hepeviridae,ICTV 2026 (MSL41.v1),Riboviria,,Orthornavirae,,Kitrinoviricota,,Alsuviricetes,,Hepelivirales,,ssRNA(+); ssRNA(+/-),RNA,11,,ICTV_MSL41.v1_reference.xlsx,MSL,9408,9418
Herelleviridae,ICTV 2026 (MSL41.v1),Duplodnaviria,,Heunggongvirae,,Uroviricota,,Caudoviricetes,,,,dsDNA,DNA,119,,ICTV_MSL41.v1_reference.xlsx,MSL,2786,2904
Hirszfeldviridae,ICTV 2026 (MSL41.v1),Duplodnaviria,,Heunggongvirae,,Uroviricota,,Caudoviricetes,,,,dsDNA,DNA,49,,ICTV_MSL41.v1_reference.xlsx,MSL,2905,2953
Hodgkinviridae,ICTV 2026 (MSL41.v1),Duplodnaviria,,Heunggongvirae,,Uroviricota,,Caudoviricetes,,,,dsDNA,DNA,27,,ICTV_MSL41.v1_reference.xlsx,MSL,2954,2980
Huangdiviridae,ICTV 2026 (MSL41.v1),,,,,,,,,,,dsDNA,DNA,1,,ICTV_MSL41.v1_reference.xlsx,MSL,17299,17299
Hydriviridae,ICTV 2026 (MSL41.v1),Varidnaviria,,Bamfordvirae,,Nucleocytoviricota,,Megaviricetes,,Pimascovirales,Ocovirineae,dsDNA,DNA,1,,ICTV_MSL41.v1_reference.xlsx,MSL,16638,16638
Hypoviridae,ICTV 2026 (MSL41.v1),Riboviria,,Orthornavirae,,Pisuviricota,,Stelpaviricetes,,Hypofuvirales,,ssRNA(+),RNA,57,,ICTV_MSL41.v1_reference.xlsx,MSL,15827,15883
Hytrosaviridae,ICTV 2026 (MSL41.v1),,,,,,,Naldaviricetes,,Lefavirales,,dsDNA,DNA,2,,ICTV_MSL41.v1_reference.xlsx,MSL,17143,17144
Iflaviridae,ICTV 2026 (MSL41.v1),Riboviria,,Orthornavirae,,Pisuviricota,,Pisoniviricetes,,Picornavirales,,ssRNA(+),RNA,16,,ICTV_MSL41.v1_reference.xlsx,MSL,15197,15212
Infernusviridae,ICTV 2026 (MSL41.v1),Duplodnaviria,,Heunggongvirae,,Uroviricota,,Caudoviricetes,,,,dsDNA,DNA,1,,ICTV_MSL41.v1_reference.xlsx,MSL,2981,2981
Inoviridae,ICTV 2026 (MSL41.v1),Efunaviria,,Loebvirae,,Hofneiviricota,,Faserviricetes,,Tubulavirales,,ssDNA; ssDNA(+); ssDNA(+/-),DNA,100,,ICTV_MSL41.v1_reference.xlsx,MSL,6558,6657
Inseviridae,ICTV 2026 (MSL41.v1),Riboviria,,Orthornavirae,,Duplornaviricota,,Chrymotiviricetes,,Ghabrivirales,Betatotivirineae,dsRNA,RNA,16,,ICTV_MSL41.v1_reference.xlsx,MSL,9237,9252
Intestiviridae,ICTV 2026 (MSL41.v1),Duplodnaviria,,Heunggongvirae,,Uroviricota,,Caudoviricetes,,Crassvirales,,dsDNA,DNA,42,,ICTV_MSL41.v1_reference.xlsx,MSL,1198,1239
Iridoviridae,ICTV 2026 (MSL41.v1),Varidnaviria,,Bamfordvirae,,Nucleocytoviricota,,Megaviricetes,,Pimascovirales,,dsDNA,DNA,23,,ICTV_MSL41.v1_reference.xlsx,MSL,16650,16672
Itzamnaviridae,ICTV 2026 (MSL41.v1),,,,,,,,,,,dsDNA,DNA,2,,ICTV_MSL41.v1_reference.xlsx,MSL,17300,17301
Jasonviridae,ICTV 2026 (MSL41.v1),Duplodnaviria,,Heunggongvirae,,Uroviricota,,Caudoviricetes,,,,dsDNA,DNA,1,,ICTV_MSL41.v1_reference.xlsx,MSL,2982,2982
Jeanschmidtviridae,ICTV 2026 (MSL41.v1),Duplodnaviria,,Heunggongvirae,,Uroviricota,,Caudoviricetes,,,,dsDNA,DNA,14,,ICTV_MSL41.v1_reference.xlsx,MSL,2983,2996
Kairosviridae,ICTV 2026 (MSL41.v1),Duplodnaviria,,Heunggongvirae,,Uroviricota,,Caudoviricetes,,Methanobavirales,,dsDNA,DNA,1,,ICTV_MSL41.v1_reference.xlsx,MSL,1345,1345
Kanorauviridae,ICTV 2026 (MSL41.v1),Floreoviria,,Shotokuvirae,,Cressdnaviricota,,Arfiviricetes,,Saturnivirales,,ssDNA(+/-),DNA,89,,ICTV_MSL41.v1_reference.xlsx,MSL,8072,8160
Kidogoviridae,ICTV 2026 (MSL41.v1),Volvereviria,,Sangervirae,,Phixviricota,,Microviricetes,,Roodoodoovirales,,ssDNA(+),DNA,5,,ICTV_MSL41.v1_reference.xlsx,MSL,17016,17020
Kirkoviridae,ICTV 2026 (MSL41.v1),Floreoviria,,Shotokuvirae,,Cressdnaviricota,,Arfiviricetes,,Rohanvirales,,ssDNA(+/-),DNA,12,,ICTV_MSL41.v1_reference.xlsx,MSL,8053,8064
Kitaviridae,ICTV 2026 (MSL41.v1),Riboviria,,Orthornavirae,,Kitrinoviricota,,Alsuviricetes,,Martellivirales,,ssRNA(+),RNA,27,,ICTV_MSL41.v1_reference.xlsx,MSL,9600,9626
Kleczkowskaviridae,ICTV 2026 (MSL41.v1),Duplodnaviria,,Heunggongvirae,,Uroviricota,,Caudoviricetes,,,,dsDNA,DNA,2,,ICTV_MSL41.v1_reference.xlsx,MSL,2997,2998
Kolmioviridae,ICTV 2026 (MSL41.v1),Ribozyviria,,,,,,,,,,ssRNA(-),RNA,21,,ICTV_MSL41.v1_reference.xlsx,MSL,16527,16547
Konkoviridae,ICTV 2026 (MSL41.v1),Riboviria,,Orthornavirae,,Negarnaviricota,Polyploviricotina,Bunyaviricetes,,Hareavirales,,ssRNA(+/-); ssRNA(-),RNA,7,,ICTV_MSL41.v1_reference.xlsx,MSL,14604,14610
Konodaiviridae,ICTV 2026 (MSL41.v1),Duplodnaviria,,Heunggongvirae,,Uroviricota,,Caudoviricetes,,,,dsDNA,DNA,3,,ICTV_MSL41.v1_reference.xlsx,MSL,2999,3001
Krittikaviridae,ICTV 2026 (MSL41.v1),Duplodnaviria,,Heunggongvirae,,Uroviricota,,Caudoviricetes,,Magrovirales,,dsDNA,DNA,1,,ICTV_MSL41.v1_reference.xlsx,MSL,1341,1341
Kruegerviridae,ICTV 2026 (MSL41.v1),Duplodnaviria,,Heunggongvirae,,Uroviricota,,Caudoviricetes,,,,dsDNA,DNA,5,,ICTV_MSL41.v1_reference.xlsx,MSL,3002,3006
Kunpengviridae,ICTV 2026 (MSL41.v1),Duplodnaviria,,Heunggongvirae,,Uroviricota,,Caudoviricetes,,,,dsDNA,DNA,1,,ICTV_MSL41.v1_reference.xlsx,MSL,3007,3007
Kyanoviridae,ICTV 2026 (MSL41.v1),Duplodnaviria,,Heunggongvirae,,Uroviricota,,Caudoviricetes,,Pantevenvirales,,dsDNA,DNA,66,,ICTV_MSL41.v1_reference.xlsx,MSL,1416,1481
Lakviridae,ICTV 2026 (MSL41.v1),Duplodnaviria,,Heunggongvirae,,Uroviricota,,Caudoviricetes,,Grandevirales,,dsDNA,DNA,7,,ICTV_MSL41.v1_reference.xlsx,MSL,1319,1325
Lebotiviridae,ICTV 2026 (MSL41.v1),Riboviria,,Orthornavirae,,Duplornaviricota,,Chrymotiviricetes,,Ghabrivirales,Betatotivirineae,dsRNA,RNA,8,,ICTV_MSL41.v1_reference.xlsx,MSL,9253,9260
Leishbuviridae,ICTV 2026 (MSL41.v1),Riboviria,,Orthornavirae,,Negarnaviricota,Polyploviricotina,Bunyaviricetes,,Hareavirales,,ssRNA(-),RNA,11,,ICTV_MSL41.v1_reference.xlsx,MSL,14611,14621
Leisingerviridae,ICTV 2026 (MSL41.v1),Duplodnaviria,,Heunggongvirae,,Uroviricota,,Caudoviricetes,,Methanobavirales,,dsDNA,DNA,1,,ICTV_MSL41.v1_reference.xlsx,MSL,1346,1346
Liberviridae,ICTV 2026 (MSL41.v1),Volvereviria,,Sangervirae,,Phixviricota,,Microviricetes,,Amoyvirales,,ssDNA(+),DNA,1,,ICTV_MSL41.v1_reference.xlsx,MSL,16932,16932
Lilleviridae,ICTV 2026 (MSL41.v1),Volvereviria,,Sangervirae,,Phixviricota,,Microviricetes,,Alpavirales,,ssDNA(+),DNA,3,,ICTV_MSL41.v1_reference.xlsx,MSL,16905,16907
Lilliviridae,ICTV 2026 (MSL41.v1),Duplodnaviria,,Heunggongvirae,,Uroviricota,,Caudoviricetes,,,,dsDNA,DNA,1,,ICTV_MSL41.v1_reference.xlsx,MSL,3008,3008
Lindbergviridae,ICTV 2026 (MSL41.v1),Duplodnaviria,,Heunggongvirae,,Uroviricota,,Caudoviricetes,,,,dsDNA,DNA,70,,ICTV_MSL41.v1_reference.xlsx,MSL,3009,3078
Lipothrixviridae,ICTV 2026 (MSL41.v1),Adnaviria,,Zilligvirae,,Taleaviricota,,Tokiviricetes,,Ligamenvirales,,dsDNA,DNA,10,,ICTV_MSL41.v1_reference.xlsx,MSL,3,12
Lispiviridae,ICTV 2026 (MSL41.v1),Riboviria,,Orthornavirae,,Negarnaviricota,Haploviricotina,Monjiviricetes,,Mononegavirales,,ssRNA(-),RNA,51,,ICTV_MSL41.v1_reference.xlsx,MSL,13263,13313
Litenviridae,ICTV 2026 (MSL41.v1),Volvereviria,,Sangervirae,,Phixviricota,,Microviricetes,,Alpavirales,,ssDNA(+),DNA,8,,ICTV_MSL41.v1_reference.xlsx,MSL,16908,16915
Litilviridae,ICTV 2026 (MSL41.v1),Volvereviria,,Sangervirae,,Phixviricota,,Microviricetes,,Alpavirales,,ssDNA(+),DNA,5,,ICTV_MSL41.v1_reference.xlsx,MSL,16916,16920
Lomiviridae,ICTV 2026 (MSL41.v1),,,,,,,,,,,dsDNA,DNA,2,,ICTV_MSL41.v1_reference.xlsx,MSL,17302,17303
Ludisviridae,ICTV 2026 (MSL41.v1),Duplodnaviria,,Heunggongvirae,,Uroviricota,,Caudoviricetes,,,,dsDNA,DNA,1,,ICTV_MSL41.v1_reference.xlsx,MSL,3079,3079
Luriaviridae,ICTV 2026 (MSL41.v1),Duplodnaviria,,Heunggongvirae,,Uroviricota,,Caudoviricetes,,,,dsDNA,DNA,15,,ICTV_MSL41.v1_reference.xlsx,MSL,3080,3094
Lutetiaviridae,ICTV 2026 (MSL41.v1),Duplodnaviria,,Heunggongvirae,,Uroviricota,,Caudoviricetes,,,,dsDNA,DNA,1,,ICTV_MSL41.v1_reference.xlsx,MSL,3095,3095
Lutzviridae,ICTV 2026 (MSL41.v1),Duplodnaviria,,Heunggongvirae,,Uroviricota,,Caudoviricetes,,,,dsDNA,DNA,1,,ICTV_MSL41.v1_reference.xlsx,MSL,3096,3096
Madisaviridae,ICTV 2026 (MSL41.v1),Duplodnaviria,,Heunggongvirae,,Uroviricota,,Caudoviricetes,,,,dsDNA,DNA,3,,ICTV_MSL41.v1_reference.xlsx,MSL,3097,3099
Madridviridae,ICTV 2026 (MSL41.v1),Duplodnaviria,,Heunggongvirae,,Uroviricota,,Caudoviricetes,,,,dsDNA,DNA,2,,ICTV_MSL41.v1_reference.xlsx,MSL,3100,3101
Mahapunaviridae,ICTV 2026 (MSL41.v1),Floreoviria,,Shotokuvirae,,Cressdnaviricota,,Arfiviricetes,,Saturnivirales,,ssDNA(+/-),DNA,31,,ICTV_MSL41.v1_reference.xlsx,MSL,8161,8191
Malacoherpesviridae,ICTV 2026 (MSL41.v1),Duplodnaviria,,Heunggongvirae,,Peploviricota,,Herviviricetes,,Herpesvirales,,dsDNA,DNA,2,,ICTV_MSL41.v1_reference.xlsx,MSL,49,50
Mamonoviridae,ICTV 2026 (MSL41.v1),Varidnaviria,,Bamfordvirae,,Nucleocytoviricota,,Megaviricetes,,,,dsDNA,DNA,2,,ICTV_MSL41.v1_reference.xlsx,MSL,16677,16678
Mariniviridae,ICTV 2026 (MSL41.v1),Duplodnaviria,,Heunggongvirae,,Uroviricota,,Caudoviricetes,,,,dsDNA,DNA,1,,ICTV_MSL41.v1_reference.xlsx,MSL,3102,3102
Marnaviridae,ICTV 2026 (MSL41.v1),Riboviria,,Orthornavirae,,Pisuviricota,,Pisoniviricetes,,Picornavirales,,ssRNA(+),RNA,20,,ICTV_MSL41.v1_reference.xlsx,MSL,15213,15232
Marseilleviridae,ICTV 2026 (MSL41.v1),Varidnaviria,,Bamfordvirae,,Nucleocytoviricota,,Megaviricetes,,Pimascovirales,,dsDNA,DNA,4,,ICTV_MSL41.v1_reference.xlsx,MSL,16673,16676
Matonaviridae,ICTV 2026 (MSL41.v1),Riboviria,,Orthornavirae,,Kitrinoviricota,,Alsuviricetes,,Hepelivirales,,ssRNA(+),RNA,3,,ICTV_MSL41.v1_reference.xlsx,MSL,9419,9421
Matsushitaviridae,ICTV 2026 (MSL41.v1),Singelaviria,,Helvetiavirae,,Dividoviricota,,Laserviricetes,,Halopanivirales,,dsDNA,DNA,2,,ICTV_MSL41.v1_reference.xlsx,MSL,16549,16550
Maviroviridae,ICTV 2026 (MSL41.v1),Varidnaviria,,Bamfordvirae,,Preplasmiviricota,Polisuviricotina,Virophaviricetes,,Lavidavirales,,dsDNA,DNA,1,,ICTV_MSL41.v1_reference.xlsx,MSL,16886,16886
Mayoviridae,ICTV 2026 (MSL41.v1),Riboviria,,Orthornavirae,,Kitrinoviricota,,Alsuviricetes,,Martellivirales,,ssRNA(+),RNA,4,,ICTV_MSL41.v1_reference.xlsx,MSL,9627,9630
Mazaviridae,ICTV 2026 (MSL41.v1),Volvereviria,,Sangervirae,,Phixviricota,,Microviricetes,,Amoyvirales,,ssDNA(+),DNA,5,,ICTV_MSL41.v1_reference.xlsx,MSL,16933,16937
Mazoviaviridae,ICTV 2026 (MSL41.v1),Duplodnaviria,,Heunggongvirae,,Uroviricota,,Caudoviricetes,,,,dsDNA,DNA,1,,ICTV_MSL41.v1_reference.xlsx,MSL,3103,3103
Medioniviridae,ICTV 2026 (MSL41.v1),Riboviria,,Orthornavirae,,Pisuviricota,,Pisoniviricetes,,Nidovirales,Mesnidovirineae,ssRNA(+),RNA,2,,ICTV_MSL41.v1_reference.xlsx,MSL,15121,15122
Megabirnaviridae,ICTV 2026 (MSL41.v1),Riboviria,,Orthornavirae,,Duplornaviricota,,Chrymotiviricetes,,Ghabrivirales,Alphatotivirineae,dsRNA,RNA,5,,ICTV_MSL41.v1_reference.xlsx,MSL,9123,9127
Megatotiviridae,ICTV 2026 (MSL41.v1),Riboviria,,Orthornavirae,,Duplornaviricota,,Chrymotiviricetes,,Ghabrivirales,Betatotivirineae,dsRNA,RNA,2,,ICTV_MSL41.v1_reference.xlsx,MSL,9261,9262
Mesomimiviridae,ICTV 2026 (MSL41.v1),Varidnaviria,,Bamfordvirae,,Nucleocytoviricota,,Megaviricetes,,Imitervirales,Paramivirineae,dsDNA,DNA,6,,ICTV_MSL41.v1_reference.xlsx,MSL,16630,16635
Mesoniviridae,ICTV 2026 (MSL41.v1),Riboviria,,Orthornavirae,,Pisuviricota,,Pisoniviricetes,,Nidovirales,Mesnidovirineae,ssRNA(+),RNA,14,,ICTV_MSL41.v1_reference.xlsx,MSL,15123,15136
Mestraviridae,ICTV 2026 (MSL41.v1),Varidnaviria,,Abadenavirae,,Produgelaviricota,,Belvinaviricetes,,Vinavirales,,dsDNA,DNA,2,,ICTV_MSL41.v1_reference.xlsx,MSL,16576,16577
Mesyanzhinovviridae,ICTV 2026 (MSL41.v1),Duplodnaviria,,Heunggongvirae,,Uroviricota,,Caudoviricetes,,,,dsDNA,DNA,47,,ICTV_MSL41.v1_reference.xlsx,MSL,3104,3150
Metaviridae,ICTV 2026 (MSL41.v1),Riboviria,,Pararnavirae,,Artverviricota,,Revtraviricetes,,Ortervirales,,ssRNA-RT,Reverse-transcribing,31,,ICTV_MSL41.v1_reference.xlsx,MSL,16391,16421
Metaxyviridae,ICTV 2026 (MSL41.v1),Floreoviria,,Shotokuvirae,,Cressdnaviricota,,Arfiviricetes,,Mulpavirales,,ssDNA(+),DNA,1,,ICTV_MSL41.v1_reference.xlsx,MSL,7984,7984
Mimiviridae,ICTV 2026 (MSL41.v1),Varidnaviria,,Bamfordvirae,,Nucleocytoviricota,,Megaviricetes,,Imitervirales,Orthomivirineae,dsDNA,DNA,19,,ICTV_MSL41.v1_reference.xlsx,MSL,16607,16625
Mitoviridae,ICTV 2026 (MSL41.v1),Riboviria,,Orthornavirae,,Lenarviricota,,Howeltoviricetes,,Cryppavirales,,ssRNA(+),RNA,105,,ICTV_MSL41.v1_reference.xlsx,MSL,10297,10401
Molycolviridae,ICTV 2026 (MSL41.v1),Duplodnaviria,,Heunggongvirae,,Uroviricota,,Caudoviricetes,,,,dsDNA,DNA,2,,ICTV_MSL41.v1_reference.xlsx,MSL,3151,3152
Monocitiviridae,ICTV 2026 (MSL41.v1),Riboviria,,Orthornavirae,,Duplornaviricota,,Chrymotiviricetes,,Ghabrivirales,Alphatotivirineae,dsRNA,RNA,1,,ICTV_MSL41.v1_reference.xlsx,MSL,9128,9128
Mononiviridae,ICTV 2026 (MSL41.v1),Riboviria,,Orthornavirae,,Pisuviricota,,Pisoniviricetes,,Nidovirales,Monidovirineae,ssRNA(+),RNA,1,,ICTV_MSL41.v1_reference.xlsx,MSL,15137,15137
Mtkvariviridae,ICTV 2026 (MSL41.v1),Duplodnaviria,,Heunggongvirae,,Uroviricota,,Caudoviricetes,,,,dsDNA,DNA,32,,ICTV_MSL41.v1_reference.xlsx,MSL,3153,3184
Mycoalphaviridae,ICTV 2026 (MSL41.v1),Riboviria,,Orthornavirae,,Kitrinoviricota,,Alsuviricetes,,Hepelivirales,,ssRNA(+),RNA,7,,ICTV_MSL41.v1_reference.xlsx,MSL,9422,9428
Mymonaviridae,ICTV 2026 (MSL41.v1),Riboviria,,Orthornavirae,,Negarnaviricota,Haploviricotina,Monjiviricetes,,Mononegavirales,,ssRNA(-),RNA,61,,ICTV_MSL41.v1_reference.xlsx,MSL,13314,13374
Mypoviridae,ICTV 2026 (MSL41.v1),Riboviria,,Orthornavirae,,Negarnaviricota,Polyploviricotina,Bunyaviricetes,,Hareavirales,,ssRNA(-),RNA,1,,ICTV_MSL41.v1_reference.xlsx,MSL,14622,14622
Myriaviridae,ICTV 2026 (MSL41.v1),Riboviria,,Orthornavirae,,Negarnaviricota,Haploviricotina,Monjiviricetes,,Jingchuvirales,,ssRNA(-),RNA,1,,ICTV_MSL41.v1_reference.xlsx,MSL,13212,13212
Nairoviridae,ICTV 2026 (MSL41.v1),Riboviria,,Orthornavirae,,Negarnaviricota,Polyploviricotina,Bunyaviricetes,,Hareavirales,,ssRNA(-),RNA,60,,ICTV_MSL41.v1_reference.xlsx,MSL,14623,14682
Nanghoshaviridae,ICTV 2026 (MSL41.v1),Riboviria,,Orthornavirae,,Pisuviricota,,Pisoniviricetes,,Nidovirales,Nanidovirineae,ssRNA(+),RNA,1,,ICTV_MSL41.v1_reference.xlsx,MSL,15138,15138
Nanhypoviridae,ICTV 2026 (MSL41.v1),Riboviria,,Orthornavirae,,Pisuviricota,,Pisoniviricetes,,Nidovirales,Nanidovirineae,ssRNA(+),RNA,1,,ICTV_MSL41.v1_reference.xlsx,MSL,15139,15139
Nanicoviridae,ICTV 2026 (MSL41.v1),Singelaviria,,Helvetiavirae,,Dividoviricota,,Laserviricetes,,Ducavirales,,dsDNA,DNA,1,,ICTV_MSL41.v1_reference.xlsx,MSL,16548,16548
Nanopleoviridae,ICTV 2026 (MSL41.v1),Pleomoviria,,Trapavirae,,Saleviricota,,Huolimaviricetes,,Haloruvirales,,dsDNA,DNA,1,,ICTV_MSL41.v1_reference.xlsx,MSL,9024,9024
Nanoviridae,ICTV 2026 (MSL41.v1),Floreoviria,,Shotokuvirae,,Cressdnaviricota,,Arfiviricetes,,Mulpavirales,,ssDNA(+),DNA,15,,ICTV_MSL41.v1_reference.xlsx,MSL,7985,7999
Naomviridae,ICTV 2026 (MSL41.v1),Duplodnaviria,,Heunggongvirae,,Uroviricota,,Caudoviricetes,,,,dsDNA,DNA,1,,ICTV_MSL41.v1_reference.xlsx,MSL,3185,3185
Narnaviridae,ICTV 2026 (MSL41.v1),Riboviria,,Orthornavirae,,Lenarviricota,,Amabiliviricetes,,Wolframvirales,,ssRNA(+),RNA,2,,ICTV_MSL41.v1_reference.xlsx,MSL,10279,10280
Naryaviridae,ICTV 2026 (MSL41.v1),Floreoviria,,Shotokuvirae,,Cressdnaviricota,,Arfiviricetes,,Rivendellvirales,,ssDNA(+); ssDNA(+/-),DNA,14,,ICTV_MSL41.v1_reference.xlsx,MSL,8017,8030
Natareviridae,ICTV 2026 (MSL41.v1),Riboviria,,Orthornavirae,,Negarnaviricota,Haploviricotina,Monjiviricetes,,Jingchuvirales,,ssRNA(-),RNA,1,,ICTV_MSL41.v1_reference.xlsx,MSL,13213,13213
Nenyaviridae,ICTV 2026 (MSL41.v1),Floreoviria,,Shotokuvirae,,Cressdnaviricota,,Arfiviricetes,,Rohanvirales,,ssDNA(+),DNA,7,,ICTV_MSL41.v1_reference.xlsx,MSL,8065,8071
Nimaviridae,ICTV 2026 (MSL41.v1),,,,,,,Naldaviricetes,,,,dsDNA,DNA,2,,ICTV_MSL41.v1_reference.xlsx,MSL,17174,17175
Nipumfusiviridae,ICTV 2026 (MSL41.v1),,,,,,,,,,,dsDNA; ssDNA,DNA,10,,ICTV_MSL41.v1_reference.xlsx,MSL,17304,17313
Nixviridae,ICTV 2026 (MSL41.v1),Duplodnaviria,,Heunggongvirae,,Uroviricota,,Caudoviricetes,,,,dsDNA,DNA,15,,ICTV_MSL41.v1_reference.xlsx,MSL,3186,3200
Nodaviridae,ICTV 2026 (MSL41.v1),Riboviria,,Orthornavirae,,Kitrinoviricota,,Magsaviricetes,,Nodamuvirales,,ssRNA(+),RNA,9,,ICTV_MSL41.v1_reference.xlsx,MSL,10123,10131
Noraviridae,ICTV 2026 (MSL41.v1),Riboviria,,Orthornavirae,,Pisuviricota,,Pisoniviricetes,,Picornavirales,,ssRNA(+),RNA,1,,ICTV_MSL41.v1_reference.xlsx,MSL,15233,15233
Nudiviridae,ICTV 2026 (MSL41.v1),,,,,,,Naldaviricetes,,Lefavirales,,dsDNA,DNA,29,,ICTV_MSL41.v1_reference.xlsx,MSL,17145,17173
Nyamiviridae,ICTV 2026 (MSL41.v1),Riboviria,,Orthornavirae,,Negarnaviricota,Haploviricotina,Monjiviricetes,,Mononegavirales,,ssRNA(-),RNA,30,,ICTV_MSL41.v1_reference.xlsx,MSL,13375,13404
Obscuriviridae,ICTV 2026 (MSL41.v1),,,,,,,,,,,ssDNA,DNA,3,,ICTV_MSL41.v1_reference.xlsx,MSL,17314,17316
Occultatumviridae,ICTV 2026 (MSL41.v1),Volvereviria,,Sangervirae,,Phixviricota,,Microviricetes,,Secretvirales,,ssDNA(+),DNA,1,,ICTV_MSL41.v1_reference.xlsx,MSL,17032,17032
Olifoviridae,ICTV 2026 (MSL41.v1),Riboviria,,Orthornavirae,,Pisuviricota,,Pisoniviricetes,,Nidovirales,Arnidovirineae,ssRNA(+),RNA,1,,ICTV_MSL41.v1_reference.xlsx,MSL,15066,15066
Omnilimnoviroviridae,ICTV 2026 (MSL41.v1),Varidnaviria,,Bamfordvirae,,Preplasmiviricota,Polisuviricotina,Virophaviricetes,,Priklausovirales,,dsDNA,DNA,1,,ICTV_MSL41.v1_reference.xlsx,MSL,16892,16892
Oomyviridae,ICTV 2026 (MSL41.v1),Floreoviria,,Shotokuvirae,,Cressdnaviricota,,Arfiviricetes,,Lineavirales,,ssDNA,DNA,38,,ICTV_MSL41.v1_reference.xlsx,MSL,7935,7972
Ootiviridae,ICTV 2026 (MSL41.v1),Riboviria,,Orthornavirae,,Duplornaviricota,,Chrymotiviricetes,,Ghabrivirales,Betatotivirineae,dsRNA,RNA,7,,ICTV_MSL41.v1_reference.xlsx,MSL,9263,9269
Orlajensenviridae,ICTV 2026 (MSL41.v1),Duplodnaviria,,Heunggongvirae,,Uroviricota,,Caudoviricetes,,,,dsDNA,DNA,11,,ICTV_MSL41.v1_reference.xlsx,MSL,3201,3211
Orpheoviridae,ICTV 2026 (MSL41.v1),Varidnaviria,,Bamfordvirae,,Nucleocytoviricota,,Megaviricetes,,Pimascovirales,Ocovirineae,dsDNA,DNA,1,,ICTV_MSL41.v1_reference.xlsx,MSL,16639,16639
Orthoherpesviridae,ICTV 2026 (MSL41.v1),Duplodnaviria,,Heunggongvirae,,Peploviricota,,Herviviricetes,,Herpesvirales,,dsDNA,DNA,118,,ICTV_MSL41.v1_reference.xlsx,MSL,51,168
Orthomyxoviridae,ICTV 2026 (MSL41.v1),Riboviria,,Orthornavirae,,Negarnaviricota,Polyploviricotina,Insthoviricetes,,Articulavirales,,ssRNA(-),RNA,21,,ICTV_MSL41.v1_reference.xlsx,MSL,14909,14929
Orthototiviridae,ICTV 2026 (MSL41.v1),Riboviria,,Orthornavirae,,Duplornaviricota,,Chrymotiviricetes,,Ghabrivirales,Alphatotivirineae,dsRNA,RNA,32,,ICTV_MSL41.v1_reference.xlsx,MSL,9129,9160
Osikeviridae,ICTV 2026 (MSL41.v1),Volvereviria,,Sangervirae,,Phixviricota,,Microviricetes,,Reekeekeevirales,,ssDNA(+),DNA,3,,ICTV_MSL41.v1_reference.xlsx,MSL,17013,17015
Ourmiaviridae,ICTV 2026 (MSL41.v1),Riboviria,,Orthornavirae,,Lenarviricota,,Miaviricetes,,Ourlivirales,,ssRNA(+),RNA,27,,ICTV_MSL41.v1_reference.xlsx,MSL,13093,13119
Ouroboviridae,ICTV 2026 (MSL41.v1),Floreoviria,,Shotokuvirae,,Cressdnaviricota,,Arfiviricetes,,Gredzevirales,,ssDNA(+/-),DNA,50,,ICTV_MSL41.v1_reference.xlsx,MSL,7818,7867
Ovaliviridae,ICTV 2026 (MSL41.v1),,,,,,,,,,,dsDNA,DNA,1,,ICTV_MSL41.v1_reference.xlsx,MSL,17317,17317
Pachyviridae,ICTV 2026 (MSL41.v1),Duplodnaviria,,Heunggongvirae,,Uroviricota,,Caudoviricetes,,,,dsDNA,DNA,5,,ICTV_MSL41.v1_reference.xlsx,MSL,3212,3216
Pamosaviridae,ICTV 2026 (MSL41.v1),Riboviria,,,,,,,,Tombendovirales,,ssRNA(+),RNA,1,,ICTV_MSL41.v1_reference.xlsx,MSL,16520,16520
Papillomaviridae,ICTV 2026 (MSL41.v1),Floreoviria,,Shotokuvirae,,Cossaviricota,,Papovaviricetes,,Zurhausenvirales,,dsDNA,DNA,133,,ICTV_MSL41.v1_reference.xlsx,MSL,7034,7166
Parahypoviridae,ICTV 2026 (MSL41.v1),Riboviria,,Orthornavirae,,Pisuviricota,,Stelpaviricetes,,Hypofuvirales,,ssRNA(+),RNA,14,,ICTV_MSL41.v1_reference.xlsx,MSL,15884,15897
Paramyxoviridae,ICTV 2026 (MSL41.v1),Riboviria,,Orthornavirae,,Negarnaviricota,Haploviricotina,Monjiviricetes,,Mononegavirales,,ssRNA(-),RNA,153,,ICTV_MSL41.v1_reference.xlsx,MSL,13405,13557
Parnassusviridae,ICTV 2026 (MSL41.v1),Varidnaviria,,Abadenavirae,,Produgelaviricota,,Belvinaviricetes,,Vinavirales,,dsDNA,DNA,1,,ICTV_MSL41.v1_reference.xlsx,MSL,16578,16578
Partitiviridae,ICTV 2026 (MSL41.v1),Riboviria,,Orthornavirae,,Pisuviricota,,Duplopiviricetes,,Durnavirales,,dsRNA,RNA,45,,ICTV_MSL41.v1_reference.xlsx,MSL,14961,15005
Parvoviridae,ICTV 2026 (MSL41.v1),Floreoviria,,Shotokuvirae,,Cossaviricota,,Quintoviricetes,,Piccovirales,,ssDNA; ssDNA(+/-),DNA,281,,ICTV_MSL41.v1_reference.xlsx,MSL,7167,7447
Paulinoviridae,ICTV 2026 (MSL41.v1),Efunaviria,,Loebvirae,,Hofneiviricota,,Faserviricetes,,Tubulavirales,,ssDNA(+),DNA,4,,ICTV_MSL41.v1_reference.xlsx,MSL,6658,6661
Pecoviridae,ICTV 2026 (MSL41.v1),Floreoviria,,Shotokuvirae,,Cressdnaviricota,,Arfiviricetes,,Ringavirales,,ssDNA(+/-),DNA,15,,ICTV_MSL41.v1_reference.xlsx,MSL,8002,8016
Peduoviridae,ICTV 2026 (MSL41.v1),Duplodnaviria,,Heunggongvirae,,Uroviricota,,Caudoviricetes,,,,dsDNA,DNA,127,,ICTV_MSL41.v1_reference.xlsx,MSL,3217,3343
Pequenoviridae,ICTV 2026 (MSL41.v1),Volvereviria,,Sangervirae,,Phixviricota,,Microviricetes,,Bullavirales,,ssDNA(+),DNA,1,,ICTV_MSL41.v1_reference.xlsx,MSL,16953,16953
Peribunyaviridae,ICTV 2026 (MSL41.v1),Riboviria,,Orthornavirae,,Negarnaviricota,Polyploviricotina,Bunyaviricetes,,Elliovirales,,ssRNA(-),RNA,152,,ICTV_MSL41.v1_reference.xlsx,MSL,14303,14454
Permutotetraviridae,ICTV 2026 (MSL41.v1),Riboviria,,Orthornavirae,,,,,,,,ssRNA(+),RNA,2,,ICTV_MSL41.v1_reference.xlsx,MSL,16242,16243
Pervagoviridae,ICTV 2026 (MSL41.v1),Duplodnaviria,,Heunggongvirae,,Uroviricota,,Caudoviricetes,,,,dsDNA,DNA,2,,ICTV_MSL41.v1_reference.xlsx,MSL,3344,3345
Pestiviridae,ICTV 2026 (MSL41.v1),Riboviria,,Orthornavirae,,Kitrinoviricota,,Flasuviricetes,,Amarillovirales,,ssRNA(+),RNA,23,,ICTV_MSL41.v1_reference.xlsx,MSL,10100,10122
Phasmaviridae,ICTV 2026 (MSL41.v1),Riboviria,,Orthornavirae,,Negarnaviricota,Polyploviricotina,Bunyaviricetes,,Elliovirales,,ssRNA; ssRNA(-),RNA,34,,ICTV_MSL41.v1_reference.xlsx,MSL,14455,14488
Phenuiviridae,ICTV 2026 (MSL41.v1),Riboviria,,Orthornavirae,,Negarnaviricota,Polyploviricotina,Bunyaviricetes,,Hareavirales,,ssRNA(+/-); ssRNA(-),RNA,223,,ICTV_MSL41.v1_reference.xlsx,MSL,14683,14905
Phlegiviridae,ICTV 2026 (MSL41.v1),Riboviria,,Orthornavirae,,Duplornaviricota,,Chrymotiviricetes,,Ghabrivirales,Alphatotivirineae,dsRNA,RNA,4,,ICTV_MSL41.v1_reference.xlsx,MSL,9161,9164
Phycodnaviridae,ICTV 2026 (MSL41.v1),Varidnaviria,,Bamfordvirae,,Nucleocytoviricota,,Megaviricetes,,Algavirales,,dsDNA,DNA,28,,ICTV_MSL41.v1_reference.xlsx,MSL,16579,16606
Phypoliviridae,ICTV 2026 (MSL41.v1),Varidnaviria,,Bamfordvirae,,Preplasmiviricota,Polisuviricotina,Aquintoviricetes,,Archintovirales,,dsDNA,DNA,1,,ICTV_MSL41.v1_reference.xlsx,MSL,16737,16737
Piccoloviridae,ICTV 2026 (MSL41.v1),Volvereviria,,Sangervirae,,Phixviricota,,Microviricetes,,Bullavirales,,ssDNA(+),DNA,1,,ICTV_MSL41.v1_reference.xlsx,MSL,16954,16954
Pichoviridae,ICTV 2026 (MSL41.v1),Volvereviria,,Sangervirae,,Phixviricota,,Microviricetes,,Gokushovirales,,ssDNA(+),DNA,16,,ICTV_MSL41.v1_reference.xlsx,MSL,16992,17007
Picobirnaviridae,ICTV 2026 (MSL41.v1),Riboviria,,Orthornavirae,,Pisuviricota,,Duplopiviricetes,,Durnavirales,,dsRNA,RNA,3,,ICTV_MSL41.v1_reference.xlsx,MSL,15006,15008
Picornaviridae,ICTV 2026 (MSL41.v1),Riboviria,,Orthornavirae,,Pisuviricota,,Pisoniviricetes,,Picornavirales,,ssRNA(+),RNA,159,,ICTV_MSL41.v1_reference.xlsx,MSL,15234,15392
Pieniviridae,ICTV 2026 (MSL41.v1),Volvereviria,,Sangervirae,,Phixviricota,,Microviricetes,,Alpavirales,,ssDNA(+),DNA,4,,ICTV_MSL41.v1_reference.xlsx,MSL,16921,16924
Pigerviridae,ICTV 2026 (MSL41.v1),Duplodnaviria,,Heunggongvirae,,Uroviricota,,Caudoviricetes,,Methanobavirales,,dsDNA,DNA,1,,ICTV_MSL41.v1_reference.xlsx,MSL,1347,1347
Pikkuviridae,ICTV 2026 (MSL41.v1),Volvereviria,,Sangervirae,,Phixviricota,,Microviricetes,,Alpavirales,,ssDNA(+),DNA,7,,ICTV_MSL41.v1_reference.xlsx,MSL,16925,16931
Pistolviridae,ICTV 2026 (MSL41.v1),Riboviria,,Orthornavirae,,Duplornaviricota,,Chrymotiviricetes,,Ghabrivirales,Betatotivirineae,dsRNA,RNA,4,,ICTV_MSL41.v1_reference.xlsx,MSL,9270,9273
Pithoviridae,ICTV 2026 (MSL41.v1),Varidnaviria,,Bamfordvirae,,Nucleocytoviricota,,Megaviricetes,,Pimascovirales,Ocovirineae,dsDNA,DNA,6,,ICTV_MSL41.v1_reference.xlsx,MSL,16640,16645
Piticuviridae,ICTV 2026 (MSL41.v1),Volvereviria,,Sangervirae,,Phixviricota,,Microviricetes,,Bullavirales,,ssDNA(+),DNA,1,,ICTV_MSL41.v1_reference.xlsx,MSL,16955,16955
Pituviridae,ICTV 2026 (MSL41.v1),Duplodnaviria,,Heunggongvirae,,Uroviricota,,Caudoviricetes,,,,dsDNA,DNA,8,,ICTV_MSL41.v1_reference.xlsx,MSL,3346,3353
Plasmaviridae,ICTV 2026 (MSL41.v1),,,,,,,,,,,dsDNA,DNA,1,,ICTV_MSL41.v1_reference.xlsx,MSL,17318,17318
Plectroviridae,ICTV 2026 (MSL41.v1),Efunaviria,,Loebvirae,,Hofneiviricota,,Faserviricetes,,Tubulavirales,,ssDNA(+),DNA,6,,ICTV_MSL41.v1_reference.xlsx,MSL,6662,6667
Pleolipoviridae,ICTV 2026 (MSL41.v1),Pleomoviria,,Trapavirae,,Saleviricota,,Huolimaviricetes,,Haloruvirales,,dsDNA; ssDNA; ssDNA(+/-),DNA,17,,ICTV_MSL41.v1_reference.xlsx,MSL,9025,9041
Pneumoviridae,ICTV 2026 (MSL41.v1),Riboviria,,Orthornavirae,,Negarnaviricota,Haploviricotina,Monjiviricetes,,Mononegavirales,,ssRNA(-),RNA,5,,ICTV_MSL41.v1_reference.xlsx,MSL,13558,13562
Polycipiviridae,ICTV 2026 (MSL41.v1),Riboviria,,Orthornavirae,,Pisuviricota,,Pisoniviricetes,,Picornavirales,,ssRNA(+),RNA,14,,ICTV_MSL41.v1_reference.xlsx,MSL,15393,15406
Polydnaviriformidae,ICTV 2026 (MSL41.v1),,,,,,,,,,,dsDNA,DNA,53,,ICTV_MSL41.v1_reference.xlsx,MSL,17319,17371
Polymycoviridae,ICTV 2026 (MSL41.v1),Riboviria,,Orthornavirae,,Pisuviricota,,Mycopleornaviricetes,,Xenadelphovirales,,dsRNA,RNA,28,,ICTV_MSL41.v1_reference.xlsx,MSL,15011,15038
Polyomaviridae,ICTV 2026 (MSL41.v1),Floreoviria,,Shotokuvirae,,Cossaviricota,,Papovaviricetes,,Sepolyvirales,,dsDNA,DNA,122,,ICTV_MSL41.v1_reference.xlsx,MSL,6912,7033
Pootjesviridae,ICTV 2026 (MSL41.v1),Duplodnaviria,,Heunggongvirae,,Uroviricota,,Caudoviricetes,,,,dsDNA,DNA,11,,ICTV_MSL41.v1_reference.xlsx,MSL,3354,3364
Portogloboviridae,ICTV 2026 (MSL41.v1),,,,,,,,,,,dsDNA,DNA,2,,ICTV_MSL41.v1_reference.xlsx,MSL,17372,17373
Pospiviroidae,ICTV 2026 (MSL41.v1),,,,,,,,,,,ssRNA,RNA,40,,ICTV_MSL41.v1_reference.xlsx,MSL,17374,17413
Potyliviridae,ICTV 2026 (MSL41.v1),Riboviria,,Orthornavirae,,Pisuviricota,,Stelpaviricetes,,Patatavirales,,ssRNA(+),RNA,2,,ICTV_MSL41.v1_reference.xlsx,MSL,15898,15899
Potyviridae,ICTV 2026 (MSL41.v1),Riboviria,,Orthornavirae,,Pisuviricota,,Stelpaviricetes,,Patatavirales,,ssRNA(+),RNA,264,,ICTV_MSL41.v1_reference.xlsx,MSL,15900,16163
Poxviridae,ICTV 2026 (MSL41.v1),Varidnaviria,,Bamfordvirae,,Nucleocytoviricota,,Pokkesviricetes,,Chitovirales,,dsDNA,DNA,56,,ICTV_MSL41.v1_reference.xlsx,MSL,16681,16736
Pseudototiviridae,ICTV 2026 (MSL41.v1),Riboviria,,Orthornavirae,,Duplornaviricota,,Chrymotiviricetes,,Ghabrivirales,Alphatotivirineae,dsRNA,RNA,46,,ICTV_MSL41.v1_reference.xlsx,MSL,9165,9210
Pseudoviridae,ICTV 2026 (MSL41.v1),Riboviria,,Pararnavirae,,Artverviricota,,Revtraviricetes,,Ortervirales,,ssRNA-RT,Reverse-transcribing,33,,ICTV_MSL41.v1_reference.xlsx,MSL,16422,16454
Pungoviridae,ICTV 2026 (MSL41.v1),Duplodnaviria,,Heunggongvirae,,Uroviricota,,Caudoviricetes,,,,dsDNA,DNA,1,,ICTV_MSL41.v1_reference.xlsx,MSL,3365,3365
Pyrstoviridae,ICTV 2026 (MSL41.v1),Duplodnaviria,,Heunggongvirae,,Uroviricota,,Caudoviricetes,,Kirjokansivirales,,dsDNA,DNA,2,,ICTV_MSL41.v1_reference.xlsx,MSL,1336,1337
Qinviridae,ICTV 2026 (MSL41.v1),Riboviria,,Orthornavirae,,Negarnaviricota,Haploviricotina,Chunqiuviricetes,,Muvirales,,ssRNA(-),RNA,8,,ICTV_MSL41.v1_reference.xlsx,MSL,13126,13133
Quadriviridae,ICTV 2026 (MSL41.v1),Riboviria,,Orthornavirae,,Duplornaviricota,,Chrymotiviricetes,,Ghabrivirales,Alphatotivirineae,dsRNA,RNA,3,,ICTV_MSL41.v1_reference.xlsx,MSL,9211,9213
Quambiviridae,ICTV 2026 (MSL41.v1),Riboviria,,Orthornavirae,,Ambiviricota,,Suforviricetes,,Crytulvirales,,ssRNA(+/-),RNA,4,,ICTV_MSL41.v1_reference.xlsx,MSL,9049,9052
Quasboviridae,ICTV 2026 (MSL41.v1),Duplodnaviria,,Heunggongvirae,,Uroviricota,,Caudoviricetes,,,,dsDNA,DNA,1,,ICTV_MSL41.v1_reference.xlsx,MSL,3366,3366
Redondoviridae,ICTV 2026 (MSL41.v1),Floreoviria,,Shotokuvirae,,Cressdnaviricota,,Arfiviricetes,,Recrevirales,,ssDNA(+/-),DNA,2,,ICTV_MSL41.v1_reference.xlsx,MSL,8000,8001
Retroviridae,ICTV 2026 (MSL41.v1),Riboviria,,Pararnavirae,,Artverviricota,,Revtraviricetes,,Ortervirales,,ssRNA-RT,Reverse-transcribing,65,,ICTV_MSL41.v1_reference.xlsx,MSL,16455,16519
Rhabdoviridae,ICTV 2026 (MSL41.v1),Riboviria,,Orthornavirae,,Negarnaviricota,Haploviricotina,Monjiviricetes,,Mononegavirales,,ssRNA(-),RNA,615,,ICTV_MSL41.v1_reference.xlsx,MSL,13563,14177
Rhizouliviridae,ICTV 2026 (MSL41.v1),Riboviria,,Orthornavirae,,Lenarviricota,,Miaviricetes,,Ourlivirales,,ssRNA(+),RNA,6,,ICTV_MSL41.v1_reference.xlsx,MSL,13120,13125
Rhodogtaviriformidae,ICTV 2026 (MSL41.v1),,,,,,,,,,,dsDNA,DNA,4,,ICTV_MSL41.v1_reference.xlsx,MSL,17414,17417
Roniviridae,ICTV 2026 (MSL41.v1),Riboviria,,Orthornavirae,,Pisuviricota,,Pisoniviricetes,,Nidovirales,Ronidovirineae,ssRNA(+),RNA,4,,ICTV_MSL41.v1_reference.xlsx,MSL,15143,15146
Rountreeviridae,ICTV 2026 (MSL41.v1),Duplodnaviria,,Heunggongvirae,,Uroviricota,,Caudoviricetes,,,,dsDNA,DNA,39,,ICTV_MSL41.v1_reference.xlsx,MSL,3367,3405
Rudiviridae,ICTV 2026 (MSL41.v1),Adnaviria,,Zilligvirae,,Taleaviricota,,Tokiviricetes,,Ligamenvirales,,dsDNA,DNA,17,,ICTV_MSL41.v1_reference.xlsx,MSL,13,29
Ruviroviridae,ICTV 2026 (MSL41.v1),Varidnaviria,,Bamfordvirae,,Preplasmiviricota,Polisuviricotina,Virophaviricetes,,Divpevirales,,dsDNA,DNA,1,,ICTV_MSL41.v1_reference.xlsx,MSL,16885,16885
Saffermanviridae,ICTV 2026 (MSL41.v1),Duplodnaviria,,Heunggongvirae,,Uroviricota,,Caudoviricetes,,,,dsDNA,DNA,10,,ICTV_MSL41.v1_reference.xlsx,MSL,3406,3415
Saladoviridae,ICTV 2026 (MSL41.v1),Duplodnaviria,,Heunggongvirae,,Uroviricota,,Caudoviricetes,,,,dsDNA,DNA,2,,ICTV_MSL41.v1_reference.xlsx,MSL,3416,3417
Salasmaviridae,ICTV 2026 (MSL41.v1),Duplodnaviria,,Heunggongvirae,,Uroviricota,,Caudoviricetes,,,,dsDNA,DNA,35,,ICTV_MSL41.v1_reference.xlsx,MSL,3418,3452
Saparoviridae,ICTV 2026 (MSL41.v1),Duplodnaviria,,Heunggongvirae,,Uroviricota,,Caudoviricetes,,,,dsDNA,DNA,2,,ICTV_MSL41.v1_reference.xlsx,MSL,3453,3454
Sarkviridae,ICTV 2026 (MSL41.v1),Duplodnaviria,,Heunggongvirae,,Uroviricota,,Caudoviricetes,,,,dsDNA,DNA,91,,ICTV_MSL41.v1_reference.xlsx,MSL,3455,3545
Sarthroviridae,ICTV 2026 (MSL41.v1),Riboviria,,,,,,,,Tombendovirales,,ssRNA(+),RNA,1,,ICTV_MSL41.v1_reference.xlsx,MSL,16521,16521
Satyavativiridae,ICTV 2026 (MSL41.v1),Duplodnaviria,,Heunggongvirae,,Uroviricota,,Caudoviricetes,,Adrikavirales,,dsDNA,DNA,1,,ICTV_MSL41.v1_reference.xlsx,MSL,169,169
Schitoviridae,ICTV 2026 (MSL41.v1),Duplodnaviria,,Heunggongvirae,,Uroviricota,,Caudoviricetes,,,,dsDNA,DNA,184,,ICTV_MSL41.v1_reference.xlsx,MSL,3546,3729
Schizomimiviridae,ICTV 2026 (MSL41.v1),Varidnaviria,,Bamfordvirae,,Nucleocytoviricota,,Megaviricetes,,Imitervirales,Paramivirineae,dsDNA,DNA,2,,ICTV_MSL41.v1_reference.xlsx,MSL,16636,16637
Seadebiviridae,ICTV 2026 (MSL41.v1),Duplodnaviria,,Heunggongvirae,,Uroviricota,,Caudoviricetes,,,,dsDNA,DNA,3,,ICTV_MSL41.v1_reference.xlsx,MSL,3730,3732
Secoviridae,ICTV 2026 (MSL41.v1),Riboviria,,Orthornavirae,,Pisuviricota,,Pisoniviricetes,,Picornavirales,,ssRNA(+),RNA,215,,ICTV_MSL41.v1_reference.xlsx,MSL,15407,15621
Sedoreoviridae,ICTV 2026 (MSL41.v1),Riboviria,,Orthornavirae,,Duplornaviricota,,Resentoviricetes,,Reovirales,,dsRNA,RNA,45,,ICTV_MSL41.v1_reference.xlsx,MSL,9280,9324
Shortaselviridae,ICTV 2026 (MSL41.v1),Duplodnaviria,,Heunggongvirae,,Uroviricota,,Caudoviricetes,,Kirjokansivirales,,dsDNA,DNA,1,,ICTV_MSL41.v1_reference.xlsx,MSL,1338,1338
Simuloviridae,ICTV 2026 (MSL41.v1),Singelaviria,,Helvetiavirae,,Dividoviricota,,Laserviricetes,,Halopanivirales,,dsDNA,DNA,3,,ICTV_MSL41.v1_reference.xlsx,MSL,16551,16553
Sinhaliviridae,ICTV 2026 (MSL41.v1),Riboviria,,Orthornavirae,,Kitrinoviricota,,Magsaviricetes,,Nodamuvirales,,ssRNA(+),RNA,2,,ICTV_MSL41.v1_reference.xlsx,MSL,10132,10133
Skuldviridae,ICTV 2026 (MSL41.v1),Varidnaviria,,Abadenavirae,,Produgelaviricota,,Belvinaviricetes,,Atroposvirales,,dsDNA,DNA,2,,ICTV_MSL41.v1_reference.xlsx,MSL,16560,16561
Smacoviridae,ICTV 2026 (MSL41.v1),Floreoviria,,Shotokuvirae,,Cressdnaviricota,,Arfiviricetes,,Cremevirales,,ssDNA(+/-),DNA,143,,ICTV_MSL41.v1_reference.xlsx,MSL,7667,7809
Soleiviridae,ICTV 2026 (MSL41.v1),Duplodnaviria,,Heunggongvirae,,Uroviricota,,Caudoviricetes,,Thumleimavirales,,dsDNA,DNA,1,,ICTV_MSL41.v1_reference.xlsx,MSL,1728,1728
Solemoviridae,ICTV 2026 (MSL41.v1),Riboviria,,Orthornavirae,,Pisuviricota,,Pisoniviricetes,,Sobelivirales,,ssRNA(+),RNA,148,,ICTV_MSL41.v1_reference.xlsx,MSL,15626,15773
Solinviviridae,ICTV 2026 (MSL41.v1),Riboviria,,Orthornavirae,,Pisuviricota,,Pisoniviricetes,,Picornavirales,,ssRNA(+),RNA,2,,ICTV_MSL41.v1_reference.xlsx,MSL,15622,15623
Solspiviridae,ICTV 2026 (MSL41.v1),Riboviria,,Orthornavirae,,Lenarviricota,,Leviviricetes,,Norzivirales,,ssRNA(+),RNA,101,,ICTV_MSL41.v1_reference.xlsx,MSL,11504,11604
Soropartitiviridae,ICTV 2026 (MSL41.v1),Riboviria,,Orthornavirae,,Pisuviricota,,Duplopiviricetes,,Durnavirales,,dsRNA,RNA,1,,ICTV_MSL41.v1_reference.xlsx,MSL,15009,15009
Speroviridae,ICTV 2026 (MSL41.v1),Duplodnaviria,,Heunggongvirae,,Uroviricota,,Caudoviricetes,,,,dsDNA,DNA,1,,ICTV_MSL41.v1_reference.xlsx,MSL,3733,3733
Sphaerolipoviridae,ICTV 2026 (MSL41.v1),Singelaviria,,Helvetiavirae,,Dividoviricota,,Laserviricetes,,Halopanivirales,,dsDNA,DNA,4,,ICTV_MSL41.v1_reference.xlsx,MSL,16554,16557
Spiciviridae,ICTV 2026 (MSL41.v1),Riboviria,,Orthornavirae,,Duplornaviricota,,Chrymotiviricetes,,Ghabrivirales,Alphatotivirineae,dsRNA,RNA,13,,ICTV_MSL41.v1_reference.xlsx,MSL,9214,9226
Spinareoviridae,ICTV 2026 (MSL41.v1),Riboviria,,Orthornavirae,,Duplornaviricota,,Resentoviricetes,,Reovirales,,dsRNA,RNA,59,,ICTV_MSL41.v1_reference.xlsx,MSL,9325,9383
Spiraviridae,ICTV 2026 (MSL41.v1),,,,,,,,,,,ssDNA(+),DNA,1,,ICTV_MSL41.v1_reference.xlsx,MSL,17418,17418
Splipalmiviridae,ICTV 2026 (MSL41.v1),Riboviria,,Orthornavirae,,Lenarviricota,,Amabiliviricetes,,Wolframvirales,,ssRNA(+),RNA,16,,ICTV_MSL41.v1_reference.xlsx,MSL,10281,10296
Sputniviroviridae,ICTV 2026 (MSL41.v1),Varidnaviria,,Bamfordvirae,,Preplasmiviricota,Polisuviricotina,Virophaviricetes,,Mividavirales,,dsDNA,DNA,2,,ICTV_MSL41.v1_reference.xlsx,MSL,16887,16888
Stackebrandtviridae,ICTV 2026 (MSL41.v1),Duplodnaviria,,Heunggongvirae,,Uroviricota,,Caudoviricetes,,,,dsDNA,DNA,67,,ICTV_MSL41.v1_reference.xlsx,MSL,3734,3800
Stanwilliamsviridae,ICTV 2026 (MSL41.v1),Duplodnaviria,,Heunggongvirae,,Uroviricota,,Caudoviricetes,,,,dsDNA,DNA,27,,ICTV_MSL41.v1_reference.xlsx,MSL,3801,3827
Steigviridae,ICTV 2026 (MSL41.v1),Duplodnaviria,,Heunggongvirae,,Uroviricota,,Caudoviricetes,,Crassvirales,,dsDNA,DNA,28,,ICTV_MSL41.v1_reference.xlsx,MSL,1240,1267
Steitzviridae,ICTV 2026 (MSL41.v1),Riboviria,,Orthornavirae,,Lenarviricota,,Leviviricetes,,Timlovirales,,ssRNA(+),RNA,1289,,ICTV_MSL41.v1_reference.xlsx,MSL,11643,12931
Straboviridae,ICTV 2026 (MSL41.v1),Duplodnaviria,,Heunggongvirae,,Uroviricota,,Caudoviricetes,,Pantevenvirales,,dsDNA,DNA,232,,ICTV_MSL41.v1_reference.xlsx,MSL,1482,1713
Sukshmaviridae,ICTV 2026 (MSL41.v1),Volvereviria,,Sangervirae,,Phixviricota,,Microviricetes,,Gokushovirales,,ssDNA(+),DNA,5,,ICTV_MSL41.v1_reference.xlsx,MSL,17008,17012
Sunviridae,ICTV 2026 (MSL41.v1),Riboviria,,Orthornavirae,,Negarnaviricota,Haploviricotina,Monjiviricetes,,Mononegavirales,,ssRNA(-),RNA,1,,ICTV_MSL41.v1_reference.xlsx,MSL,14178,14178
Suolaviridae,ICTV 2026 (MSL41.v1),Duplodnaviria,,Heunggongvirae,,Uroviricota,,Caudoviricetes,,,,dsDNA,DNA,1,,ICTV_MSL41.v1_reference.xlsx,MSL,3828,3828
Suoliviridae,ICTV 2026 (MSL41.v1),Duplodnaviria,,Heunggongvirae,,Uroviricota,,Caudoviricetes,,Crassvirales,,dsDNA,DNA,50,,ICTV_MSL41.v1_reference.xlsx,MSL,1268,1317
Tainaviridae,ICTV 2026 (MSL41.v1),Volvereviria,,Sangervirae,,Phixviricota,,Microviricetes,,Secretvirales,,ssDNA(+),DNA,3,,ICTV_MSL41.v1_reference.xlsx,MSL,17033,17035
Tectiviridae,ICTV 2026 (MSL41.v1),Varidnaviria,,Bamfordvirae,,Preplasmiviricota,Prepoliviricotina,Tectiliviricetes,,Kalamavirales,,dsDNA,DNA,12,,ICTV_MSL41.v1_reference.xlsx,MSL,16893,16904
Tenebraviridae,ICTV 2026 (MSL41.v1),Duplodnaviria,,Heunggongvirae,,Uroviricota,,Caudoviricetes,,,,dsDNA,DNA,1,,ICTV_MSL41.v1_reference.xlsx,MSL,3829,3829
Thalassapleoviridae,ICTV 2026 (MSL41.v1),Pleomoviria,,Trapavirae,,Calorviricota,,Caminiviricetes,,Ageovirales,,dsDNA,DNA,5,,ICTV_MSL41.v1_reference.xlsx,MSL,9019,9023
Thaspiviridae,ICTV 2026 (MSL41.v1),,,,,,,,,,,dsDNA,DNA,1,,ICTV_MSL41.v1_reference.xlsx,MSL,17419,17419
Tinaiviridae,ICTV 2026 (MSL41.v1),Duplodnaviria,,Heunggongvirae,,Uroviricota,,Caudoviricetes,,Paracrassvirales,,dsDNA,DNA,1,,ICTV_MSL41.v1_reference.xlsx,MSL,1714,1714
Tobaliviridae,ICTV 2026 (MSL41.v1),Riboviria,,Orthornavirae,,Kitrinoviricota,,Alsuviricetes,,Martellivirales,,ssRNA(+),RNA,9,,ICTV_MSL41.v1_reference.xlsx,MSL,9631,9639
Tobaniviridae,ICTV 2026 (MSL41.v1),Riboviria,,Orthornavirae,,Pisuviricota,,Pisoniviricetes,,Nidovirales,Tornidovirineae,ssRNA(+),RNA,22,,ICTV_MSL41.v1_reference.xlsx,MSL,15147,15168
Togaviridae,ICTV 2026 (MSL41.v1),Riboviria,,Orthornavirae,,Kitrinoviricota,,Alsuviricetes,,Martellivirales,,ssRNA(+),RNA,32,,ICTV_MSL41.v1_reference.xlsx,MSL,9640,9671
Tolecusatellitidae,ICTV 2026 (MSL41.v1),,,,,,,,,,,ssDNA; ssDNA(+/-); ssDNA(-),DNA,133,,ICTV_MSL41.v1_reference.xlsx,MSL,17420,17552
Tombusviridae,ICTV 2026 (MSL41.v1),Riboviria,,Orthornavirae,,Kitrinoviricota,,Tolucaviricetes,,Tolivirales,,ssRNA(+),RNA,102,,ICTV_MSL41.v1_reference.xlsx,MSL,10177,10278
Tomosaviridae,ICTV 2026 (MSL41.v1),Riboviria,,,,,,,,Tombendovirales,,ssRNA(+),RNA,1,,ICTV_MSL41.v1_reference.xlsx,MSL,16522,16522
Tonesaviridae,ICTV 2026 (MSL41.v1),Riboviria,,,,,,,,,,ssRNA(+),RNA,4,,ICTV_MSL41.v1_reference.xlsx,MSL,16523,16526
Tosoviridae,ICTV 2026 (MSL41.v1),Riboviria,,Orthornavirae,,Negarnaviricota,Polyploviricotina,Bunyaviricetes,,Hareavirales,,ssRNA(+/-),RNA,1,,ICTV_MSL41.v1_reference.xlsx,MSL,14906,14906
Tospoviridae,ICTV 2026 (MSL41.v1),Riboviria,,Orthornavirae,,Negarnaviricota,Polyploviricotina,Bunyaviricetes,,Elliovirales,,ssRNA(+/-),RNA,36,,ICTV_MSL41.v1_reference.xlsx,MSL,14489,14524
Toyamaviridae,ICTV 2026 (MSL41.v1),Duplodnaviria,,Heunggongvirae,,Uroviricota,,Caudoviricetes,,,,dsDNA,DNA,3,,ICTV_MSL41.v1_reference.xlsx,MSL,3830,3832
Trautnerviridae,ICTV 2026 (MSL41.v1),Duplodnaviria,,Heunggongvirae,,Uroviricota,,Caudoviricetes,,,,dsDNA,DNA,6,,ICTV_MSL41.v1_reference.xlsx,MSL,3833,3838
Trimbiviridae,ICTV 2026 (MSL41.v1),Riboviria,,Orthornavirae,,Ambiviricota,,Suforviricetes,,Crytulvirales,,ssRNA(+/-),RNA,5,,ICTV_MSL41.v1_reference.xlsx,MSL,9053,9057
Tripviridae,ICTV 2026 (MSL41.v1),Duplodnaviria,,Heunggongvirae,,Uroviricota,,Caudoviricetes,,Metacrassvirales,,dsDNA,DNA,1,,ICTV_MSL41.v1_reference.xlsx,MSL,1342,1342
Tristromaviridae,ICTV 2026 (MSL41.v1),Adnaviria,,Zilligvirae,,Taleaviricota,,Tokiviricetes,,Primavirales,,dsDNA,DNA,3,,ICTV_MSL41.v1_reference.xlsx,MSL,33,35
Tulasviridae,ICTV 2026 (MSL41.v1),Riboviria,,Orthornavirae,,Negarnaviricota,Polyploviricotina,Bunyaviricetes,,Elliovirales,,ssRNA(+/-),RNA,2,,ICTV_MSL41.v1_reference.xlsx,MSL,14525,14526
Turriviridae,ICTV 2026 (MSL41.v1),Varidnaviria,,Abadenavirae,,Produgelaviricota,,Belvinaviricetes,,Belfryvirales,,dsDNA,DNA,2,,ICTV_MSL41.v1_reference.xlsx,MSL,16562,16563
Tymoviridae,ICTV 2026 (MSL41.v1),Riboviria,,Orthornavirae,,Kitrinoviricota,,Alsuviricetes,,Tymovirales,,ssDNA(+/-); ssRNA(+),Mixed/unknown,43,,ICTV_MSL41.v1_reference.xlsx,MSL,9971,10013
Umezonoviridae,ICTV 2026 (MSL41.v1),Duplodnaviria,,Heunggongvirae,,Uroviricota,,Caudoviricetes,,,,dsDNA,DNA,55,,ICTV_MSL41.v1_reference.xlsx,MSL,3839,3893
Unambiviridae,ICTV 2026 (MSL41.v1),Riboviria,,Orthornavirae,,Ambiviricota,,Suforviricetes,,Crytulvirales,,ssRNA(+/-),RNA,4,,ICTV_MSL41.v1_reference.xlsx,MSL,9058,9061
Ungulaviridae,ICTV 2026 (MSL41.v1),Adnaviria,,Zilligvirae,,Taleaviricota,,Tokiviricetes,,Ligamenvirales,,dsDNA,DNA,1,,ICTV_MSL41.v1_reference.xlsx,MSL,30,30
Usuviridae,ICTV 2026 (MSL41.v1),Duplodnaviria,,Heunggongvirae,,Uroviricota,,Caudoviricetes,,Methanobavirales,,dsDNA,DNA,2,,ICTV_MSL41.v1_reference.xlsx,MSL,1348,1349
Vandenendeviridae,ICTV 2026 (MSL41.v1),Duplodnaviria,,Heunggongvirae,,Uroviricota,,Caudoviricetes,,,,dsDNA,DNA,73,,ICTV_MSL41.v1_reference.xlsx,MSL,3894,3966
Verdandiviridae,ICTV 2026 (MSL41.v1),Duplodnaviria,,Heunggongvirae,,Uroviricota,,Caudoviricetes,,,,dsDNA,DNA,3,,ICTV_MSL41.v1_reference.xlsx,MSL,3967,3969
Vertoviridae,ICTV 2026 (MSL41.v1),Duplodnaviria,,Heunggongvirae,,Uroviricota,,Caudoviricetes,,,,dsDNA,DNA,3,,ICTV_MSL41.v1_reference.xlsx,MSL,3970,3972
Vilmaviridae,ICTV 2026 (MSL41.v1),Duplodnaviria,,Heunggongvirae,,Uroviricota,,Caudoviricetes,,,,dsDNA,DNA,28,,ICTV_MSL41.v1_reference.xlsx,MSL,3973,4000
Vilyaviridae,ICTV 2026 (MSL41.v1),Floreoviria,,Shotokuvirae,,Cressdnaviricota,,Arfiviricetes,,Cirlivirales,,ssDNA; ssDNA(+/-),DNA,27,,ICTV_MSL41.v1_reference.xlsx,MSL,7640,7666
Virgaviridae,ICTV 2026 (MSL41.v1),Riboviria,,Orthornavirae,,Kitrinoviricota,,Alsuviricetes,,Martellivirales,,ssRNA(+),RNA,59,,ICTV_MSL41.v1_reference.xlsx,MSL,9672,9730
Winoviridae,ICTV 2026 (MSL41.v1),Duplodnaviria,,Heunggongvirae,,Uroviricota,,Caudoviricetes,,,,dsDNA,DNA,3,,ICTV_MSL41.v1_reference.xlsx,MSL,4001,4003
Wupedeviridae,ICTV 2026 (MSL41.v1),Riboviria,,Orthornavirae,,Negarnaviricota,Polyploviricotina,Bunyaviricetes,,Hareavirales,,ssRNA(-),RNA,1,,ICTV_MSL41.v1_reference.xlsx,MSL,14907,14907
Xigoviridae,ICTV 2026 (MSL41.v1),,,,,,,,,,,dsDNA,DNA,1,,ICTV_MSL41.v1_reference.xlsx,MSL,17553,17553
Xinmoviridae,ICTV 2026 (MSL41.v1),Riboviria,,Orthornavirae,,Negarnaviricota,Haploviricotina,Monjiviricetes,,Mononegavirales,,ssRNA(-),RNA,30,,ICTV_MSL41.v1_reference.xlsx,MSL,14179,14208
Yadokariviridae,ICTV 2026 (MSL41.v1),Riboviria,,Orthornavirae,,Pisuviricota,,,,Yadokarivirales,,ssRNA(+),RNA,10,,ICTV_MSL41.v1_reference.xlsx,MSL,16195,16204
Yadonushiviridae,ICTV 2026 (MSL41.v1),Riboviria,,Orthornavirae,,Duplornaviricota,,Chrymotiviricetes,,Ghabrivirales,Betatotivirineae,dsRNA,RNA,1,,ICTV_MSL41.v1_reference.xlsx,MSL,9274,9274
Yamazakiviridae,ICTV 2026 (MSL41.v1),,,,,,,,,,,dsDNA,DNA,1,,ICTV_MSL41.v1_reference.xlsx,MSL,17554,17554
Yangangviridae,ICTV 2026 (MSL41.v1),Duplodnaviria,,Heunggongvirae,,Uroviricota,,Caudoviricetes,,Juravirales,,dsDNA,DNA,3,,ICTV_MSL41.v1_reference.xlsx,MSL,1326,1328
Yanlukaviridae,ICTV 2026 (MSL41.v1),Duplodnaviria,,Heunggongvirae,,Uroviricota,,Caudoviricetes,,Juravirales,,dsDNA,DNA,1,,ICTV_MSL41.v1_reference.xlsx,MSL,1329,1329
Yaraviridae,ICTV 2026 (MSL41.v1),Varidnaviria,,Bamfordvirae,,Nucleocytoviricota,,Mriyaviricetes,,,,dsDNA,DNA,1,,ICTV_MSL41.v1_reference.xlsx,MSL,16679,16679
Yueviridae,ICTV 2026 (MSL41.v1),Riboviria,,Orthornavirae,,Negarnaviricota,Haploviricotina,Yunchangviricetes,,Goujianvirales,,ssRNA(-),RNA,2,,ICTV_MSL41.v1_reference.xlsx,MSL,14209,14210
Zierdtviridae,ICTV 2026 (MSL41.v1),Duplodnaviria,,Heunggongvirae,,Uroviricota,,Caudoviricetes,,,,dsDNA,DNA,27,,ICTV_MSL41.v1_reference.xlsx,MSL,4004,4030
Zimmerviridae,ICTV 2026 (MSL41.v1),Duplodnaviria,,Heunggongvirae,,Uroviricota,,Caudoviricetes,,,,dsDNA,DNA,22,,ICTV_MSL41.v1_reference.xlsx,MSL,4031,4052
Zobellviridae,ICTV 2026 (MSL41.v1),Duplodnaviria,,Heunggongvirae,,Uroviricota,,Caudoviricetes,,,,dsDNA,DNA,11,,ICTV_MSL41.v1_reference.xlsx,MSL,4053,4063
