Current_ICTV_family,Realm,Kingdom,Phylum,Class,Order,Genome,Genome_class,Species_count,Eukaryotic_scope_status,Include_in_eukaryotic_main_figure,Host_sources,Has_eukaryotic_host_source,Has_eukaryotic_sample_source_only,Has_prokaryotic_host_source,Has_environmental_only_host_source,VMR_family_row_count,VMR_source
Abyssoviridae,Riboviria,Orthornavirae,Pisuviricota,Pisoniviricetes,Nidovirales,ssRNA(+),RNA,1,include_eukaryotic,yes,invertebrates,yes,no,no,no,1,input_original/manual_downloads/ICTV_VMR/VMR_MSL41.v1.20260721.xlsx
Ackermannviridae,Duplodnaviria,Heunggongvirae,Uroviricota,Caudoviricetes,Pantevenvirales,dsDNA,DNA,63,exclude_prokaryotic,no,bacteria,no,no,yes,no,63,input_original/manual_downloads/ICTV_VMR/VMR_MSL41.v1.20260721.xlsx
Adamaviridae,Floreoviria,Shotokuvirae,Cressdnaviricota,Arfiviricetes,Rohanvirales,ssDNA(+/-),DNA,22,include_eukaryotic,yes,freshwater (s); invertebrates; invertebrates (s); marine (s); sewage (s); vertebrates,yes,yes,no,yes,22,input_original/manual_downloads/ICTV_VMR/VMR_MSL41.v1.20260721.xlsx
Adenoviridae,Varidnaviria,Bamfordvirae,Preplasmiviricota,Pharingeaviricetes,Rowavirales,dsDNA,DNA,145,include_eukaryotic,yes,vertebrates,yes,no,no,no,280,input_original/manual_downloads/ICTV_VMR/VMR_MSL41.v1.20260721.xlsx
Aggregaviridae,Duplodnaviria,Heunggongvirae,Uroviricota,Caudoviricetes,,dsDNA,DNA,1,exclude_prokaryotic,no,bacteria,no,no,yes,no,1,input_original/manual_downloads/ICTV_VMR/VMR_MSL41.v1.20260721.xlsx
Ahmunviridae,Adnaviria,Zilligvirae,Taleaviricota,Tokiviricetes,Maximonvirales,dsDNA,DNA,2,exclude_prokaryotic,no,archaea,no,no,yes,no,2,input_original/manual_downloads/ICTV_VMR/VMR_MSL41.v1.20260721.xlsx
Ahpuchviridae,Duplodnaviria,Heunggongvirae,Uroviricota,Caudoviricetes,Nakonvirales,dsDNA,DNA,1,exclude_prokaryotic,no,archaea,no,no,yes,no,1,input_original/manual_downloads/ICTV_VMR/VMR_MSL41.v1.20260721.xlsx
Aliceevansviridae,Duplodnaviria,Heunggongvirae,Uroviricota,Caudoviricetes,,dsDNA,DNA,126,exclude_prokaryotic,no,bacteria,no,no,yes,no,126,input_original/manual_downloads/ICTV_VMR/VMR_MSL41.v1.20260721.xlsx
Alisviridae,Duplodnaviria,Heunggongvirae,Uroviricota,Caudoviricetes,,dsDNA,DNA,8,exclude_prokaryotic,no,bacteria,no,no,yes,no,8,input_original/manual_downloads/ICTV_VMR/VMR_MSL41.v1.20260721.xlsx
Aliusviridae,Riboviria,Orthornavirae,Negarnaviricota,Monjiviricetes,Jingchuvirales,ssRNA(-),RNA,12,include_eukaryotic,yes,invertebrates,yes,no,no,no,12,input_original/manual_downloads/ICTV_VMR/VMR_MSL41.v1.20260721.xlsx
Alloherpesviridae,Duplodnaviria,Heunggongvirae,Peploviricota,Herviviricetes,Herpesvirales,dsDNA,DNA,13,include_eukaryotic,yes,vertebrates,yes,no,no,no,13,input_original/manual_downloads/ICTV_VMR/VMR_MSL41.v1.20260721.xlsx
Allomimiviridae,Varidnaviria,Bamfordvirae,Nucleocytoviricota,Megaviricetes,Imitervirales,dsDNA,DNA,4,include_eukaryotic,yes,protists,yes,no,no,no,4,input_original/manual_downloads/ICTV_VMR/VMR_MSL41.v1.20260721.xlsx
Alphaflexiviridae,Riboviria,Orthornavirae,Kitrinoviricota,Alsuviricetes,Tymovirales,ssRNA(+),RNA,73,include_eukaryotic,yes,fungi; plants,yes,no,no,no,75,input_original/manual_downloads/ICTV_VMR/VMR_MSL41.v1.20260721.xlsx
Alphagokushoviridae,Volvereviria,Sangervirae,Phixviricota,Microviricetes,Gokushovirales,ssDNA(+),DNA,7,exclude_prokaryotic,no,bacteria,no,no,yes,no,7,input_original/manual_downloads/ICTV_VMR/VMR_MSL41.v1.20260721.xlsx
Alphaormycoviridae,Riboviria,Orthornavirae,,Orpoviricetes,Bormycovirales,ssRNA,RNA,9,include_eukaryotic,yes,fungi (s); protists; protists (s),yes,yes,no,no,9,input_original/manual_downloads/ICTV_VMR/VMR_MSL41.v1.20260721.xlsx
Alphasatellitidae,,,,,,ssDNA; ssDNA(+); ssDNA(+/-),DNA,93,include_eukaryotic,yes,invertebrates; plants; plants (s),yes,yes,no,no,93,input_original/manual_downloads/ICTV_VMR/VMR_MSL41.v1.20260721.xlsx
Alphatetraviridae,Riboviria,Orthornavirae,Kitrinoviricota,Alsuviricetes,Hepelivirales,ssRNA(+),RNA,10,include_eukaryotic,yes,invertebrates,yes,no,no,no,10,input_original/manual_downloads/ICTV_VMR/VMR_MSL41.v1.20260721.xlsx
Alternaviridae,Riboviria,Orthornavirae,Duplornaviricota,Chrymotiviricetes,Ghabrivirales,dsRNA,RNA,5,include_eukaryotic,yes,fungi,yes,no,no,no,5,input_original/manual_downloads/ICTV_VMR/VMR_MSL41.v1.20260721.xlsx
Altumviridae,Duplodnaviria,Heunggongvirae,Uroviricota,Caudoviricetes,,dsDNA,DNA,2,exclude_prokaryotic,no,archaea,no,no,yes,no,2,input_original/manual_downloads/ICTV_VMR/VMR_MSL41.v1.20260721.xlsx
Alvernaviridae,Riboviria,Orthornavirae,Pisuviricota,Pisoniviricetes,Sobelivirales,ssRNA(+),RNA,1,include_eukaryotic,yes,protists,yes,no,no,no,1,input_original/manual_downloads/ICTV_VMR/VMR_MSL41.v1.20260721.xlsx
Amalgaviridae,Riboviria,Orthornavirae,Pisuviricota,Duplopiviricetes,Durnavirales,dsRNA,RNA,23,include_eukaryotic,yes,fungi; plants,yes,no,no,no,23,input_original/manual_downloads/ICTV_VMR/VMR_MSL41.v1.20260721.xlsx
Ambiguiviridae,Riboviria,Orthornavirae,Kitrinoviricota,Tolucaviricetes,Tolivirales,ssRNA(+),RNA,42,include_eukaryotic,yes,fungi; invertebrates (s); phytobiome (s); plants (s); soil (s),yes,yes,no,yes,42,input_original/manual_downloads/ICTV_VMR/VMR_MSL41.v1.20260721.xlsx
Amesuviridae,Floreoviria,Shotokuvirae,Cressdnaviricota,Arfiviricetes,Mulpavirales,ssDNA(+/-),DNA,2,include_eukaryotic,yes,plants,yes,no,no,no,2,input_original/manual_downloads/ICTV_VMR/VMR_MSL41.v1.20260721.xlsx
Amnoonviridae,Riboviria,Orthornavirae,Negarnaviricota,Insthoviricetes,Articulavirales,ssRNA(-),RNA,1,include_eukaryotic,yes,vertebrates,yes,no,no,no,1,input_original/manual_downloads/ICTV_VMR/VMR_MSL41.v1.20260721.xlsx
Ampullaviridae,,,,,,dsDNA,DNA,3,exclude_prokaryotic,no,archaea,no,no,yes,no,3,input_original/manual_downloads/ICTV_VMR/VMR_MSL41.v1.20260721.xlsx
Anaerodiviridae,Duplodnaviria,Heunggongvirae,Uroviricota,Caudoviricetes,Methanobavirales,dsDNA,DNA,1,exclude_prokaryotic,no,archaea,no,no,yes,no,1,input_original/manual_downloads/ICTV_VMR/VMR_MSL41.v1.20260721.xlsx
Anamaviridae,Duplodnaviria,Heunggongvirae,Uroviricota,Caudoviricetes,,dsDNA,DNA,28,exclude_prokaryotic,no,bacteria,no,no,yes,no,28,input_original/manual_downloads/ICTV_VMR/VMR_MSL41.v1.20260721.xlsx
Andersonviridae,Duplodnaviria,Heunggongvirae,Uroviricota,Caudoviricetes,,dsDNA,DNA,126,exclude_prokaryotic,no,bacteria,no,no,yes,no,126,input_original/manual_downloads/ICTV_VMR/VMR_MSL41.v1.20260721.xlsx
Anelloviridae,Floreoviria,Shotokuvirae,Commensaviricota,Cardeaviricetes,Sanitavirales,ssDNA(+/-); ssDNA(-),DNA,243,include_eukaryotic,yes,invertebrates; vertebrates,yes,no,no,no,243,input_original/manual_downloads/ICTV_VMR/VMR_MSL41.v1.20260721.xlsx
Anicreviridae,Floreoviria,Shotokuvirae,Cressdnaviricota,Arfiviricetes,Mulpavirales,ssDNA(+/-),DNA,9,include_eukaryotic,yes,invertebrates; vertebrates; vertebrates (s),yes,yes,no,no,9,input_original/manual_downloads/ICTV_VMR/VMR_MSL41.v1.20260721.xlsx
Aoguangviridae,Duplodnaviria,Heunggongvirae,Uroviricota,Caudoviricetes,Magrovirales,dsDNA,DNA,1,exclude_prokaryotic,no,archaea,no,no,yes,no,1,input_original/manual_downloads/ICTV_VMR/VMR_MSL41.v1.20260721.xlsx
Apasviridae,Duplodnaviria,Heunggongvirae,Uroviricota,Caudoviricetes,Magrovirales,dsDNA,DNA,1,exclude_prokaryotic,no,archaea,no,no,yes,no,1,input_original/manual_downloads/ICTV_VMR/VMR_MSL41.v1.20260721.xlsx
Arenaviridae,Riboviria,Orthornavirae,Negarnaviricota,Bunyaviricetes,Hareavirales,ssRNA(+/-); ssRNA(-),RNA,71,include_eukaryotic,yes,freshwater (s); vertebrates,yes,no,no,yes,85,input_original/manual_downloads/ICTV_VMR/VMR_MSL41.v1.20260721.xlsx
Arenbergviridae,Duplodnaviria,Heunggongvirae,Uroviricota,Caudoviricetes,,dsDNA,DNA,1,exclude_prokaryotic,no,bacteria,no,no,yes,no,1,input_original/manual_downloads/ICTV_VMR/VMR_MSL41.v1.20260721.xlsx
Armatusviridae,Duplodnaviria,Heunggongvirae,Uroviricota,Caudoviricetes,Methanobavirales,dsDNA,DNA,1,exclude_prokaryotic,no,archaea,no,no,yes,no,1,input_original/manual_downloads/ICTV_VMR/VMR_MSL41.v1.20260721.xlsx
Arteriviridae,Riboviria,Orthornavirae,Pisuviricota,Pisoniviricetes,Nidovirales,ssRNA(+),RNA,23,include_eukaryotic,yes,vertebrates,yes,no,no,no,23,input_original/manual_downloads/ICTV_VMR/VMR_MSL41.v1.20260721.xlsx
Artiviridae,Riboviria,Orthornavirae,Duplornaviricota,Chrymotiviricetes,Ghabrivirales,dsRNA,RNA,9,include_eukaryotic,yes,invertebrates,yes,no,no,no,9,input_original/manual_downloads/ICTV_VMR/VMR_MSL41.v1.20260721.xlsx
Artoviridae,Riboviria,Orthornavirae,Negarnaviricota,Monjiviricetes,Mononegavirales,ssRNA(-),RNA,14,include_eukaryotic,yes,invertebrates; plants; vertebrates,yes,no,no,no,14,input_original/manual_downloads/ICTV_VMR/VMR_MSL41.v1.20260721.xlsx
Ascoviridae,Varidnaviria,Bamfordvirae,Nucleocytoviricota,Megaviricetes,Pimascovirales,dsDNA,DNA,4,include_eukaryotic,yes,invertebrates,yes,no,no,no,6,input_original/manual_downloads/ICTV_VMR/VMR_MSL41.v1.20260721.xlsx
Asemoviridae,Varidnaviria,Abadenavirae,Produgelaviricota,Belvinaviricetes,Vinavirales,dsDNA,DNA,2,exclude_prokaryotic,no,bacteria,no,no,yes,no,2,input_original/manual_downloads/ICTV_VMR/VMR_MSL41.v1.20260721.xlsx
Asfarviridae,Varidnaviria,Bamfordvirae,Nucleocytoviricota,Pokkesviricetes,Asfuvirales,dsDNA,DNA,1,include_eukaryotic,yes,"invertebrates, vertebrates",yes,no,no,no,20,input_original/manual_downloads/ICTV_VMR/VMR_MSL41.v1.20260721.xlsx
Aspiviridae,Riboviria,Orthornavirae,Negarnaviricota,Milneviricetes,Naedrevirales,ssRNA(-),RNA,22,include_eukaryotic,yes,plants,yes,no,no,no,22,input_original/manual_downloads/ICTV_VMR/VMR_MSL41.v1.20260721.xlsx
Assalcaviridae,Duplodnaviria,Heunggongvirae,Uroviricota,Caudoviricetes,,dsDNA,DNA,1,exclude_prokaryotic,no,archaea,no,no,yes,no,1,input_original/manual_downloads/ICTV_VMR/VMR_MSL41.v1.20260721.xlsx
Assiduviridae,Duplodnaviria,Heunggongvirae,Uroviricota,Caudoviricetes,,dsDNA,DNA,3,exclude_prokaryotic,no,bacteria,no,no,yes,no,3,input_original/manual_downloads/ICTV_VMR/VMR_MSL41.v1.20260721.xlsx
Astroviridae,Riboviria,Orthornavirae,Pisuviricota,Stelpaviricetes,Stellavirales,ssRNA(+),RNA,31,include_eukaryotic,yes,vertebrates,yes,no,no,no,31,input_original/manual_downloads/ICTV_VMR/VMR_MSL41.v1.20260721.xlsx
Atkinsviridae,Riboviria,Orthornavirae,Lenarviricota,Leviviricetes,Norzivirales,ssRNA(+),RNA,262,exclude_eukaryotic_sample_source_only,no,bacteria; plants (s); soil (s),no,yes,yes,yes,262,input_original/manual_downloads/ICTV_VMR/VMR_MSL41.v1.20260721.xlsx
Autolykiviridae,Varidnaviria,Abadenavirae,Produgelaviricota,Belvinaviricetes,Vinavirales,dsDNA,DNA,5,exclude_prokaryotic,no,bacteria,no,no,yes,no,5,input_original/manual_downloads/ICTV_VMR/VMR_MSL41.v1.20260721.xlsx
Autonotataviridae,Duplodnaviria,Heunggongvirae,Uroviricota,Caudoviricetes,Autographivirales,dsDNA,DNA,99,exclude_prokaryotic,no,bacteria,no,no,yes,no,99,input_original/manual_downloads/ICTV_VMR/VMR_MSL41.v1.20260721.xlsx
Autoscriptoviridae,Duplodnaviria,Heunggongvirae,Uroviricota,Caudoviricetes,Autographivirales,dsDNA,DNA,311,exclude_prokaryotic,no,bacteria,no,no,yes,no,311,input_original/manual_downloads/ICTV_VMR/VMR_MSL41.v1.20260721.xlsx
Autosignataviridae,Duplodnaviria,Heunggongvirae,Uroviricota,Caudoviricetes,Autographivirales,dsDNA,DNA,76,exclude_prokaryotic,no,bacteria,no,no,yes,no,76,input_original/manual_downloads/ICTV_VMR/VMR_MSL41.v1.20260721.xlsx
Autotranscriptaviridae,Duplodnaviria,Heunggongvirae,Uroviricota,Caudoviricetes,Autographivirales,dsDNA,DNA,414,exclude_prokaryotic,no,bacteria,no,no,yes,no,414,input_original/manual_downloads/ICTV_VMR/VMR_MSL41.v1.20260721.xlsx
Avsunviroidae,,,,,,ssRNA,RNA,5,include_eukaryotic,yes,plants,yes,no,no,no,5,input_original/manual_downloads/ICTV_VMR/VMR_MSL41.v1.20260721.xlsx
Bacilladnaviridae,Floreoviria,Shotokuvirae,Cressdnaviricota,Arfiviricetes,Baphyvirales,ssDNA(+/-),DNA,22,include_eukaryotic,yes,invertebrates; marine (s); protists,yes,no,no,yes,22,input_original/manual_downloads/ICTV_VMR/VMR_MSL41.v1.20260721.xlsx
Baculoviridae,,,,Naldaviricetes,Lefavirales,dsDNA,DNA,104,include_eukaryotic,yes,invertebrates,yes,no,no,no,110,input_original/manual_downloads/ICTV_VMR/VMR_MSL41.v1.20260721.xlsx
Barnaviridae,Riboviria,Orthornavirae,Pisuviricota,Pisoniviricetes,Sobelivirales,ssRNA(+),RNA,1,include_eukaryotic,yes,fungi,yes,no,no,no,1,input_original/manual_downloads/ICTV_VMR/VMR_MSL41.v1.20260721.xlsx
Bartogtaviriformidae,,,,,,dsDNA,DNA,1,exclude_prokaryotic,no,bacteria,no,no,yes,no,1,input_original/manual_downloads/ICTV_VMR/VMR_MSL41.v1.20260721.xlsx
Basaltiviridae,,,,,,dsDNA,DNA,2,exclude_prokaryotic,no,archaea,no,no,yes,no,2,input_original/manual_downloads/ICTV_VMR/VMR_MSL41.v1.20260721.xlsx
Belpaoviridae,Riboviria,Pararnavirae,Artverviricota,Revtraviricetes,Ortervirales,ssRNA-RT,Reverse-transcribing,11,include_eukaryotic,yes,invertebrates; vertebrates,yes,no,no,no,11,input_original/manual_downloads/ICTV_VMR/VMR_MSL41.v1.20260721.xlsx
Benyviridae,Riboviria,Orthornavirae,Kitrinoviricota,Alsuviricetes,Hepelivirales,ssRNA(+),RNA,5,include_eukaryotic,yes,plants,yes,no,no,no,5,input_original/manual_downloads/ICTV_VMR/VMR_MSL41.v1.20260721.xlsx
Berryhillviridae,Duplodnaviria,Heunggongvirae,Uroviricota,Caudoviricetes,,dsDNA,DNA,21,exclude_prokaryotic,no,bacteria,no,no,yes,no,21,input_original/manual_downloads/ICTV_VMR/VMR_MSL41.v1.20260721.xlsx
Betaflexiviridae,Riboviria,Orthornavirae,Kitrinoviricota,Alsuviricetes,Tymovirales,ssRNA(+),RNA,159,include_eukaryotic,yes,plants,yes,no,no,no,159,input_original/manual_downloads/ICTV_VMR/VMR_MSL41.v1.20260721.xlsx
Betagokushoviridae,Volvereviria,Sangervirae,Phixviricota,Microviricetes,Gokushovirales,ssDNA(+),DNA,26,exclude_prokaryotic,no,bacteria,no,no,yes,no,26,input_original/manual_downloads/ICTV_VMR/VMR_MSL41.v1.20260721.xlsx
Betaormycoviridae,Riboviria,Orthornavirae,,Orpoviricetes,Formycovirales,ssRNA,RNA,7,include_eukaryotic,yes,fungi; protists; protists (s),yes,yes,no,no,7,input_original/manual_downloads/ICTV_VMR/VMR_MSL41.v1.20260721.xlsx
Bicaudaviridae,,,,,,dsDNA,DNA,1,exclude_prokaryotic,no,archaea,no,no,yes,no,1,input_original/manual_downloads/ICTV_VMR/VMR_MSL41.v1.20260721.xlsx
Bidnaviridae,Floreoviria,Shotokuvirae,Cossaviricota,Mouviricetes,Polivirales,ssDNA(+/-),DNA,1,include_eukaryotic,yes,invertebrates,yes,no,no,no,1,input_original/manual_downloads/ICTV_VMR/VMR_MSL41.v1.20260721.xlsx
Birnaviridae,Riboviria,Orthornavirae,,,,dsRNA,RNA,11,include_eukaryotic,yes,invertebrates; vertebrates,yes,no,no,no,17,input_original/manual_downloads/ICTV_VMR/VMR_MSL41.v1.20260721.xlsx
Blefusviridae,Duplodnaviria,Heunggongvirae,Uroviricota,Caudoviricetes,,dsDNA,DNA,1,exclude_prokaryotic,no,archaea,no,no,yes,no,1,input_original/manual_downloads/ICTV_VMR/VMR_MSL41.v1.20260721.xlsx
Blumeviridae,Riboviria,Orthornavirae,Lenarviricota,Leviviricetes,Timlovirales,ssRNA(+),RNA,38,exclude_eukaryotic_sample_source_only,no,bacteria; invertebrates (s); soil (s),no,yes,yes,yes,38,input_original/manual_downloads/ICTV_VMR/VMR_MSL41.v1.20260721.xlsx
Bornaviridae,Riboviria,Orthornavirae,Negarnaviricota,Monjiviricetes,Mononegavirales,ssRNA(-),RNA,18,include_eukaryotic,yes,vertebrates,yes,no,no,no,27,input_original/manual_downloads/ICTV_VMR/VMR_MSL41.v1.20260721.xlsx
Botourmiaviridae,Riboviria,Orthornavirae,Lenarviricota,Miaviricetes,Ourlivirales,ssRNA(+),RNA,150,include_eukaryotic,yes,fungi; plants; unknown (s),yes,no,no,yes,160,input_original/manual_downloads/ICTV_VMR/VMR_MSL41.v1.20260721.xlsx
Botybirnaviridae,Riboviria,Orthornavirae,Duplornaviricota,Chrymotiviricetes,Ghabrivirales,dsRNA,RNA,9,include_eukaryotic,yes,fungi; protists (s),yes,yes,no,no,9,input_original/manual_downloads/ICTV_VMR/VMR_MSL41.v1.20260721.xlsx
Brachygtaviriformidae,,,,,,dsDNA,DNA,1,exclude_prokaryotic,no,bacteria,no,no,yes,no,1,input_original/manual_downloads/ICTV_VMR/VMR_MSL41.v1.20260721.xlsx
Bromoviridae,Riboviria,Orthornavirae,Kitrinoviricota,Alsuviricetes,Martellivirales,ssRNA(+),RNA,52,include_eukaryotic,yes,plants,yes,no,no,no,53,input_original/manual_downloads/ICTV_VMR/VMR_MSL41.v1.20260721.xlsx
Buchnerviridae,Duplodnaviria,Heunggongvirae,Uroviricota,Caudoviricetes,,dsDNA,DNA,14,exclude_prokaryotic,no,bacteria,no,no,yes,no,14,input_original/manual_downloads/ICTV_VMR/VMR_MSL41.v1.20260721.xlsx
Burtonviroviridae,Varidnaviria,Bamfordvirae,Preplasmiviricota,Virophaviricetes,Priklausovirales,dsDNA,DNA,1,exclude_environmental_only,no,freshwater (s),no,no,no,yes,1,input_original/manual_downloads/ICTV_VMR/VMR_MSL41.v1.20260721.xlsx
Caliciviridae,Riboviria,Orthornavirae,Pisuviricota,Pisoniviricetes,Picornavirales,ssRNA(+),RNA,12,include_eukaryotic,yes,vertebrates,yes,no,no,no,29,input_original/manual_downloads/ICTV_VMR/VMR_MSL41.v1.20260721.xlsx
Carmotetraviridae,Riboviria,Orthornavirae,Kitrinoviricota,Tolucaviricetes,Tolivirales,ssRNA(+),RNA,1,include_eukaryotic,yes,invertebrates,yes,no,no,no,1,input_original/manual_downloads/ICTV_VMR/VMR_MSL41.v1.20260721.xlsx
Casidaviridae,Duplodnaviria,Heunggongvirae,Uroviricota,Caudoviricetes,,dsDNA,DNA,41,exclude_prokaryotic,no,bacteria,no,no,yes,no,41,input_original/manual_downloads/ICTV_VMR/VMR_MSL41.v1.20260721.xlsx
Casjensviridae,Duplodnaviria,Heunggongvirae,Uroviricota,Caudoviricetes,,dsDNA,DNA,51,exclude_prokaryotic,no,bacteria,no,no,yes,no,51,input_original/manual_downloads/ICTV_VMR/VMR_MSL41.v1.20260721.xlsx
Caulimoviridae,Riboviria,Pararnavirae,Artverviricota,Revtraviricetes,Ortervirales,dsDNA; dsDNA-RT,Reverse-transcribing,109,include_eukaryotic,yes,plants,yes,no,no,no,109,input_original/manual_downloads/ICTV_VMR/VMR_MSL41.v1.20260721.xlsx
Chaacviridae,Varidnaviria,Abadenavirae,Produgelaviricota,Belvinaviricetes,Coyopavirales,dsDNA,DNA,3,exclude_prokaryotic,no,archaea,no,no,yes,no,3,input_original/manual_downloads/ICTV_VMR/VMR_MSL41.v1.20260721.xlsx
Chaseviridae,Duplodnaviria,Heunggongvirae,Uroviricota,Caudoviricetes,,dsDNA,DNA,42,exclude_prokaryotic,no,bacteria,no,no,yes,no,42,input_original/manual_downloads/ICTV_VMR/VMR_MSL41.v1.20260721.xlsx
Chicoviridae,Volvereviria,Sangervirae,Phixviricota,Microviricetes,Secretvirales,ssDNA(+),DNA,11,exclude_prokaryotic,no,bacteria,no,no,yes,no,11,input_original/manual_downloads/ICTV_VMR/VMR_MSL41.v1.20260721.xlsx
Chimalliviridae,Duplodnaviria,Heunggongvirae,Uroviricota,Caudoviricetes,,dsDNA,DNA,51,exclude_prokaryotic,no,bacteria,no,no,yes,no,51,input_original/manual_downloads/ICTV_VMR/VMR_MSL41.v1.20260721.xlsx
Chiyouviridae,Adnaviria,Zilligvirae,Taleaviricota,Tokiviricetes,Ligamenvirales,dsDNA,DNA,1,exclude_prokaryotic,no,archaea,no,no,yes,no,1,input_original/manual_downloads/ICTV_VMR/VMR_MSL41.v1.20260721.xlsx
Chrysoviridae,Riboviria,Orthornavirae,Duplornaviricota,Chrymotiviricetes,Ghabrivirales,dsRNA,RNA,31,include_eukaryotic,yes,fungi; invertebrates (s); plants (s),yes,yes,no,no,41,input_original/manual_downloads/ICTV_VMR/VMR_MSL41.v1.20260721.xlsx
Chuviridae,Riboviria,Orthornavirae,Negarnaviricota,Monjiviricetes,Jingchuvirales,ssRNA(-),RNA,43,include_eukaryotic,yes,invertebrates; vertebrates,yes,no,no,no,44,input_original/manual_downloads/ICTV_VMR/VMR_MSL41.v1.20260721.xlsx
Circoviridae,Floreoviria,Shotokuvirae,Cressdnaviricota,Arfiviricetes,Cirlivirales,ssDNA; ssDNA(+/-),DNA,160,include_eukaryotic,yes,invertebrates; plants (s); vertebrates,yes,yes,no,no,160,input_original/manual_downloads/ICTV_VMR/VMR_MSL41.v1.20260721.xlsx
Clavaviridae,,,,,,dsDNA,DNA,1,exclude_prokaryotic,no,archaea,no,no,yes,no,1,input_original/manual_downloads/ICTV_VMR/VMR_MSL41.v1.20260721.xlsx
Clermontviridae,Duplodnaviria,Heunggongvirae,Uroviricota,Caudoviricetes,,dsDNA,DNA,1,exclude_prokaryotic,no,archaea,no,no,yes,no,1,input_original/manual_downloads/ICTV_VMR/VMR_MSL41.v1.20260721.xlsx
Closteroviridae,Riboviria,Orthornavirae,Kitrinoviricota,Alsuviricetes,Martellivirales,ssRNA(+),RNA,88,include_eukaryotic,yes,plants,yes,no,no,no,88,input_original/manual_downloads/ICTV_VMR/VMR_MSL41.v1.20260721.xlsx
Colingsworthviridae,Duplodnaviria,Heunggongvirae,Uroviricota,Caudoviricetes,,dsDNA,DNA,13,exclude_prokaryotic,no,bacteria,no,no,yes,no,13,input_original/manual_downloads/ICTV_VMR/VMR_MSL41.v1.20260721.xlsx
Connertonviridae,Duplodnaviria,Heunggongvirae,Uroviricota,Caudoviricetes,,dsDNA,DNA,20,exclude_prokaryotic,no,bacteria,no,no,yes,no,20,input_original/manual_downloads/ICTV_VMR/VMR_MSL41.v1.20260721.xlsx
Coronaviridae,Riboviria,Orthornavirae,Pisuviricota,Pisoniviricetes,Nidovirales,ssRNA(+),RNA,54,include_eukaryotic,yes,vertebrates,yes,no,no,no,59,input_original/manual_downloads/ICTV_VMR/VMR_MSL41.v1.20260721.xlsx
Corticoviridae,Varidnaviria,Abadenavirae,Produgelaviricota,Belvinaviricetes,Vinavirales,dsDNA,DNA,2,exclude_prokaryotic,no,bacteria,no,no,yes,no,2,input_original/manual_downloads/ICTV_VMR/VMR_MSL41.v1.20260721.xlsx
Cremegaviridae,Riboviria,Orthornavirae,Pisuviricota,Pisoniviricetes,Nidovirales,ssRNA(+),RNA,2,include_eukaryotic,yes,vertebrates,yes,no,no,no,2,input_original/manual_downloads/ICTV_VMR/VMR_MSL41.v1.20260721.xlsx
Crepuscuviridae,Riboviria,Orthornavirae,Negarnaviricota,Monjiviricetes,Jingchuvirales,ssRNA(-),RNA,1,include_eukaryotic,yes,invertebrates,yes,no,no,no,1,input_original/manual_downloads/ICTV_VMR/VMR_MSL41.v1.20260721.xlsx
Crevaviridae,Duplodnaviria,Heunggongvirae,Uroviricota,Caudoviricetes,Crassvirales,dsDNA,DNA,9,exclude_prokaryotic,no,bacteria,no,no,yes,no,9,input_original/manual_downloads/ICTV_VMR/VMR_MSL41.v1.20260721.xlsx
Cruliviridae,Riboviria,Orthornavirae,Negarnaviricota,Bunyaviricetes,Elliovirales,ssRNA(-),RNA,4,include_eukaryotic,yes,invertebrates,yes,no,no,no,4,input_original/manual_downloads/ICTV_VMR/VMR_MSL41.v1.20260721.xlsx
Curvulaviridae,Riboviria,Orthornavirae,Pisuviricota,Duplopiviricetes,Durnavirales,dsRNA,RNA,8,include_eukaryotic,yes,fungi,yes,no,no,no,8,input_original/manual_downloads/ICTV_VMR/VMR_MSL41.v1.20260721.xlsx
Cystoviridae,Riboviria,Orthornavirae,Duplornaviricota,Vidaverviricetes,Mindivirales,dsRNA,RNA,9,exclude_prokaryotic,no,bacteria,no,no,yes,no,9,input_original/manual_downloads/ICTV_VMR/VMR_MSL41.v1.20260721.xlsx
Dallocaviridae,Duplodnaviria,Heunggongvirae,Uroviricota,Caudoviricetes,,dsDNA,DNA,1,exclude_prokaryotic,no,archaea,no,no,yes,no,1,input_original/manual_downloads/ICTV_VMR/VMR_MSL41.v1.20260721.xlsx
Danacaviridae,Duplodnaviria,Heunggongvirae,Uroviricota,Caudoviricetes,,dsDNA,DNA,1,exclude_prokaryotic,no,archaea,no,no,yes,no,1,input_original/manual_downloads/ICTV_VMR/VMR_MSL41.v1.20260721.xlsx
Darmviridae,Duplodnaviria,Heunggongvirae,Uroviricota,Caudoviricetes,Crassvirales,dsDNA,DNA,14,exclude_prokaryotic,no,bacteria,no,no,yes,no,14,input_original/manual_downloads/ICTV_VMR/VMR_MSL41.v1.20260721.xlsx
Deltaflexiviridae,Riboviria,Orthornavirae,Kitrinoviricota,Alsuviricetes,Tymovirales,ssRNA(+),RNA,4,include_eukaryotic,yes,fungi,yes,no,no,no,4,input_original/manual_downloads/ICTV_VMR/VMR_MSL41.v1.20260721.xlsx
Deltaormycoviridae,Riboviria,Orthornavirae,,Orpoviricetes,Bormycovirales,ssRNA,RNA,4,include_eukaryotic,yes,fungi; protists,yes,no,no,no,4,input_original/manual_downloads/ICTV_VMR/VMR_MSL41.v1.20260721.xlsx
Demerecviridae,Duplodnaviria,Heunggongvirae,Uroviricota,Caudoviricetes,,dsDNA,DNA,197,exclude_prokaryotic,no,bacteria,no,no,yes,no,197,input_original/manual_downloads/ICTV_VMR/VMR_MSL41.v1.20260721.xlsx
Dicistroviridae,Riboviria,Orthornavirae,Pisuviricota,Pisoniviricetes,Picornavirales,ssRNA(+),RNA,16,include_eukaryotic,yes,invertebrates,yes,no,no,no,16,input_original/manual_downloads/ICTV_VMR/VMR_MSL41.v1.20260721.xlsx
Discoviridae,Riboviria,Orthornavirae,Negarnaviricota,Bunyaviricetes,Hareavirales,ssRNA(-),RNA,6,include_eukaryotic,yes,fungi; plants; protists,yes,no,no,no,7,input_original/manual_downloads/ICTV_VMR/VMR_MSL41.v1.20260721.xlsx
Dishuiviroviridae,Varidnaviria,Bamfordvirae,Preplasmiviricota,Virophaviricetes,Priklausovirales,dsDNA,DNA,1,include_eukaryotic,yes,protists,yes,no,no,no,1,input_original/manual_downloads/ICTV_VMR/VMR_MSL41.v1.20260721.xlsx
Draupnirviridae,Floreoviria,Shotokuvirae,Cressdnaviricota,Arfiviricetes,Jormunvirales,ssDNA(+/-),DNA,67,include_eukaryotic,yes,air (s); freshwater (s); invertebrates; invertebrates (s); marine (s); plants; sewage (s); vertebrates,yes,yes,no,yes,67,input_original/manual_downloads/ICTV_VMR/VMR_MSL41.v1.20260721.xlsx
Drexlerviridae,Duplodnaviria,Heunggongvirae,Uroviricota,Caudoviricetes,,dsDNA,DNA,237,exclude_prokaryotic,no,bacteria,no,no,yes,no,237,input_original/manual_downloads/ICTV_VMR/VMR_MSL41.v1.20260721.xlsx
Druskaviridae,Duplodnaviria,Heunggongvirae,Uroviricota,Caudoviricetes,Thumleimavirales,dsDNA,DNA,2,exclude_prokaryotic,no,archaea,no,no,yes,no,2,input_original/manual_downloads/ICTV_VMR/VMR_MSL41.v1.20260721.xlsx
Duinviridae,Riboviria,Orthornavirae,Lenarviricota,Leviviricetes,Norzivirales,ssRNA(+),RNA,12,exclude_eukaryotic_sample_source_only,no,bacteria; invertebrates (s); plants (s); soil (s),no,yes,yes,yes,12,input_original/manual_downloads/ICTV_VMR/VMR_MSL41.v1.20260721.xlsx
Dumbiviridae,Riboviria,Orthornavirae,Ambiviricota,Suforviricetes,Crytulvirales,ssRNA(+/-),RNA,7,include_eukaryotic,yes,fungi,yes,no,no,no,7,input_original/manual_downloads/ICTV_VMR/VMR_MSL41.v1.20260721.xlsx
Duneviridae,Duplodnaviria,Heunggongvirae,Uroviricota,Caudoviricetes,,dsDNA,DNA,6,exclude_prokaryotic,no,bacteria,no,no,yes,no,6,input_original/manual_downloads/ICTV_VMR/VMR_MSL41.v1.20260721.xlsx
Ehrlichviridae,Duplodnaviria,Heunggongvirae,Uroviricota,Caudoviricetes,,dsDNA,DNA,19,exclude_prokaryotic,no,bacteria,no,no,yes,no,19,input_original/manual_downloads/ICTV_VMR/VMR_MSL41.v1.20260721.xlsx
Ekchuahviridae,Duplodnaviria,Heunggongvirae,Uroviricota,Caudoviricetes,Nakonvirales,dsDNA,DNA,2,exclude_prokaryotic,no,archaea,no,no,yes,no,2,input_original/manual_downloads/ICTV_VMR/VMR_MSL41.v1.20260721.xlsx
Endolinaviridae,Floreoviria,Shotokuvirae,Cressdnaviricota,Arfiviricetes,Cirlivirales,ssDNA(+/-),DNA,10,include_eukaryotic,yes,vertebrates,yes,no,no,no,10,input_original/manual_downloads/ICTV_VMR/VMR_MSL41.v1.20260721.xlsx
Endornaviridae,Riboviria,Orthornavirae,Kitrinoviricota,Alsuviricetes,Martellivirales,ssRNA(+),RNA,31,include_eukaryotic,yes,fungi; plants; protists,yes,no,no,no,31,input_original/manual_downloads/ICTV_VMR/VMR_MSL41.v1.20260721.xlsx
Epsomviridae,Duplodnaviria,Heunggongvirae,Uroviricota,Caudoviricetes,Grandevirales,dsDNA,DNA,1,exclude_prokaryotic,no,bacteria,no,no,yes,no,1,input_original/manual_downloads/ICTV_VMR/VMR_MSL41.v1.20260721.xlsx
Eubullaviridae,Volvereviria,Sangervirae,Phixviricota,Microviricetes,Bullavirales,ssDNA(+),DNA,15,exclude_prokaryotic,no,bacteria,no,no,yes,no,15,input_original/manual_downloads/ICTV_VMR/VMR_MSL41.v1.20260721.xlsx
Eupolintoviridae,Varidnaviria,Bamfordvirae,Preplasmiviricota,Polintoviricetes,Amphintovirales,dsDNA,DNA,2,include_eukaryotic,yes,invertebrates; vertebrates,yes,no,no,no,2,input_original/manual_downloads/ICTV_VMR/VMR_MSL41.v1.20260721.xlsx
Eurekaviridae,,,,,,dsDNA,DNA,1,exclude_prokaryotic,no,archaea,no,no,yes,no,1,input_original/manual_downloads/ICTV_VMR/VMR_MSL41.v1.20260721.xlsx
Euroniviridae,Riboviria,Orthornavirae,Pisuviricota,Pisoniviricetes,Nidovirales,ssRNA(+),RNA,3,include_eukaryotic,yes,invertebrates,yes,no,no,no,3,input_original/manual_downloads/ICTV_VMR/VMR_MSL41.v1.20260721.xlsx
Felixviridae,Duplodnaviria,Heunggongvirae,Uroviricota,Caudoviricetes,,dsDNA,DNA,3,exclude_prokaryotic,no,bacteria,no,no,yes,no,3,input_original/manual_downloads/ICTV_VMR/VMR_MSL41.v1.20260721.xlsx
Fervensviridae,Duplodnaviria,Heunggongvirae,Uroviricota,Caudoviricetes,,dsDNA,DNA,1,exclude_prokaryotic,no,archaea,no,no,yes,no,1,input_original/manual_downloads/ICTV_VMR/VMR_MSL41.v1.20260721.xlsx
Fiersviridae,Riboviria,Orthornavirae,Lenarviricota,Leviviricetes,Norzivirales,ssRNA(+),RNA,828,exclude_eukaryotic_sample_source_only,no,bacteria; invertebrates (s); plants (s); soil (s),no,yes,yes,yes,828,input_original/manual_downloads/ICTV_VMR/VMR_MSL41.v1.20260721.xlsx
Filamentoviridae,,,,Naldaviricetes,Lefavirales,dsDNA,DNA,3,include_eukaryotic,yes,invertebrates,yes,no,no,no,3,input_original/manual_downloads/ICTV_VMR/VMR_MSL41.v1.20260721.xlsx
Filoviridae,Riboviria,Orthornavirae,Negarnaviricota,Monjiviricetes,Mononegavirales,ssRNA(-),RNA,17,include_eukaryotic,yes,vertebrates,yes,no,no,no,18,input_original/manual_downloads/ICTV_VMR/VMR_MSL41.v1.20260721.xlsx
Fimoviridae,Riboviria,Orthornavirae,Negarnaviricota,Bunyaviricetes,Elliovirales,ssRNA(-),RNA,33,include_eukaryotic,yes,plants,yes,no,no,no,33,input_original/manual_downloads/ICTV_VMR/VMR_MSL41.v1.20260721.xlsx
Finnlakeviridae,Varidnaviria,Abadenavirae,Produgelaviricota,Ainoaviricetes,Lautamovirales,ssDNA,DNA,1,exclude_prokaryotic,no,bacteria,no,no,yes,no,1,input_original/manual_downloads/ICTV_VMR/VMR_MSL41.v1.20260721.xlsx
Flaviviridae,Riboviria,Orthornavirae,Kitrinoviricota,Flasuviricetes,Amarillovirales,ssRNA(+),RNA,61,include_eukaryotic,yes,"invertebrates; invertebrates, vertebrates; vertebrates",yes,no,no,no,86,input_original/manual_downloads/ICTV_VMR/VMR_MSL41.v1.20260721.xlsx
Forsetiviridae,Duplodnaviria,Heunggongvirae,Uroviricota,Caudoviricetes,,dsDNA,DNA,2,exclude_prokaryotic,no,bacteria,no,no,yes,no,2,input_original/manual_downloads/ICTV_VMR/VMR_MSL41.v1.20260721.xlsx
Fredfastierviridae,Duplodnaviria,Heunggongvirae,Uroviricota,Caudoviricetes,,dsDNA,DNA,2,exclude_prokaryotic,no,bacteria,no,no,yes,no,2,input_original/manual_downloads/ICTV_VMR/VMR_MSL41.v1.20260721.xlsx
Fusagraviridae,Riboviria,Orthornavirae,Duplornaviricota,Chrymotiviricetes,Ghabrivirales,dsRNA,RNA,20,include_eukaryotic,yes,fungi; plants; protists,yes,no,no,no,20,input_original/manual_downloads/ICTV_VMR/VMR_MSL41.v1.20260721.xlsx
Fusariviridae,Riboviria,Orthornavirae,Pisuviricota,Stelpaviricetes,Hypofuvirales,ssRNA(+),RNA,53,include_eukaryotic,yes,fungi; protists,yes,no,no,no,53,input_original/manual_downloads/ICTV_VMR/VMR_MSL41.v1.20260721.xlsx
Fuselloviridae,,,,,,dsDNA,DNA,9,exclude_prokaryotic,no,archaea,no,no,yes,no,9,input_original/manual_downloads/ICTV_VMR/VMR_MSL41.v1.20260721.xlsx
Fuxiviridae,Duplodnaviria,Heunggongvirae,Uroviricota,Caudoviricetes,,dsDNA,DNA,1,exclude_prokaryotic,no,archaea,no,no,yes,no,1,input_original/manual_downloads/ICTV_VMR/VMR_MSL41.v1.20260721.xlsx
Gammaflexiviridae,Riboviria,Orthornavirae,Kitrinoviricota,Alsuviricetes,Tymovirales,ssRNA(+),RNA,4,include_eukaryotic,yes,fungi,yes,no,no,no,4,input_original/manual_downloads/ICTV_VMR/VMR_MSL41.v1.20260721.xlsx
Gammaormycoviridae,Riboviria,Orthornavirae,,Orpoviricetes,Formycovirales,ssRNA,RNA,6,include_eukaryotic,yes,fungi; protists (s),yes,yes,no,no,6,input_original/manual_downloads/ICTV_VMR/VMR_MSL41.v1.20260721.xlsx
Gandrviridae,Floreoviria,Shotokuvirae,Cressdnaviricota,Arfiviricetes,Gredzevirales,ssDNA(+/-),DNA,8,include_eukaryotic,yes,freshwater (s); invertebrates; vertebrates,yes,no,no,yes,8,input_original/manual_downloads/ICTV_VMR/VMR_MSL41.v1.20260721.xlsx
Geminiviridae,Floreoviria,Shotokuvirae,Cressdnaviricota,Repensiviricetes,Geplafuvirales,ssDNA; ssDNA(+/-),DNA,560,include_eukaryotic,yes,"invertebrates; invertebrates, plants; plants",yes,no,no,no,792,input_original/manual_downloads/ICTV_VMR/VMR_MSL41.v1.20260721.xlsx
Genomoviridae,Floreoviria,Shotokuvirae,Cressdnaviricota,Repensiviricetes,Geplafuvirales,ssDNA(+/-),DNA,237,include_eukaryotic,yes,"fungi; invertebrates; invertebrates, vertebrates; plants; sewage (s); vertebrates",yes,no,no,yes,237,input_original/manual_downloads/ICTV_VMR/VMR_MSL41.v1.20260721.xlsx
Geplanaviridae,Floreoviria,Shotokuvirae,Cressdnaviricota,Repensiviricetes,Geplafuvirales,ssDNA(+/-),DNA,30,include_eukaryotic,yes,air (s); freshwater (s); invertebrates; plants; vertebrates,yes,no,no,yes,30,input_original/manual_downloads/ICTV_VMR/VMR_MSL41.v1.20260721.xlsx
Giardiaviridae,Riboviria,Orthornavirae,Duplornaviricota,Chrymotiviricetes,Ghabrivirales,dsRNA,RNA,1,include_eukaryotic,yes,protists,yes,no,no,no,1,input_original/manual_downloads/ICTV_VMR/VMR_MSL41.v1.20260721.xlsx
Globuloviridae,,,,,,dsDNA,DNA,4,exclude_prokaryotic,no,archaea,no,no,yes,no,4,input_original/manual_downloads/ICTV_VMR/VMR_MSL41.v1.20260721.xlsx
Graaviviridae,Duplodnaviria,Heunggongvirae,Uroviricota,Caudoviricetes,Kirjokansivirales,dsDNA,DNA,3,exclude_prokaryotic,no,archaea,no,no,yes,no,3,input_original/manual_downloads/ICTV_VMR/VMR_MSL41.v1.20260721.xlsx
Gresnaviridae,Riboviria,Orthornavirae,Pisuviricota,Pisoniviricetes,Nidovirales,ssRNA(+),RNA,1,include_eukaryotic,yes,vertebrates,yes,no,no,no,1,input_original/manual_downloads/ICTV_VMR/VMR_MSL41.v1.20260721.xlsx
Grimontviridae,Duplodnaviria,Heunggongvirae,Uroviricota,Caudoviricetes,,dsDNA,DNA,16,exclude_prokaryotic,no,bacteria,no,no,yes,no,16,input_original/manual_downloads/ICTV_VMR/VMR_MSL41.v1.20260721.xlsx
Groupodiviridae,Volvereviria,Sangervirae,Phixviricota,Microviricetes,Gokushovirales,ssDNA(+),DNA,3,exclude_prokaryotic,no,bacteria,no,no,yes,no,3,input_original/manual_downloads/ICTV_VMR/VMR_MSL41.v1.20260721.xlsx
Guelinviridae,Duplodnaviria,Heunggongvirae,Uroviricota,Caudoviricetes,,dsDNA,DNA,17,exclude_prokaryotic,no,bacteria,no,no,yes,no,17,input_original/manual_downloads/ICTV_VMR/VMR_MSL41.v1.20260721.xlsx
Gulliviridae,Duplodnaviria,Heunggongvirae,Uroviricota,Caudoviricetes,,dsDNA,DNA,2,exclude_prokaryotic,no,archaea,no,no,yes,no,2,input_original/manual_downloads/ICTV_VMR/VMR_MSL41.v1.20260721.xlsx
Gulliviroviridae,Varidnaviria,Bamfordvirae,Preplasmiviricota,Virophaviricetes,Priklausovirales,dsDNA,DNA,1,exclude_environmental_only,no,freshwater (s),no,no,no,yes,1,input_original/manual_downloads/ICTV_VMR/VMR_MSL41.v1.20260721.xlsx
Guttaviridae,,,,,,dsDNA,DNA,1,exclude_prokaryotic,no,archaea,no,no,yes,no,1,input_original/manual_downloads/ICTV_VMR/VMR_MSL41.v1.20260721.xlsx
Hadakaviridae,Riboviria,Orthornavirae,Pisuviricota,Mycopleornaviricetes,Xenadelphovirales,ssRNA(+),RNA,1,include_eukaryotic,yes,fungi,yes,no,no,no,2,input_original/manual_downloads/ICTV_VMR/VMR_MSL41.v1.20260721.xlsx
Hafunaviridae,Duplodnaviria,Heunggongvirae,Uroviricota,Caudoviricetes,Thumleimavirales,dsDNA,DNA,10,exclude_prokaryotic,no,archaea,no,no,yes,no,10,input_original/manual_downloads/ICTV_VMR/VMR_MSL41.v1.20260721.xlsx
Hakuzoviridae,Riboviria,Orthornavirae,Artimaviricota,Furtirnaviricetes,Divaquavirales,ssRNA,RNA,1,exclude_prokaryotic,no,bacteria,no,no,yes,no,1,input_original/manual_downloads/ICTV_VMR/VMR_MSL41.v1.20260721.xlsx
Halicoviridae,Singelaviria,Helvetiavirae,Dividoviricota,Laserviricetes,Salinicovirales,dsDNA,DNA,1,exclude_prokaryotic,no,archaea,no,no,yes,no,1,input_original/manual_downloads/ICTV_VMR/VMR_MSL41.v1.20260721.xlsx
Haloferuviridae,Duplodnaviria,Heunggongvirae,Uroviricota,Caudoviricetes,Kirjokansivirales,dsDNA,DNA,3,exclude_prokaryotic,no,archaea,no,no,yes,no,3,input_original/manual_downloads/ICTV_VMR/VMR_MSL41.v1.20260721.xlsx
Halomagnusviridae,Duplodnaviria,Heunggongvirae,Uroviricota,Caudoviricetes,Thumleimavirales,dsDNA,DNA,1,exclude_prokaryotic,no,archaea,no,no,yes,no,1,input_original/manual_downloads/ICTV_VMR/VMR_MSL41.v1.20260721.xlsx
Halspiviridae,,,,,,dsDNA,DNA,1,exclude_prokaryotic,no,archaea,no,no,yes,no,1,input_original/manual_downloads/ICTV_VMR/VMR_MSL41.v1.20260721.xlsx
Hantaviridae,Riboviria,Orthornavirae,Negarnaviricota,Bunyaviricetes,Elliovirales,ssRNA(-),RNA,55,include_eukaryotic,yes,vertebrates,yes,no,no,no,92,input_original/manual_downloads/ICTV_VMR/VMR_MSL41.v1.20260721.xlsx
Helgolandviridae,Duplodnaviria,Heunggongvirae,Uroviricota,Caudoviricetes,,dsDNA,DNA,1,exclude_prokaryotic,no,bacteria,no,no,yes,no,1,input_original/manual_downloads/ICTV_VMR/VMR_MSL41.v1.20260721.xlsx
Hepaciviridae,Riboviria,Orthornavirae,Kitrinoviricota,Flasuviricetes,Amarillovirales,ssRNA(+),RNA,25,include_eukaryotic,yes,vertebrates,yes,no,no,no,48,input_original/manual_downloads/ICTV_VMR/VMR_MSL41.v1.20260721.xlsx
Hepadnaviridae,Riboviria,Pararnavirae,Artverviricota,Revtraviricetes,Blubervirales,dsDNA-RT,Reverse-transcribing,27,include_eukaryotic,yes,vertebrates,yes,no,no,no,50,input_original/manual_downloads/ICTV_VMR/VMR_MSL41.v1.20260721.xlsx
Hepeviridae,Riboviria,Orthornavirae,Kitrinoviricota,Alsuviricetes,Hepelivirales,ssRNA(+); ssRNA(+/-),RNA,11,include_eukaryotic,yes,vertebrates,yes,no,no,no,25,input_original/manual_downloads/ICTV_VMR/VMR_MSL41.v1.20260721.xlsx
Herelleviridae,Duplodnaviria,Heunggongvirae,Uroviricota,Caudoviricetes,,dsDNA,DNA,119,exclude_prokaryotic,no,bacteria,no,no,yes,no,142,input_original/manual_downloads/ICTV_VMR/VMR_MSL41.v1.20260721.xlsx
Hirszfeldviridae,Duplodnaviria,Heunggongvirae,Uroviricota,Caudoviricetes,,dsDNA,DNA,49,exclude_prokaryotic,no,bacteria,no,no,yes,no,49,input_original/manual_downloads/ICTV_VMR/VMR_MSL41.v1.20260721.xlsx
Hodgkinviridae,Duplodnaviria,Heunggongvirae,Uroviricota,Caudoviricetes,,dsDNA,DNA,27,exclude_prokaryotic,no,bacteria,no,no,yes,no,27,input_original/manual_downloads/ICTV_VMR/VMR_MSL41.v1.20260721.xlsx
Huangdiviridae,,,,,,dsDNA,DNA,1,exclude_prokaryotic,no,archaea,no,no,yes,no,1,input_original/manual_downloads/ICTV_VMR/VMR_MSL41.v1.20260721.xlsx
Hydriviridae,Varidnaviria,Bamfordvirae,Nucleocytoviricota,Megaviricetes,Pimascovirales,dsDNA,DNA,1,exclude_environmental_only,no,unknown (s),no,no,no,yes,1,input_original/manual_downloads/ICTV_VMR/VMR_MSL41.v1.20260721.xlsx
Hypoviridae,Riboviria,Orthornavirae,Pisuviricota,Stelpaviricetes,Hypofuvirales,ssRNA(+),RNA,57,include_eukaryotic,yes,fungi; invertebrates,yes,no,no,no,61,input_original/manual_downloads/ICTV_VMR/VMR_MSL41.v1.20260721.xlsx
Hytrosaviridae,,,,Naldaviricetes,Lefavirales,dsDNA,DNA,2,include_eukaryotic,yes,invertebrates,yes,no,no,no,2,input_original/manual_downloads/ICTV_VMR/VMR_MSL41.v1.20260721.xlsx
Iflaviridae,Riboviria,Orthornavirae,Pisuviricota,Pisoniviricetes,Picornavirales,ssRNA(+),RNA,16,include_eukaryotic,yes,invertebrates,yes,no,no,no,16,input_original/manual_downloads/ICTV_VMR/VMR_MSL41.v1.20260721.xlsx
Infernusviridae,Duplodnaviria,Heunggongvirae,Uroviricota,Caudoviricetes,,dsDNA,DNA,1,exclude_prokaryotic,no,archaea,no,no,yes,no,1,input_original/manual_downloads/ICTV_VMR/VMR_MSL41.v1.20260721.xlsx
Inoviridae,Efunaviria,Loebvirae,Hofneiviricota,Faserviricetes,Tubulavirales,ssDNA; ssDNA(+); ssDNA(+/-),DNA,100,exclude_prokaryotic,no,bacteria,no,no,yes,no,126,input_original/manual_downloads/ICTV_VMR/VMR_MSL41.v1.20260721.xlsx
Inseviridae,Riboviria,Orthornavirae,Duplornaviricota,Chrymotiviricetes,Ghabrivirales,dsRNA,RNA,16,include_eukaryotic,yes,invertebrates,yes,no,no,no,16,input_original/manual_downloads/ICTV_VMR/VMR_MSL41.v1.20260721.xlsx
Intestiviridae,Duplodnaviria,Heunggongvirae,Uroviricota,Caudoviricetes,Crassvirales,dsDNA,DNA,42,exclude_prokaryotic,no,bacteria,no,no,yes,no,42,input_original/manual_downloads/ICTV_VMR/VMR_MSL41.v1.20260721.xlsx
Iridoviridae,Varidnaviria,Bamfordvirae,Nucleocytoviricota,Megaviricetes,Pimascovirales,dsDNA,DNA,23,include_eukaryotic,yes,invertebrates; vertebrates,yes,no,no,no,55,input_original/manual_downloads/ICTV_VMR/VMR_MSL41.v1.20260721.xlsx
Itzamnaviridae,,,,,,dsDNA,DNA,2,exclude_prokaryotic,no,archaea,no,no,yes,no,2,input_original/manual_downloads/ICTV_VMR/VMR_MSL41.v1.20260721.xlsx
Jasonviridae,Duplodnaviria,Heunggongvirae,Uroviricota,Caudoviricetes,,dsDNA,DNA,1,exclude_prokaryotic,no,archaea,no,no,yes,no,1,input_original/manual_downloads/ICTV_VMR/VMR_MSL41.v1.20260721.xlsx
Jeanschmidtviridae,Duplodnaviria,Heunggongvirae,Uroviricota,Caudoviricetes,,dsDNA,DNA,14,exclude_prokaryotic,no,bacteria,no,no,yes,no,14,input_original/manual_downloads/ICTV_VMR/VMR_MSL41.v1.20260721.xlsx
Kairosviridae,Duplodnaviria,Heunggongvirae,Uroviricota,Caudoviricetes,Methanobavirales,dsDNA,DNA,1,exclude_prokaryotic,no,archaea,no,no,yes,no,1,input_original/manual_downloads/ICTV_VMR/VMR_MSL41.v1.20260721.xlsx
Kanorauviridae,Floreoviria,Shotokuvirae,Cressdnaviricota,Arfiviricetes,Saturnivirales,ssDNA(+/-),DNA,89,include_eukaryotic,yes,air (s); freshwater (s); invertebrates; marine (s); plants; sewage (s); unknown (s); vertebrates,yes,no,no,yes,89,input_original/manual_downloads/ICTV_VMR/VMR_MSL41.v1.20260721.xlsx
Kidogoviridae,Volvereviria,Sangervirae,Phixviricota,Microviricetes,Roodoodoovirales,ssDNA(+),DNA,5,exclude_prokaryotic,no,bacteria,no,no,yes,no,5,input_original/manual_downloads/ICTV_VMR/VMR_MSL41.v1.20260721.xlsx
Kirkoviridae,Floreoviria,Shotokuvirae,Cressdnaviricota,Arfiviricetes,Rohanvirales,ssDNA(+/-),DNA,12,include_eukaryotic,yes,vertebrates,yes,no,no,no,12,input_original/manual_downloads/ICTV_VMR/VMR_MSL41.v1.20260721.xlsx
Kitaviridae,Riboviria,Orthornavirae,Kitrinoviricota,Alsuviricetes,Martellivirales,ssRNA(+),RNA,27,include_eukaryotic,yes,"invertebrates, plants; plants",yes,no,no,no,27,input_original/manual_downloads/ICTV_VMR/VMR_MSL41.v1.20260721.xlsx
Kleczkowskaviridae,Duplodnaviria,Heunggongvirae,Uroviricota,Caudoviricetes,,dsDNA,DNA,2,exclude_prokaryotic,no,bacteria,no,no,yes,no,2,input_original/manual_downloads/ICTV_VMR/VMR_MSL41.v1.20260721.xlsx
Kolmioviridae,Ribozyviria,,,,,ssRNA(-),RNA,21,include_eukaryotic,yes,invertebrates; vertebrates,yes,no,no,no,21,input_original/manual_downloads/ICTV_VMR/VMR_MSL41.v1.20260721.xlsx
Konkoviridae,Riboviria,Orthornavirae,Negarnaviricota,Bunyaviricetes,Hareavirales,ssRNA(+/-); ssRNA(-),RNA,7,include_eukaryotic,yes,plants; soil (s),yes,no,no,yes,7,input_original/manual_downloads/ICTV_VMR/VMR_MSL41.v1.20260721.xlsx
Konodaiviridae,Duplodnaviria,Heunggongvirae,Uroviricota,Caudoviricetes,,dsDNA,DNA,3,exclude_prokaryotic,no,bacteria,no,no,yes,no,3,input_original/manual_downloads/ICTV_VMR/VMR_MSL41.v1.20260721.xlsx
Krittikaviridae,Duplodnaviria,Heunggongvirae,Uroviricota,Caudoviricetes,Magrovirales,dsDNA,DNA,1,exclude_prokaryotic,no,archaea,no,no,yes,no,1,input_original/manual_downloads/ICTV_VMR/VMR_MSL41.v1.20260721.xlsx
Kruegerviridae,Duplodnaviria,Heunggongvirae,Uroviricota,Caudoviricetes,,dsDNA,DNA,5,exclude_prokaryotic,no,bacteria,no,no,yes,no,5,input_original/manual_downloads/ICTV_VMR/VMR_MSL41.v1.20260721.xlsx
Kunpengviridae,Duplodnaviria,Heunggongvirae,Uroviricota,Caudoviricetes,,dsDNA,DNA,1,exclude_prokaryotic,no,archaea,no,no,yes,no,1,input_original/manual_downloads/ICTV_VMR/VMR_MSL41.v1.20260721.xlsx
Kyanoviridae,Duplodnaviria,Heunggongvirae,Uroviricota,Caudoviricetes,Pantevenvirales,dsDNA,DNA,66,exclude_prokaryotic,no,bacteria,no,no,yes,no,66,input_original/manual_downloads/ICTV_VMR/VMR_MSL41.v1.20260721.xlsx
Lakviridae,Duplodnaviria,Heunggongvirae,Uroviricota,Caudoviricetes,Grandevirales,dsDNA,DNA,7,exclude_prokaryotic,no,bacteria,no,no,yes,no,7,input_original/manual_downloads/ICTV_VMR/VMR_MSL41.v1.20260721.xlsx
Lebotiviridae,Riboviria,Orthornavirae,Duplornaviricota,Chrymotiviricetes,Ghabrivirales,dsRNA,RNA,8,include_eukaryotic,yes,invertebrates,yes,no,no,no,8,input_original/manual_downloads/ICTV_VMR/VMR_MSL41.v1.20260721.xlsx
Leishbuviridae,Riboviria,Orthornavirae,Negarnaviricota,Bunyaviricetes,Hareavirales,ssRNA(-),RNA,11,include_eukaryotic,yes,protists,yes,no,no,no,11,input_original/manual_downloads/ICTV_VMR/VMR_MSL41.v1.20260721.xlsx
Leisingerviridae,Duplodnaviria,Heunggongvirae,Uroviricota,Caudoviricetes,Methanobavirales,dsDNA,DNA,1,exclude_prokaryotic,no,archaea,no,no,yes,no,1,input_original/manual_downloads/ICTV_VMR/VMR_MSL41.v1.20260721.xlsx
Liberviridae,Volvereviria,Sangervirae,Phixviricota,Microviricetes,Amoyvirales,ssDNA(+),DNA,1,exclude_prokaryotic,no,bacteria,no,no,yes,no,1,input_original/manual_downloads/ICTV_VMR/VMR_MSL41.v1.20260721.xlsx
Lilleviridae,Volvereviria,Sangervirae,Phixviricota,Microviricetes,Alpavirales,ssDNA(+),DNA,3,exclude_prokaryotic,no,bacteria,no,no,yes,no,3,input_original/manual_downloads/ICTV_VMR/VMR_MSL41.v1.20260721.xlsx
Lilliviridae,Duplodnaviria,Heunggongvirae,Uroviricota,Caudoviricetes,,dsDNA,DNA,1,exclude_prokaryotic,no,archaea,no,no,yes,no,1,input_original/manual_downloads/ICTV_VMR/VMR_MSL41.v1.20260721.xlsx
Lindbergviridae,Duplodnaviria,Heunggongvirae,Uroviricota,Caudoviricetes,,dsDNA,DNA,70,exclude_prokaryotic,no,bacteria,no,no,yes,no,70,input_original/manual_downloads/ICTV_VMR/VMR_MSL41.v1.20260721.xlsx
Lipothrixviridae,Adnaviria,Zilligvirae,Taleaviricota,Tokiviricetes,Ligamenvirales,dsDNA,DNA,10,exclude_prokaryotic,no,archaea,no,no,yes,no,10,input_original/manual_downloads/ICTV_VMR/VMR_MSL41.v1.20260721.xlsx
Lispiviridae,Riboviria,Orthornavirae,Negarnaviricota,Monjiviricetes,Mononegavirales,ssRNA(-),RNA,51,include_eukaryotic,yes,invertebrates; vertebrates,yes,no,no,no,51,input_original/manual_downloads/ICTV_VMR/VMR_MSL41.v1.20260721.xlsx
Litenviridae,Volvereviria,Sangervirae,Phixviricota,Microviricetes,Alpavirales,ssDNA(+),DNA,8,exclude_prokaryotic,no,bacteria,no,no,yes,no,8,input_original/manual_downloads/ICTV_VMR/VMR_MSL41.v1.20260721.xlsx
Litilviridae,Volvereviria,Sangervirae,Phixviricota,Microviricetes,Alpavirales,ssDNA(+),DNA,5,exclude_prokaryotic,no,bacteria,no,no,yes,no,5,input_original/manual_downloads/ICTV_VMR/VMR_MSL41.v1.20260721.xlsx
Lomiviridae,,,,,,dsDNA,DNA,2,exclude_prokaryotic,no,archaea,no,no,yes,no,2,input_original/manual_downloads/ICTV_VMR/VMR_MSL41.v1.20260721.xlsx
Ludisviridae,Duplodnaviria,Heunggongvirae,Uroviricota,Caudoviricetes,,dsDNA,DNA,1,exclude_prokaryotic,no,bacteria,no,no,yes,no,1,input_original/manual_downloads/ICTV_VMR/VMR_MSL41.v1.20260721.xlsx
Luriaviridae,Duplodnaviria,Heunggongvirae,Uroviricota,Caudoviricetes,,dsDNA,DNA,15,exclude_prokaryotic,no,bacteria,no,no,yes,no,15,input_original/manual_downloads/ICTV_VMR/VMR_MSL41.v1.20260721.xlsx
Lutetiaviridae,Duplodnaviria,Heunggongvirae,Uroviricota,Caudoviricetes,,dsDNA,DNA,1,exclude_prokaryotic,no,archaea,no,no,yes,no,1,input_original/manual_downloads/ICTV_VMR/VMR_MSL41.v1.20260721.xlsx
Lutzviridae,Duplodnaviria,Heunggongvirae,Uroviricota,Caudoviricetes,,dsDNA,DNA,1,exclude_prokaryotic,no,bacteria,no,no,yes,no,1,input_original/manual_downloads/ICTV_VMR/VMR_MSL41.v1.20260721.xlsx
Madisaviridae,Duplodnaviria,Heunggongvirae,Uroviricota,Caudoviricetes,,dsDNA,DNA,3,exclude_prokaryotic,no,archaea,no,no,yes,no,3,input_original/manual_downloads/ICTV_VMR/VMR_MSL41.v1.20260721.xlsx
Madridviridae,Duplodnaviria,Heunggongvirae,Uroviricota,Caudoviricetes,,dsDNA,DNA,2,exclude_prokaryotic,no,bacteria,no,no,yes,no,2,input_original/manual_downloads/ICTV_VMR/VMR_MSL41.v1.20260721.xlsx
Mahapunaviridae,Floreoviria,Shotokuvirae,Cressdnaviricota,Arfiviricetes,Saturnivirales,ssDNA(+/-),DNA,31,include_eukaryotic,yes,freshwater (s); invertebrates; plants; sewage (s); vertebrates,yes,no,no,yes,31,input_original/manual_downloads/ICTV_VMR/VMR_MSL41.v1.20260721.xlsx
Malacoherpesviridae,Duplodnaviria,Heunggongvirae,Peploviricota,Herviviricetes,Herpesvirales,dsDNA,DNA,2,include_eukaryotic,yes,invertebrates,yes,no,no,no,2,input_original/manual_downloads/ICTV_VMR/VMR_MSL41.v1.20260721.xlsx
Mamonoviridae,Varidnaviria,Bamfordvirae,Nucleocytoviricota,Megaviricetes,,dsDNA,DNA,2,include_eukaryotic,yes,protists,yes,no,no,no,2,input_original/manual_downloads/ICTV_VMR/VMR_MSL41.v1.20260721.xlsx
Mariniviridae,Duplodnaviria,Heunggongvirae,Uroviricota,Caudoviricetes,,dsDNA,DNA,1,exclude_prokaryotic,no,bacteria,no,no,yes,no,1,input_original/manual_downloads/ICTV_VMR/VMR_MSL41.v1.20260721.xlsx
Marnaviridae,Riboviria,Orthornavirae,Pisuviricota,Pisoniviricetes,Picornavirales,ssRNA(+),RNA,20,include_eukaryotic,yes,marine (s); protists,yes,no,no,yes,20,input_original/manual_downloads/ICTV_VMR/VMR_MSL41.v1.20260721.xlsx
Marseilleviridae,Varidnaviria,Bamfordvirae,Nucleocytoviricota,Megaviricetes,Pimascovirales,dsDNA,DNA,4,include_eukaryotic,yes,protists,yes,no,no,no,4,input_original/manual_downloads/ICTV_VMR/VMR_MSL41.v1.20260721.xlsx
Matonaviridae,Riboviria,Orthornavirae,Kitrinoviricota,Alsuviricetes,Hepelivirales,ssRNA(+),RNA,3,include_eukaryotic,yes,vertebrates,yes,no,no,no,4,input_original/manual_downloads/ICTV_VMR/VMR_MSL41.v1.20260721.xlsx
Matsushitaviridae,Singelaviria,Helvetiavirae,Dividoviricota,Laserviricetes,Halopanivirales,dsDNA,DNA,2,exclude_prokaryotic,no,bacteria,no,no,yes,no,2,input_original/manual_downloads/ICTV_VMR/VMR_MSL41.v1.20260721.xlsx
Maviroviridae,Varidnaviria,Bamfordvirae,Preplasmiviricota,Virophaviricetes,Lavidavirales,dsDNA,DNA,1,include_eukaryotic,yes,protists,yes,no,no,no,1,input_original/manual_downloads/ICTV_VMR/VMR_MSL41.v1.20260721.xlsx
Mayoviridae,Riboviria,Orthornavirae,Kitrinoviricota,Alsuviricetes,Martellivirales,ssRNA(+),RNA,4,include_eukaryotic,yes,plants,yes,no,no,no,4,input_original/manual_downloads/ICTV_VMR/VMR_MSL41.v1.20260721.xlsx
Mazaviridae,Volvereviria,Sangervirae,Phixviricota,Microviricetes,Amoyvirales,ssDNA(+),DNA,5,exclude_prokaryotic,no,bacteria,no,no,yes,no,5,input_original/manual_downloads/ICTV_VMR/VMR_MSL41.v1.20260721.xlsx
Mazoviaviridae,Duplodnaviria,Heunggongvirae,Uroviricota,Caudoviricetes,,dsDNA,DNA,1,exclude_prokaryotic,no,bacteria,no,no,yes,no,1,input_original/manual_downloads/ICTV_VMR/VMR_MSL41.v1.20260721.xlsx
Medioniviridae,Riboviria,Orthornavirae,Pisuviricota,Pisoniviricetes,Nidovirales,ssRNA(+),RNA,2,include_eukaryotic,yes,invertebrates,yes,no,no,no,2,input_original/manual_downloads/ICTV_VMR/VMR_MSL41.v1.20260721.xlsx
Megabirnaviridae,Riboviria,Orthornavirae,Duplornaviricota,Chrymotiviricetes,Ghabrivirales,dsRNA,RNA,5,include_eukaryotic,yes,fungi,yes,no,no,no,5,input_original/manual_downloads/ICTV_VMR/VMR_MSL41.v1.20260721.xlsx
Megatotiviridae,Riboviria,Orthornavirae,Duplornaviricota,Chrymotiviricetes,Ghabrivirales,dsRNA,RNA,2,include_eukaryotic,yes,fungi,yes,no,no,no,2,input_original/manual_downloads/ICTV_VMR/VMR_MSL41.v1.20260721.xlsx
Mesomimiviridae,Varidnaviria,Bamfordvirae,Nucleocytoviricota,Megaviricetes,Imitervirales,dsDNA,DNA,6,include_eukaryotic,yes,protists,yes,no,no,no,6,input_original/manual_downloads/ICTV_VMR/VMR_MSL41.v1.20260721.xlsx
Mesoniviridae,Riboviria,Orthornavirae,Pisuviricota,Pisoniviricetes,Nidovirales,ssRNA(+),RNA,14,include_eukaryotic,yes,invertebrates,yes,no,no,no,14,input_original/manual_downloads/ICTV_VMR/VMR_MSL41.v1.20260721.xlsx
Mestraviridae,Varidnaviria,Abadenavirae,Produgelaviricota,Belvinaviricetes,Vinavirales,dsDNA,DNA,2,exclude_prokaryotic,no,bacteria,no,no,yes,no,2,input_original/manual_downloads/ICTV_VMR/VMR_MSL41.v1.20260721.xlsx
Mesyanzhinovviridae,Duplodnaviria,Heunggongvirae,Uroviricota,Caudoviricetes,,dsDNA,DNA,47,exclude_prokaryotic,no,bacteria,no,no,yes,no,47,input_original/manual_downloads/ICTV_VMR/VMR_MSL41.v1.20260721.xlsx
Metaviridae,Riboviria,Pararnavirae,Artverviricota,Revtraviricetes,Ortervirales,ssRNA-RT,Reverse-transcribing,31,include_eukaryotic,yes,fungi; invertebrates; plants; protists; vertebrates,yes,no,no,no,31,input_original/manual_downloads/ICTV_VMR/VMR_MSL41.v1.20260721.xlsx
Metaxyviridae,Floreoviria,Shotokuvirae,Cressdnaviricota,Arfiviricetes,Mulpavirales,ssDNA(+),DNA,1,include_eukaryotic,yes,plants,yes,no,no,no,1,input_original/manual_downloads/ICTV_VMR/VMR_MSL41.v1.20260721.xlsx
Mimiviridae,Varidnaviria,Bamfordvirae,Nucleocytoviricota,Megaviricetes,Imitervirales,dsDNA,DNA,19,include_eukaryotic,yes,protists,yes,no,no,no,19,input_original/manual_downloads/ICTV_VMR/VMR_MSL41.v1.20260721.xlsx
Mitoviridae,Riboviria,Orthornavirae,Lenarviricota,Howeltoviricetes,Cryppavirales,ssRNA(+),RNA,105,include_eukaryotic,yes,fungi; plants,yes,no,no,no,105,input_original/manual_downloads/ICTV_VMR/VMR_MSL41.v1.20260721.xlsx
Molycolviridae,Duplodnaviria,Heunggongvirae,Uroviricota,Caudoviricetes,,dsDNA,DNA,2,exclude_prokaryotic,no,bacteria,no,no,yes,no,2,input_original/manual_downloads/ICTV_VMR/VMR_MSL41.v1.20260721.xlsx
Monocitiviridae,Riboviria,Orthornavirae,Duplornaviricota,Chrymotiviricetes,Ghabrivirales,dsRNA,RNA,1,include_eukaryotic,yes,fungi,yes,no,no,no,1,input_original/manual_downloads/ICTV_VMR/VMR_MSL41.v1.20260721.xlsx
Mononiviridae,Riboviria,Orthornavirae,Pisuviricota,Pisoniviricetes,Nidovirales,ssRNA(+),RNA,1,include_eukaryotic,yes,invertebrates,yes,no,no,no,1,input_original/manual_downloads/ICTV_VMR/VMR_MSL41.v1.20260721.xlsx
Mtkvariviridae,Duplodnaviria,Heunggongvirae,Uroviricota,Caudoviricetes,,dsDNA,DNA,32,exclude_prokaryotic,no,bacteria,no,no,yes,no,32,input_original/manual_downloads/ICTV_VMR/VMR_MSL41.v1.20260721.xlsx
Mycoalphaviridae,Riboviria,Orthornavirae,Kitrinoviricota,Alsuviricetes,Hepelivirales,ssRNA(+),RNA,7,include_eukaryotic,yes,fungi,yes,no,no,no,7,input_original/manual_downloads/ICTV_VMR/VMR_MSL41.v1.20260721.xlsx
Mymonaviridae,Riboviria,Orthornavirae,Negarnaviricota,Monjiviricetes,Mononegavirales,ssRNA(-),RNA,61,include_eukaryotic,yes,fungi; invertebrates; invertebrates (s); phytobiome (s); protists; soil (s),yes,yes,no,yes,74,input_original/manual_downloads/ICTV_VMR/VMR_MSL41.v1.20260721.xlsx
Mypoviridae,Riboviria,Orthornavirae,Negarnaviricota,Bunyaviricetes,Hareavirales,ssRNA(-),RNA,1,include_eukaryotic,yes,invertebrates,yes,no,no,no,1,input_original/manual_downloads/ICTV_VMR/VMR_MSL41.v1.20260721.xlsx
Myriaviridae,Riboviria,Orthornavirae,Negarnaviricota,Monjiviricetes,Jingchuvirales,ssRNA(-),RNA,1,include_eukaryotic,yes,invertebrates,yes,no,no,no,1,input_original/manual_downloads/ICTV_VMR/VMR_MSL41.v1.20260721.xlsx
Nairoviridae,Riboviria,Orthornavirae,Negarnaviricota,Bunyaviricetes,Hareavirales,ssRNA(-),RNA,60,include_eukaryotic,yes,"invertebrates; invertebrates, vertebrates; vertebrates",yes,no,no,no,72,input_original/manual_downloads/ICTV_VMR/VMR_MSL41.v1.20260721.xlsx
Nanghoshaviridae,Riboviria,Orthornavirae,Pisuviricota,Pisoniviricetes,Nidovirales,ssRNA(+),RNA,1,include_eukaryotic,yes,vertebrates,yes,no,no,no,1,input_original/manual_downloads/ICTV_VMR/VMR_MSL41.v1.20260721.xlsx
Nanhypoviridae,Riboviria,Orthornavirae,Pisuviricota,Pisoniviricetes,Nidovirales,ssRNA(+),RNA,1,include_eukaryotic,yes,vertebrates,yes,no,no,no,1,input_original/manual_downloads/ICTV_VMR/VMR_MSL41.v1.20260721.xlsx
Nanicoviridae,Singelaviria,Helvetiavirae,Dividoviricota,Laserviricetes,Ducavirales,dsDNA,DNA,1,exclude_prokaryotic,no,archaea,no,no,yes,no,1,input_original/manual_downloads/ICTV_VMR/VMR_MSL41.v1.20260721.xlsx
Nanopleoviridae,Pleomoviria,Trapavirae,Saleviricota,Huolimaviricetes,Haloruvirales,dsDNA,DNA,1,exclude_prokaryotic,no,archaea,no,no,yes,no,1,input_original/manual_downloads/ICTV_VMR/VMR_MSL41.v1.20260721.xlsx
Nanoviridae,Floreoviria,Shotokuvirae,Cressdnaviricota,Arfiviricetes,Mulpavirales,ssDNA(+),DNA,15,include_eukaryotic,yes,plants,yes,no,no,no,26,input_original/manual_downloads/ICTV_VMR/VMR_MSL41.v1.20260721.xlsx
Naomviridae,Duplodnaviria,Heunggongvirae,Uroviricota,Caudoviricetes,,dsDNA,DNA,1,exclude_prokaryotic,no,bacteria,no,no,yes,no,1,input_original/manual_downloads/ICTV_VMR/VMR_MSL41.v1.20260721.xlsx
Narnaviridae,Riboviria,Orthornavirae,Lenarviricota,Amabiliviricetes,Wolframvirales,ssRNA(+),RNA,2,include_eukaryotic,yes,fungi,yes,no,no,no,2,input_original/manual_downloads/ICTV_VMR/VMR_MSL41.v1.20260721.xlsx
Naryaviridae,Floreoviria,Shotokuvirae,Cressdnaviricota,Arfiviricetes,Rivendellvirales,ssDNA(+); ssDNA(+/-),DNA,14,include_eukaryotic,yes,air (s); protists (s); vertebrates,yes,yes,no,yes,14,input_original/manual_downloads/ICTV_VMR/VMR_MSL41.v1.20260721.xlsx
Natareviridae,Riboviria,Orthornavirae,Negarnaviricota,Monjiviricetes,Jingchuvirales,ssRNA(-),RNA,1,include_eukaryotic,yes,invertebrates,yes,no,no,no,1,input_original/manual_downloads/ICTV_VMR/VMR_MSL41.v1.20260721.xlsx
Nenyaviridae,Floreoviria,Shotokuvirae,Cressdnaviricota,Arfiviricetes,Rohanvirales,ssDNA(+),DNA,7,include_eukaryotic,yes,protists (s); vertebrates,yes,yes,no,no,7,input_original/manual_downloads/ICTV_VMR/VMR_MSL41.v1.20260721.xlsx
Nimaviridae,,,,Naldaviricetes,,dsDNA,DNA,2,include_eukaryotic,yes,invertebrates,yes,no,no,no,14,input_original/manual_downloads/ICTV_VMR/VMR_MSL41.v1.20260721.xlsx
Nipumfusiviridae,,,,,,dsDNA; ssDNA,DNA,10,exclude_prokaryotic,no,archaea,no,no,yes,no,10,input_original/manual_downloads/ICTV_VMR/VMR_MSL41.v1.20260721.xlsx
Nixviridae,Duplodnaviria,Heunggongvirae,Uroviricota,Caudoviricetes,,dsDNA,DNA,15,exclude_prokaryotic,no,bacteria,no,no,yes,no,15,input_original/manual_downloads/ICTV_VMR/VMR_MSL41.v1.20260721.xlsx
Nodaviridae,Riboviria,Orthornavirae,Kitrinoviricota,Magsaviricetes,Nodamuvirales,ssRNA(+),RNA,9,include_eukaryotic,yes,invertebrates; vertebrates,yes,no,no,no,25,input_original/manual_downloads/ICTV_VMR/VMR_MSL41.v1.20260721.xlsx
Noraviridae,Riboviria,Orthornavirae,Pisuviricota,Pisoniviricetes,Picornavirales,ssRNA(+),RNA,1,exclude_eukaryotic_sample_source_only,no,invertebrates (s),no,yes,no,no,1,input_original/manual_downloads/ICTV_VMR/VMR_MSL41.v1.20260721.xlsx
Nudiviridae,,,,Naldaviricetes,Lefavirales,dsDNA,DNA,29,include_eukaryotic,yes,invertebrates,yes,no,no,no,30,input_original/manual_downloads/ICTV_VMR/VMR_MSL41.v1.20260721.xlsx
Nyamiviridae,Riboviria,Orthornavirae,Negarnaviricota,Monjiviricetes,Mononegavirales,ssRNA(-),RNA,30,include_eukaryotic,yes,"invertebrates; invertebrates, vertebrates; vertebrates",yes,no,no,no,30,input_original/manual_downloads/ICTV_VMR/VMR_MSL41.v1.20260721.xlsx
Obscuriviridae,,,,,,ssDNA,DNA,3,exclude_prokaryotic,no,bacteria,no,no,yes,no,3,input_original/manual_downloads/ICTV_VMR/VMR_MSL41.v1.20260721.xlsx
Occultatumviridae,Volvereviria,Sangervirae,Phixviricota,Microviricetes,Secretvirales,ssDNA(+),DNA,1,exclude_prokaryotic,no,bacteria,no,no,yes,no,1,input_original/manual_downloads/ICTV_VMR/VMR_MSL41.v1.20260721.xlsx
Olifoviridae,Riboviria,Orthornavirae,Pisuviricota,Pisoniviricetes,Nidovirales,ssRNA(+),RNA,1,include_eukaryotic,yes,vertebrates,yes,no,no,no,1,input_original/manual_downloads/ICTV_VMR/VMR_MSL41.v1.20260721.xlsx
Omnilimnoviroviridae,Varidnaviria,Bamfordvirae,Preplasmiviricota,Virophaviricetes,Priklausovirales,dsDNA,DNA,1,exclude_environmental_only,no,freshwater (s),no,no,no,yes,1,input_original/manual_downloads/ICTV_VMR/VMR_MSL41.v1.20260721.xlsx
Oomyviridae,Floreoviria,Shotokuvirae,Cressdnaviricota,Arfiviricetes,Lineavirales,ssDNA,DNA,38,include_eukaryotic,yes,"invertebrates, vertebrates",yes,no,no,no,38,input_original/manual_downloads/ICTV_VMR/VMR_MSL41.v1.20260721.xlsx
Ootiviridae,Riboviria,Orthornavirae,Duplornaviricota,Chrymotiviricetes,Ghabrivirales,dsRNA,RNA,7,include_eukaryotic,yes,protists; protists (s),yes,yes,no,no,7,input_original/manual_downloads/ICTV_VMR/VMR_MSL41.v1.20260721.xlsx
Orlajensenviridae,Duplodnaviria,Heunggongvirae,Uroviricota,Caudoviricetes,,dsDNA,DNA,11,exclude_prokaryotic,no,bacteria,no,no,yes,no,11,input_original/manual_downloads/ICTV_VMR/VMR_MSL41.v1.20260721.xlsx
Orpheoviridae,Varidnaviria,Bamfordvirae,Nucleocytoviricota,Megaviricetes,Pimascovirales,dsDNA,DNA,1,include_eukaryotic,yes,protists,yes,no,no,no,1,input_original/manual_downloads/ICTV_VMR/VMR_MSL41.v1.20260721.xlsx
Orthoherpesviridae,Duplodnaviria,Heunggongvirae,Peploviricota,Herviviricetes,Herpesvirales,dsDNA,DNA,118,include_eukaryotic,yes,vertebrates,yes,no,no,no,118,input_original/manual_downloads/ICTV_VMR/VMR_MSL41.v1.20260721.xlsx
Orthomyxoviridae,Riboviria,Orthornavirae,Negarnaviricota,Insthoviricetes,Articulavirales,ssRNA(-),RNA,21,include_eukaryotic,yes,"invertebrates; invertebrates, vertebrates; vertebrates",yes,no,no,no,22,input_original/manual_downloads/ICTV_VMR/VMR_MSL41.v1.20260721.xlsx
Orthototiviridae,Riboviria,Orthornavirae,Duplornaviricota,Chrymotiviricetes,Ghabrivirales,dsRNA,RNA,32,include_eukaryotic,yes,fungi; invertebrates; plants; protists (s),yes,yes,no,no,32,input_original/manual_downloads/ICTV_VMR/VMR_MSL41.v1.20260721.xlsx
Osikeviridae,Volvereviria,Sangervirae,Phixviricota,Microviricetes,Reekeekeevirales,ssDNA(+),DNA,3,exclude_prokaryotic,no,bacteria,no,no,yes,no,3,input_original/manual_downloads/ICTV_VMR/VMR_MSL41.v1.20260721.xlsx
Ourmiaviridae,Riboviria,Orthornavirae,Lenarviricota,Miaviricetes,Ourlivirales,ssRNA(+),RNA,27,include_eukaryotic,yes,freshwater (s); invertebrates (s); plants; plants (s); soil (s),yes,yes,no,yes,27,input_original/manual_downloads/ICTV_VMR/VMR_MSL41.v1.20260721.xlsx
Ouroboviridae,Floreoviria,Shotokuvirae,Cressdnaviricota,Arfiviricetes,Gredzevirales,ssDNA(+/-),DNA,50,include_eukaryotic,yes,freshwater (s); invertebrates; marine (s); plants; protists; vertebrates,yes,no,no,yes,50,input_original/manual_downloads/ICTV_VMR/VMR_MSL41.v1.20260721.xlsx
Ovaliviridae,,,,,,dsDNA,DNA,1,exclude_prokaryotic,no,archaea,no,no,yes,no,1,input_original/manual_downloads/ICTV_VMR/VMR_MSL41.v1.20260721.xlsx
Pachyviridae,Duplodnaviria,Heunggongvirae,Uroviricota,Caudoviricetes,,dsDNA,DNA,5,exclude_prokaryotic,no,bacteria,no,no,yes,no,5,input_original/manual_downloads/ICTV_VMR/VMR_MSL41.v1.20260721.xlsx
Pamosaviridae,Riboviria,,,,Tombendovirales,ssRNA(+),RNA,1,include_eukaryotic,yes,plants,yes,no,no,no,1,input_original/manual_downloads/ICTV_VMR/VMR_MSL41.v1.20260721.xlsx
Papillomaviridae,Floreoviria,Shotokuvirae,Cossaviricota,Papovaviricetes,Zurhausenvirales,dsDNA,DNA,133,include_eukaryotic,yes,vertebrates,yes,no,no,no,343,input_original/manual_downloads/ICTV_VMR/VMR_MSL41.v1.20260721.xlsx
Parahypoviridae,Riboviria,Orthornavirae,Pisuviricota,Stelpaviricetes,Hypofuvirales,ssRNA(+),RNA,14,include_eukaryotic,yes,fungi,yes,no,no,no,15,input_original/manual_downloads/ICTV_VMR/VMR_MSL41.v1.20260721.xlsx
Paramyxoviridae,Riboviria,Orthornavirae,Negarnaviricota,Monjiviricetes,Mononegavirales,ssRNA(-),RNA,153,include_eukaryotic,yes,vertebrates,yes,no,no,no,154,input_original/manual_downloads/ICTV_VMR/VMR_MSL41.v1.20260721.xlsx
Parnassusviridae,Varidnaviria,Abadenavirae,Produgelaviricota,Belvinaviricetes,Vinavirales,dsDNA,DNA,1,exclude_prokaryotic,no,bacteria,no,no,yes,no,1,input_original/manual_downloads/ICTV_VMR/VMR_MSL41.v1.20260721.xlsx
Partitiviridae,Riboviria,Orthornavirae,Pisuviricota,Duplopiviricetes,Durnavirales,dsRNA,RNA,45,include_eukaryotic,yes,fungi; plants; protists,yes,no,no,no,71,input_original/manual_downloads/ICTV_VMR/VMR_MSL41.v1.20260721.xlsx
Parvoviridae,Floreoviria,Shotokuvirae,Cossaviricota,Quintoviricetes,Piccovirales,ssDNA; ssDNA(+/-),DNA,281,include_eukaryotic,yes,"invertebrates; invertebrates, vertebrates; vertebrates",yes,no,no,no,282,input_original/manual_downloads/ICTV_VMR/VMR_MSL41.v1.20260721.xlsx
Paulinoviridae,Efunaviria,Loebvirae,Hofneiviricota,Faserviricetes,Tubulavirales,ssDNA(+),DNA,4,exclude_prokaryotic,no,bacteria,no,no,yes,no,4,input_original/manual_downloads/ICTV_VMR/VMR_MSL41.v1.20260721.xlsx
Pecoviridae,Floreoviria,Shotokuvirae,Cressdnaviricota,Arfiviricetes,Ringavirales,ssDNA(+/-),DNA,15,include_eukaryotic,yes,vertebrates,yes,no,no,no,15,input_original/manual_downloads/ICTV_VMR/VMR_MSL41.v1.20260721.xlsx
Peduoviridae,Duplodnaviria,Heunggongvirae,Uroviricota,Caudoviricetes,,dsDNA,DNA,127,exclude_prokaryotic,no,bacteria,no,no,yes,no,127,input_original/manual_downloads/ICTV_VMR/VMR_MSL41.v1.20260721.xlsx
Pequenoviridae,Volvereviria,Sangervirae,Phixviricota,Microviricetes,Bullavirales,ssDNA(+),DNA,1,exclude_prokaryotic,no,bacteria,no,no,yes,no,1,input_original/manual_downloads/ICTV_VMR/VMR_MSL41.v1.20260721.xlsx
Peribunyaviridae,Riboviria,Orthornavirae,Negarnaviricota,Bunyaviricetes,Elliovirales,ssRNA(-),RNA,152,include_eukaryotic,yes,"invertebrates; invertebrates, vertebrates; vertebrates",yes,no,no,no,229,input_original/manual_downloads/ICTV_VMR/VMR_MSL41.v1.20260721.xlsx
Permutotetraviridae,Riboviria,Orthornavirae,,,,ssRNA(+),RNA,2,include_eukaryotic,yes,invertebrates,yes,no,no,no,2,input_original/manual_downloads/ICTV_VMR/VMR_MSL41.v1.20260721.xlsx
Pervagoviridae,Duplodnaviria,Heunggongvirae,Uroviricota,Caudoviricetes,,dsDNA,DNA,2,exclude_prokaryotic,no,bacteria,no,no,yes,no,2,input_original/manual_downloads/ICTV_VMR/VMR_MSL41.v1.20260721.xlsx
Pestiviridae,Riboviria,Orthornavirae,Kitrinoviricota,Flasuviricetes,Amarillovirales,ssRNA(+),RNA,23,include_eukaryotic,yes,invertebrates; plants; vertebrates,yes,no,no,no,25,input_original/manual_downloads/ICTV_VMR/VMR_MSL41.v1.20260721.xlsx
Phasmaviridae,Riboviria,Orthornavirae,Negarnaviricota,Bunyaviricetes,Elliovirales,ssRNA; ssRNA(-),RNA,34,include_eukaryotic,yes,invertebrates; invertebrates (s),yes,yes,no,no,34,input_original/manual_downloads/ICTV_VMR/VMR_MSL41.v1.20260721.xlsx
Phenuiviridae,Riboviria,Orthornavirae,Negarnaviricota,Bunyaviricetes,Hareavirales,ssRNA(+/-); ssRNA(-),RNA,223,include_eukaryotic,yes,"fungi; invertebrates; invertebrates, plants; invertebrates, vertebrates; plants; protists; soil (s); vertebrates",yes,no,no,yes,242,input_original/manual_downloads/ICTV_VMR/VMR_MSL41.v1.20260721.xlsx
Phlegiviridae,Riboviria,Orthornavirae,Duplornaviricota,Chrymotiviricetes,Ghabrivirales,dsRNA,RNA,4,include_eukaryotic,yes,fungi,yes,no,no,no,4,input_original/manual_downloads/ICTV_VMR/VMR_MSL41.v1.20260721.xlsx
Phycodnaviridae,Varidnaviria,Bamfordvirae,Nucleocytoviricota,Megaviricetes,Algavirales,dsDNA,DNA,28,include_eukaryotic,yes,algae; protists,yes,no,no,no,30,input_original/manual_downloads/ICTV_VMR/VMR_MSL41.v1.20260721.xlsx
Phypoliviridae,Varidnaviria,Bamfordvirae,Preplasmiviricota,Aquintoviricetes,Archintovirales,dsDNA,DNA,1,include_eukaryotic,yes,protists,yes,no,no,no,1,input_original/manual_downloads/ICTV_VMR/VMR_MSL41.v1.20260721.xlsx
Piccoloviridae,Volvereviria,Sangervirae,Phixviricota,Microviricetes,Bullavirales,ssDNA(+),DNA,1,exclude_prokaryotic,no,bacteria,no,no,yes,no,1,input_original/manual_downloads/ICTV_VMR/VMR_MSL41.v1.20260721.xlsx
Pichoviridae,Volvereviria,Sangervirae,Phixviricota,Microviricetes,Gokushovirales,ssDNA(+),DNA,16,exclude_prokaryotic,no,bacteria,no,no,yes,no,16,input_original/manual_downloads/ICTV_VMR/VMR_MSL41.v1.20260721.xlsx
Picobirnaviridae,Riboviria,Orthornavirae,Pisuviricota,Duplopiviricetes,Durnavirales,dsRNA,RNA,3,exclude_eukaryotic_sample_source_only,no,"bacteria, invertebrates (s); bacteria, vertebrates (s)",no,yes,yes,no,5,input_original/manual_downloads/ICTV_VMR/VMR_MSL41.v1.20260721.xlsx
Picornaviridae,Riboviria,Orthornavirae,Pisuviricota,Pisoniviricetes,Picornavirales,ssRNA(+),RNA,159,include_eukaryotic,yes,vertebrates,yes,no,no,no,641,input_original/manual_downloads/ICTV_VMR/VMR_MSL41.v1.20260721.xlsx
Pieniviridae,Volvereviria,Sangervirae,Phixviricota,Microviricetes,Alpavirales,ssDNA(+),DNA,4,exclude_prokaryotic,no,bacteria,no,no,yes,no,4,input_original/manual_downloads/ICTV_VMR/VMR_MSL41.v1.20260721.xlsx
Pigerviridae,Duplodnaviria,Heunggongvirae,Uroviricota,Caudoviricetes,Methanobavirales,dsDNA,DNA,1,exclude_prokaryotic,no,archaea,no,no,yes,no,1,input_original/manual_downloads/ICTV_VMR/VMR_MSL41.v1.20260721.xlsx
Pikkuviridae,Volvereviria,Sangervirae,Phixviricota,Microviricetes,Alpavirales,ssDNA(+),DNA,7,exclude_prokaryotic,no,bacteria,no,no,yes,no,7,input_original/manual_downloads/ICTV_VMR/VMR_MSL41.v1.20260721.xlsx
Pistolviridae,Riboviria,Orthornavirae,Duplornaviricota,Chrymotiviricetes,Ghabrivirales,dsRNA,RNA,4,include_eukaryotic,yes,vertebrates,yes,no,no,no,4,input_original/manual_downloads/ICTV_VMR/VMR_MSL41.v1.20260721.xlsx
Pithoviridae,Varidnaviria,Bamfordvirae,Nucleocytoviricota,Megaviricetes,Pimascovirales,dsDNA,DNA,6,include_eukaryotic,yes,protists,yes,no,no,no,13,input_original/manual_downloads/ICTV_VMR/VMR_MSL41.v1.20260721.xlsx
Piticuviridae,Volvereviria,Sangervirae,Phixviricota,Microviricetes,Bullavirales,ssDNA(+),DNA,1,exclude_prokaryotic,no,bacteria,no,no,yes,no,1,input_original/manual_downloads/ICTV_VMR/VMR_MSL41.v1.20260721.xlsx
Pituviridae,Duplodnaviria,Heunggongvirae,Uroviricota,Caudoviricetes,,dsDNA,DNA,8,exclude_prokaryotic,no,bacteria,no,no,yes,no,8,input_original/manual_downloads/ICTV_VMR/VMR_MSL41.v1.20260721.xlsx
Plasmaviridae,,,,,,dsDNA,DNA,1,exclude_prokaryotic,no,bacteria,no,no,yes,no,1,input_original/manual_downloads/ICTV_VMR/VMR_MSL41.v1.20260721.xlsx
Plectroviridae,Efunaviria,Loebvirae,Hofneiviricota,Faserviricetes,Tubulavirales,ssDNA(+),DNA,6,exclude_prokaryotic,no,bacteria,no,no,yes,no,6,input_original/manual_downloads/ICTV_VMR/VMR_MSL41.v1.20260721.xlsx
Pleolipoviridae,Pleomoviria,Trapavirae,Saleviricota,Huolimaviricetes,Haloruvirales,dsDNA; ssDNA; ssDNA(+/-),DNA,17,exclude_prokaryotic,no,archaea,no,no,yes,no,17,input_original/manual_downloads/ICTV_VMR/VMR_MSL41.v1.20260721.xlsx
Pneumoviridae,Riboviria,Orthornavirae,Negarnaviricota,Monjiviricetes,Mononegavirales,ssRNA(-),RNA,5,include_eukaryotic,yes,vertebrates,yes,no,no,no,5,input_original/manual_downloads/ICTV_VMR/VMR_MSL41.v1.20260721.xlsx
Polycipiviridae,Riboviria,Orthornavirae,Pisuviricota,Pisoniviricetes,Picornavirales,ssRNA(+),RNA,14,include_eukaryotic,yes,invertebrates,yes,no,no,no,14,input_original/manual_downloads/ICTV_VMR/VMR_MSL41.v1.20260721.xlsx
Polydnaviriformidae,,,,,,dsDNA,DNA,53,include_eukaryotic,yes,invertebrates,yes,no,no,no,53,input_original/manual_downloads/ICTV_VMR/VMR_MSL41.v1.20260721.xlsx
Polymycoviridae,Riboviria,Orthornavirae,Pisuviricota,Mycopleornaviricetes,Xenadelphovirales,dsRNA,RNA,28,include_eukaryotic,yes,fungi,yes,no,no,no,32,input_original/manual_downloads/ICTV_VMR/VMR_MSL41.v1.20260721.xlsx
Polyomaviridae,Floreoviria,Shotokuvirae,Cossaviricota,Papovaviricetes,Sepolyvirales,dsDNA,DNA,122,include_eukaryotic,yes,vertebrates,yes,no,no,no,122,input_original/manual_downloads/ICTV_VMR/VMR_MSL41.v1.20260721.xlsx
Pootjesviridae,Duplodnaviria,Heunggongvirae,Uroviricota,Caudoviricetes,,dsDNA,DNA,11,exclude_prokaryotic,no,bacteria,no,no,yes,no,11,input_original/manual_downloads/ICTV_VMR/VMR_MSL41.v1.20260721.xlsx
Portogloboviridae,,,,,,dsDNA,DNA,2,exclude_prokaryotic,no,archaea,no,no,yes,no,2,input_original/manual_downloads/ICTV_VMR/VMR_MSL41.v1.20260721.xlsx
Pospiviroidae,,,,,,ssRNA,RNA,40,include_eukaryotic,yes,plants,yes,no,no,no,40,input_original/manual_downloads/ICTV_VMR/VMR_MSL41.v1.20260721.xlsx
Potyliviridae,Riboviria,Orthornavirae,Pisuviricota,Stelpaviricetes,Patatavirales,ssRNA(+),RNA,2,include_eukaryotic,yes,fungi,yes,no,no,no,2,input_original/manual_downloads/ICTV_VMR/VMR_MSL41.v1.20260721.xlsx
Potyviridae,Riboviria,Orthornavirae,Pisuviricota,Stelpaviricetes,Patatavirales,ssRNA(+),RNA,264,include_eukaryotic,yes,plants,yes,no,no,no,290,input_original/manual_downloads/ICTV_VMR/VMR_MSL41.v1.20260721.xlsx
Poxviridae,Varidnaviria,Bamfordvirae,Nucleocytoviricota,Pokkesviricetes,Chitovirales,dsDNA,DNA,56,include_eukaryotic,yes,invertebrates; vertebrates,yes,no,no,no,57,input_original/manual_downloads/ICTV_VMR/VMR_MSL41.v1.20260721.xlsx
Pseudototiviridae,Riboviria,Orthornavirae,Duplornaviricota,Chrymotiviricetes,Ghabrivirales,dsRNA,RNA,46,include_eukaryotic,yes,fungi; protists; vertebrates,yes,no,no,no,46,input_original/manual_downloads/ICTV_VMR/VMR_MSL41.v1.20260721.xlsx
Pseudoviridae,Riboviria,Pararnavirae,Artverviricota,Revtraviricetes,Ortervirales,ssRNA-RT,Reverse-transcribing,33,include_eukaryotic,yes,fungi; invertebrates; plants; protists,yes,no,no,no,33,input_original/manual_downloads/ICTV_VMR/VMR_MSL41.v1.20260721.xlsx
Pungoviridae,Duplodnaviria,Heunggongvirae,Uroviricota,Caudoviricetes,,dsDNA,DNA,1,exclude_prokaryotic,no,archaea,no,no,yes,no,1,input_original/manual_downloads/ICTV_VMR/VMR_MSL41.v1.20260721.xlsx
Pyrstoviridae,Duplodnaviria,Heunggongvirae,Uroviricota,Caudoviricetes,Kirjokansivirales,dsDNA,DNA,2,exclude_prokaryotic,no,archaea,no,no,yes,no,2,input_original/manual_downloads/ICTV_VMR/VMR_MSL41.v1.20260721.xlsx
Qinviridae,Riboviria,Orthornavirae,Negarnaviricota,Chunqiuviricetes,Muvirales,ssRNA(-),RNA,8,include_eukaryotic,yes,invertebrates,yes,no,no,no,8,input_original/manual_downloads/ICTV_VMR/VMR_MSL41.v1.20260721.xlsx
Quadriviridae,Riboviria,Orthornavirae,Duplornaviricota,Chrymotiviricetes,Ghabrivirales,dsRNA,RNA,3,include_eukaryotic,yes,fungi,yes,no,no,no,5,input_original/manual_downloads/ICTV_VMR/VMR_MSL41.v1.20260721.xlsx
Quambiviridae,Riboviria,Orthornavirae,Ambiviricota,Suforviricetes,Crytulvirales,ssRNA(+/-),RNA,4,include_eukaryotic,yes,fungi,yes,no,no,no,4,input_original/manual_downloads/ICTV_VMR/VMR_MSL41.v1.20260721.xlsx
Quasboviridae,Duplodnaviria,Heunggongvirae,Uroviricota,Caudoviricetes,,dsDNA,DNA,1,exclude_prokaryotic,no,archaea,no,no,yes,no,1,input_original/manual_downloads/ICTV_VMR/VMR_MSL41.v1.20260721.xlsx
Redondoviridae,Floreoviria,Shotokuvirae,Cressdnaviricota,Arfiviricetes,Recrevirales,ssDNA(+/-),DNA,2,include_eukaryotic,yes,vertebrates,yes,no,no,no,26,input_original/manual_downloads/ICTV_VMR/VMR_MSL41.v1.20260721.xlsx
Retroviridae,Riboviria,Pararnavirae,Artverviricota,Revtraviricetes,Ortervirales,ssRNA-RT,Reverse-transcribing,65,include_eukaryotic,yes,vertebrates,yes,no,no,no,65,input_original/manual_downloads/ICTV_VMR/VMR_MSL41.v1.20260721.xlsx
Rhabdoviridae,Riboviria,Orthornavirae,Negarnaviricota,Monjiviricetes,Mononegavirales,ssRNA(-),RNA,615,include_eukaryotic,yes,"freshwater (s); invertebrates; invertebrates (s); invertebrates, plants; invertebrates, vertebrates; plants; soil (s); unknown (s); vertebrates",yes,yes,no,yes,627,input_original/manual_downloads/ICTV_VMR/VMR_MSL41.v1.20260721.xlsx
Rhizouliviridae,Riboviria,Orthornavirae,Lenarviricota,Miaviricetes,Ourlivirales,ssRNA(+),RNA,6,include_eukaryotic,yes,fungi,yes,no,no,no,6,input_original/manual_downloads/ICTV_VMR/VMR_MSL41.v1.20260721.xlsx
Rhodogtaviriformidae,,,,,,dsDNA,DNA,4,exclude_prokaryotic,no,bacteria,no,no,yes,no,4,input_original/manual_downloads/ICTV_VMR/VMR_MSL41.v1.20260721.xlsx
Roniviridae,Riboviria,Orthornavirae,Pisuviricota,Pisoniviricetes,Nidovirales,ssRNA(+),RNA,4,include_eukaryotic,yes,invertebrates,yes,no,no,no,4,input_original/manual_downloads/ICTV_VMR/VMR_MSL41.v1.20260721.xlsx
Rountreeviridae,Duplodnaviria,Heunggongvirae,Uroviricota,Caudoviricetes,,dsDNA,DNA,39,exclude_prokaryotic,no,bacteria,no,no,yes,no,39,input_original/manual_downloads/ICTV_VMR/VMR_MSL41.v1.20260721.xlsx
Rudiviridae,Adnaviria,Zilligvirae,Taleaviricota,Tokiviricetes,Ligamenvirales,dsDNA,DNA,17,exclude_prokaryotic,no,archaea,no,no,yes,no,17,input_original/manual_downloads/ICTV_VMR/VMR_MSL41.v1.20260721.xlsx
Ruviroviridae,Varidnaviria,Bamfordvirae,Preplasmiviricota,Virophaviricetes,Divpevirales,dsDNA,DNA,1,exclude_eukaryotic_sample_source_only,no,vertebrates (s),no,yes,no,no,1,input_original/manual_downloads/ICTV_VMR/VMR_MSL41.v1.20260721.xlsx
Saffermanviridae,Duplodnaviria,Heunggongvirae,Uroviricota,Caudoviricetes,,dsDNA,DNA,10,exclude_prokaryotic,no,bacteria,no,no,yes,no,10,input_original/manual_downloads/ICTV_VMR/VMR_MSL41.v1.20260721.xlsx
Saladoviridae,Duplodnaviria,Heunggongvirae,Uroviricota,Caudoviricetes,,dsDNA,DNA,2,exclude_prokaryotic,no,archaea,no,no,yes,no,2,input_original/manual_downloads/ICTV_VMR/VMR_MSL41.v1.20260721.xlsx
Salasmaviridae,Duplodnaviria,Heunggongvirae,Uroviricota,Caudoviricetes,,dsDNA,DNA,35,exclude_prokaryotic,no,bacteria,no,no,yes,no,35,input_original/manual_downloads/ICTV_VMR/VMR_MSL41.v1.20260721.xlsx
Saparoviridae,Duplodnaviria,Heunggongvirae,Uroviricota,Caudoviricetes,,dsDNA,DNA,2,exclude_prokaryotic,no,archaea,no,no,yes,no,2,input_original/manual_downloads/ICTV_VMR/VMR_MSL41.v1.20260721.xlsx
Sarkviridae,Duplodnaviria,Heunggongvirae,Uroviricota,Caudoviricetes,,dsDNA,DNA,91,exclude_prokaryotic,no,bacteria,no,no,yes,no,91,input_original/manual_downloads/ICTV_VMR/VMR_MSL41.v1.20260721.xlsx
Sarthroviridae,Riboviria,,,,Tombendovirales,ssRNA(+),RNA,1,include_eukaryotic,yes,invertebrates,yes,no,no,no,8,input_original/manual_downloads/ICTV_VMR/VMR_MSL41.v1.20260721.xlsx
Satyavativiridae,Duplodnaviria,Heunggongvirae,Uroviricota,Caudoviricetes,Adrikavirales,dsDNA,DNA,1,exclude_prokaryotic,no,archaea,no,no,yes,no,1,input_original/manual_downloads/ICTV_VMR/VMR_MSL41.v1.20260721.xlsx
Schitoviridae,Duplodnaviria,Heunggongvirae,Uroviricota,Caudoviricetes,,dsDNA,DNA,184,exclude_prokaryotic,no,bacteria,no,no,yes,no,184,input_original/manual_downloads/ICTV_VMR/VMR_MSL41.v1.20260721.xlsx
Schizomimiviridae,Varidnaviria,Bamfordvirae,Nucleocytoviricota,Megaviricetes,Imitervirales,dsDNA,DNA,2,include_eukaryotic,yes,protists,yes,no,no,no,2,input_original/manual_downloads/ICTV_VMR/VMR_MSL41.v1.20260721.xlsx
Seadebiviridae,Duplodnaviria,Heunggongvirae,Uroviricota,Caudoviricetes,,dsDNA,DNA,3,exclude_prokaryotic,no,archaea,no,no,yes,no,3,input_original/manual_downloads/ICTV_VMR/VMR_MSL41.v1.20260721.xlsx
Secoviridae,Riboviria,Orthornavirae,Pisuviricota,Pisoniviricetes,Picornavirales,ssRNA(+),RNA,215,include_eukaryotic,yes,phytobiome (s); plants,yes,no,no,yes,217,input_original/manual_downloads/ICTV_VMR/VMR_MSL41.v1.20260721.xlsx
Sedoreoviridae,Riboviria,Orthornavirae,Duplornaviricota,Resentoviricetes,Reovirales,dsRNA,RNA,45,include_eukaryotic,yes,"invertebrates; invertebrates, plants; invertebrates, vertebrates; protists; vertebrates",yes,no,no,no,50,input_original/manual_downloads/ICTV_VMR/VMR_MSL41.v1.20260721.xlsx
Shortaselviridae,Duplodnaviria,Heunggongvirae,Uroviricota,Caudoviricetes,Kirjokansivirales,dsDNA,DNA,1,exclude_prokaryotic,no,archaea,no,no,yes,no,1,input_original/manual_downloads/ICTV_VMR/VMR_MSL41.v1.20260721.xlsx
Simuloviridae,Singelaviria,Helvetiavirae,Dividoviricota,Laserviricetes,Halopanivirales,dsDNA,DNA,3,exclude_prokaryotic,no,archaea,no,no,yes,no,3,input_original/manual_downloads/ICTV_VMR/VMR_MSL41.v1.20260721.xlsx
Sinhaliviridae,Riboviria,Orthornavirae,Kitrinoviricota,Magsaviricetes,Nodamuvirales,ssRNA(+),RNA,2,include_eukaryotic,yes,invertebrates,yes,no,no,no,2,input_original/manual_downloads/ICTV_VMR/VMR_MSL41.v1.20260721.xlsx
Skuldviridae,Varidnaviria,Abadenavirae,Produgelaviricota,Belvinaviricetes,Atroposvirales,dsDNA,DNA,2,exclude_prokaryotic,no,archaea,no,no,yes,no,2,input_original/manual_downloads/ICTV_VMR/VMR_MSL41.v1.20260721.xlsx
Smacoviridae,Floreoviria,Shotokuvirae,Cressdnaviricota,Arfiviricetes,Cremevirales,ssDNA(+/-),DNA,143,exclude_environmental_only,no,air (s); unknown (s),no,no,no,yes,143,input_original/manual_downloads/ICTV_VMR/VMR_MSL41.v1.20260721.xlsx
Soleiviridae,Duplodnaviria,Heunggongvirae,Uroviricota,Caudoviricetes,Thumleimavirales,dsDNA,DNA,1,exclude_prokaryotic,no,archaea,no,no,yes,no,1,input_original/manual_downloads/ICTV_VMR/VMR_MSL41.v1.20260721.xlsx
Solemoviridae,Riboviria,Orthornavirae,Pisuviricota,Pisoniviricetes,Sobelivirales,ssRNA(+),RNA,148,include_eukaryotic,yes,fungi; plants,yes,no,no,no,155,input_original/manual_downloads/ICTV_VMR/VMR_MSL41.v1.20260721.xlsx
Solinviviridae,Riboviria,Orthornavirae,Pisuviricota,Pisoniviricetes,Picornavirales,ssRNA(+),RNA,2,include_eukaryotic,yes,invertebrates,yes,no,no,no,2,input_original/manual_downloads/ICTV_VMR/VMR_MSL41.v1.20260721.xlsx
Solspiviridae,Riboviria,Orthornavirae,Lenarviricota,Leviviricetes,Norzivirales,ssRNA(+),RNA,101,exclude_eukaryotic_sample_source_only,no,bacteria; invertebrates (s); plants (s); soil (s),no,yes,yes,yes,101,input_original/manual_downloads/ICTV_VMR/VMR_MSL41.v1.20260721.xlsx
Soropartitiviridae,Riboviria,Orthornavirae,Pisuviricota,Duplopiviricetes,Durnavirales,dsRNA,RNA,1,exclude_prokaryotic,no,bacteria,no,no,yes,no,1,input_original/manual_downloads/ICTV_VMR/VMR_MSL41.v1.20260721.xlsx
Speroviridae,Duplodnaviria,Heunggongvirae,Uroviricota,Caudoviricetes,,dsDNA,DNA,1,exclude_prokaryotic,no,archaea,no,no,yes,no,1,input_original/manual_downloads/ICTV_VMR/VMR_MSL41.v1.20260721.xlsx
Sphaerolipoviridae,Singelaviria,Helvetiavirae,Dividoviricota,Laserviricetes,Halopanivirales,dsDNA,DNA,4,exclude_prokaryotic,no,archaea,no,no,yes,no,4,input_original/manual_downloads/ICTV_VMR/VMR_MSL41.v1.20260721.xlsx
Spiciviridae,Riboviria,Orthornavirae,Duplornaviricota,Chrymotiviricetes,Ghabrivirales,dsRNA,RNA,13,include_eukaryotic,yes,invertebrates; plants,yes,no,no,no,13,input_original/manual_downloads/ICTV_VMR/VMR_MSL41.v1.20260721.xlsx
Spinareoviridae,Riboviria,Orthornavirae,Duplornaviricota,Resentoviricetes,Reovirales,dsRNA,RNA,59,include_eukaryotic,yes,"fungi; invertebrates; invertebrates, plants; invertebrates, vertebrates; vertebrates",yes,no,no,no,78,input_original/manual_downloads/ICTV_VMR/VMR_MSL41.v1.20260721.xlsx
Spiraviridae,,,,,,ssDNA(+),DNA,1,exclude_prokaryotic,no,archaea,no,no,yes,no,1,input_original/manual_downloads/ICTV_VMR/VMR_MSL41.v1.20260721.xlsx
Splipalmiviridae,Riboviria,Orthornavirae,Lenarviricota,Amabiliviricetes,Wolframvirales,ssRNA(+),RNA,16,include_eukaryotic,yes,fungi,yes,no,no,no,16,input_original/manual_downloads/ICTV_VMR/VMR_MSL41.v1.20260721.xlsx
Sputniviroviridae,Varidnaviria,Bamfordvirae,Preplasmiviricota,Virophaviricetes,Mividavirales,dsDNA,DNA,2,include_eukaryotic,yes,protists,yes,no,no,no,2,input_original/manual_downloads/ICTV_VMR/VMR_MSL41.v1.20260721.xlsx
Stackebrandtviridae,Duplodnaviria,Heunggongvirae,Uroviricota,Caudoviricetes,,dsDNA,DNA,67,exclude_prokaryotic,no,bacteria,no,no,yes,no,67,input_original/manual_downloads/ICTV_VMR/VMR_MSL41.v1.20260721.xlsx
Stanwilliamsviridae,Duplodnaviria,Heunggongvirae,Uroviricota,Caudoviricetes,,dsDNA,DNA,27,exclude_prokaryotic,no,bacteria,no,no,yes,no,27,input_original/manual_downloads/ICTV_VMR/VMR_MSL41.v1.20260721.xlsx
Steigviridae,Duplodnaviria,Heunggongvirae,Uroviricota,Caudoviricetes,Crassvirales,dsDNA,DNA,28,exclude_prokaryotic,no,bacteria,no,no,yes,no,28,input_original/manual_downloads/ICTV_VMR/VMR_MSL41.v1.20260721.xlsx
Steitzviridae,Riboviria,Orthornavirae,Lenarviricota,Leviviricetes,Timlovirales,ssRNA(+),RNA,1289,exclude_eukaryotic_sample_source_only,no,bacteria; invertebrates (s); plants (s); soil (s),no,yes,yes,yes,1289,input_original/manual_downloads/ICTV_VMR/VMR_MSL41.v1.20260721.xlsx
Straboviridae,Duplodnaviria,Heunggongvirae,Uroviricota,Caudoviricetes,Pantevenvirales,dsDNA,DNA,232,exclude_prokaryotic,no,bacteria,no,no,yes,no,232,input_original/manual_downloads/ICTV_VMR/VMR_MSL41.v1.20260721.xlsx
Sukshmaviridae,Volvereviria,Sangervirae,Phixviricota,Microviricetes,Gokushovirales,ssDNA(+),DNA,5,exclude_prokaryotic,no,bacteria,no,no,yes,no,5,input_original/manual_downloads/ICTV_VMR/VMR_MSL41.v1.20260721.xlsx
Sunviridae,Riboviria,Orthornavirae,Negarnaviricota,Monjiviricetes,Mononegavirales,ssRNA(-),RNA,1,include_eukaryotic,yes,vertebrates,yes,no,no,no,1,input_original/manual_downloads/ICTV_VMR/VMR_MSL41.v1.20260721.xlsx
Suolaviridae,Duplodnaviria,Heunggongvirae,Uroviricota,Caudoviricetes,,dsDNA,DNA,1,exclude_prokaryotic,no,archaea,no,no,yes,no,1,input_original/manual_downloads/ICTV_VMR/VMR_MSL41.v1.20260721.xlsx
Suoliviridae,Duplodnaviria,Heunggongvirae,Uroviricota,Caudoviricetes,Crassvirales,dsDNA,DNA,50,exclude_prokaryotic,no,bacteria,no,no,yes,no,50,input_original/manual_downloads/ICTV_VMR/VMR_MSL41.v1.20260721.xlsx
Tainaviridae,Volvereviria,Sangervirae,Phixviricota,Microviricetes,Secretvirales,ssDNA(+),DNA,3,exclude_prokaryotic,no,bacteria,no,no,yes,no,3,input_original/manual_downloads/ICTV_VMR/VMR_MSL41.v1.20260721.xlsx
Tectiviridae,Varidnaviria,Bamfordvirae,Preplasmiviricota,Tectiliviricetes,Kalamavirales,dsDNA,DNA,12,exclude_prokaryotic,no,bacteria,no,no,yes,no,12,input_original/manual_downloads/ICTV_VMR/VMR_MSL41.v1.20260721.xlsx
Tenebraviridae,Duplodnaviria,Heunggongvirae,Uroviricota,Caudoviricetes,,dsDNA,DNA,1,exclude_prokaryotic,no,archaea,no,no,yes,no,1,input_original/manual_downloads/ICTV_VMR/VMR_MSL41.v1.20260721.xlsx
Thalassapleoviridae,Pleomoviria,Trapavirae,Calorviricota,Caminiviricetes,Ageovirales,dsDNA,DNA,5,exclude_prokaryotic,no,archaea,no,no,yes,no,5,input_original/manual_downloads/ICTV_VMR/VMR_MSL41.v1.20260721.xlsx
Thaspiviridae,,,,,,dsDNA,DNA,1,exclude_prokaryotic,no,archaea,no,no,yes,no,3,input_original/manual_downloads/ICTV_VMR/VMR_MSL41.v1.20260721.xlsx
Tinaiviridae,Duplodnaviria,Heunggongvirae,Uroviricota,Caudoviricetes,Paracrassvirales,dsDNA,DNA,1,exclude_prokaryotic,no,bacteria,no,no,yes,no,1,input_original/manual_downloads/ICTV_VMR/VMR_MSL41.v1.20260721.xlsx
Tobaliviridae,Riboviria,Orthornavirae,Kitrinoviricota,Alsuviricetes,Martellivirales,ssRNA(+),RNA,9,include_eukaryotic,yes,fungi,yes,no,no,no,9,input_original/manual_downloads/ICTV_VMR/VMR_MSL41.v1.20260721.xlsx
Tobaniviridae,Riboviria,Orthornavirae,Pisuviricota,Pisoniviricetes,Nidovirales,ssRNA(+),RNA,22,include_eukaryotic,yes,invertebrates (s); vertebrates,yes,yes,no,no,22,input_original/manual_downloads/ICTV_VMR/VMR_MSL41.v1.20260721.xlsx
Togaviridae,Riboviria,Orthornavirae,Kitrinoviricota,Alsuviricetes,Martellivirales,ssRNA(+),RNA,32,include_eukaryotic,yes,"invertebrates; invertebrates, vertebrates; vertebrates",yes,no,no,no,54,input_original/manual_downloads/ICTV_VMR/VMR_MSL41.v1.20260721.xlsx
Tolecusatellitidae,,,,,,ssDNA; ssDNA(+/-); ssDNA(-),DNA,133,include_eukaryotic,yes,plants,yes,no,no,no,133,input_original/manual_downloads/ICTV_VMR/VMR_MSL41.v1.20260721.xlsx
Tombusviridae,Riboviria,Orthornavirae,Kitrinoviricota,Tolucaviricetes,Tolivirales,ssRNA(+),RNA,102,include_eukaryotic,yes,fungi; invertebrates (s); plants; plants (s); vertebrates,yes,yes,no,no,106,input_original/manual_downloads/ICTV_VMR/VMR_MSL41.v1.20260721.xlsx
Tomosaviridae,Riboviria,,,,Tombendovirales,ssRNA(+),RNA,1,include_eukaryotic,yes,plants,yes,no,no,no,1,input_original/manual_downloads/ICTV_VMR/VMR_MSL41.v1.20260721.xlsx
Tonesaviridae,Riboviria,,,,,ssRNA(+),RNA,4,include_eukaryotic,yes,plants,yes,no,no,no,4,input_original/manual_downloads/ICTV_VMR/VMR_MSL41.v1.20260721.xlsx
Tosoviridae,Riboviria,Orthornavirae,Negarnaviricota,Bunyaviricetes,Hareavirales,ssRNA(+/-),RNA,1,include_eukaryotic,yes,vertebrates,yes,no,no,no,1,input_original/manual_downloads/ICTV_VMR/VMR_MSL41.v1.20260721.xlsx
Tospoviridae,Riboviria,Orthornavirae,Negarnaviricota,Bunyaviricetes,Elliovirales,ssRNA(+/-),RNA,36,include_eukaryotic,yes,"invertebrates, plants",yes,no,no,no,36,input_original/manual_downloads/ICTV_VMR/VMR_MSL41.v1.20260721.xlsx
Toyamaviridae,Duplodnaviria,Heunggongvirae,Uroviricota,Caudoviricetes,,dsDNA,DNA,3,exclude_prokaryotic,no,bacteria,no,no,yes,no,3,input_original/manual_downloads/ICTV_VMR/VMR_MSL41.v1.20260721.xlsx
Trautnerviridae,Duplodnaviria,Heunggongvirae,Uroviricota,Caudoviricetes,,dsDNA,DNA,6,exclude_prokaryotic,no,bacteria,no,no,yes,no,6,input_original/manual_downloads/ICTV_VMR/VMR_MSL41.v1.20260721.xlsx
Trimbiviridae,Riboviria,Orthornavirae,Ambiviricota,Suforviricetes,Crytulvirales,ssRNA(+/-),RNA,5,include_eukaryotic,yes,fungi,yes,no,no,no,5,input_original/manual_downloads/ICTV_VMR/VMR_MSL41.v1.20260721.xlsx
Tripviridae,Duplodnaviria,Heunggongvirae,Uroviricota,Caudoviricetes,Metacrassvirales,dsDNA,DNA,1,exclude_prokaryotic,no,bacteria,no,no,yes,no,1,input_original/manual_downloads/ICTV_VMR/VMR_MSL41.v1.20260721.xlsx
Tristromaviridae,Adnaviria,Zilligvirae,Taleaviricota,Tokiviricetes,Primavirales,dsDNA,DNA,3,exclude_prokaryotic,no,archaea,no,no,yes,no,3,input_original/manual_downloads/ICTV_VMR/VMR_MSL41.v1.20260721.xlsx
Tulasviridae,Riboviria,Orthornavirae,Negarnaviricota,Bunyaviricetes,Elliovirales,ssRNA(+/-),RNA,2,include_eukaryotic,yes,fungi,yes,no,no,no,2,input_original/manual_downloads/ICTV_VMR/VMR_MSL41.v1.20260721.xlsx
Turriviridae,Varidnaviria,Abadenavirae,Produgelaviricota,Belvinaviricetes,Belfryvirales,dsDNA,DNA,2,exclude_prokaryotic,no,archaea,no,no,yes,no,2,input_original/manual_downloads/ICTV_VMR/VMR_MSL41.v1.20260721.xlsx
Tymoviridae,Riboviria,Orthornavirae,Kitrinoviricota,Alsuviricetes,Tymovirales,ssDNA(+/-); ssRNA(+),Mixed/unknown,43,include_eukaryotic,yes,plants,yes,no,no,no,43,input_original/manual_downloads/ICTV_VMR/VMR_MSL41.v1.20260721.xlsx
Umezonoviridae,Duplodnaviria,Heunggongvirae,Uroviricota,Caudoviricetes,,dsDNA,DNA,55,exclude_prokaryotic,no,bacteria,no,no,yes,no,55,input_original/manual_downloads/ICTV_VMR/VMR_MSL41.v1.20260721.xlsx
Unambiviridae,Riboviria,Orthornavirae,Ambiviricota,Suforviricetes,Crytulvirales,ssRNA(+/-),RNA,4,include_eukaryotic,yes,fungi,yes,no,no,no,4,input_original/manual_downloads/ICTV_VMR/VMR_MSL41.v1.20260721.xlsx
Ungulaviridae,Adnaviria,Zilligvirae,Taleaviricota,Tokiviricetes,Ligamenvirales,dsDNA,DNA,1,exclude_prokaryotic,no,archaea,no,no,yes,no,1,input_original/manual_downloads/ICTV_VMR/VMR_MSL41.v1.20260721.xlsx
Usuviridae,Duplodnaviria,Heunggongvirae,Uroviricota,Caudoviricetes,Methanobavirales,dsDNA,DNA,2,exclude_prokaryotic,no,archaea,no,no,yes,no,2,input_original/manual_downloads/ICTV_VMR/VMR_MSL41.v1.20260721.xlsx
Vandenendeviridae,Duplodnaviria,Heunggongvirae,Uroviricota,Caudoviricetes,,dsDNA,DNA,73,exclude_prokaryotic,no,bacteria,no,no,yes,no,73,input_original/manual_downloads/ICTV_VMR/VMR_MSL41.v1.20260721.xlsx
Verdandiviridae,Duplodnaviria,Heunggongvirae,Uroviricota,Caudoviricetes,,dsDNA,DNA,3,exclude_prokaryotic,no,archaea,no,no,yes,no,3,input_original/manual_downloads/ICTV_VMR/VMR_MSL41.v1.20260721.xlsx
Vertoviridae,Duplodnaviria,Heunggongvirae,Uroviricota,Caudoviricetes,,dsDNA,DNA,3,exclude_prokaryotic,no,archaea,no,no,yes,no,3,input_original/manual_downloads/ICTV_VMR/VMR_MSL41.v1.20260721.xlsx
Vilmaviridae,Duplodnaviria,Heunggongvirae,Uroviricota,Caudoviricetes,,dsDNA,DNA,28,exclude_prokaryotic,no,bacteria,no,no,yes,no,28,input_original/manual_downloads/ICTV_VMR/VMR_MSL41.v1.20260721.xlsx
Vilyaviridae,Floreoviria,Shotokuvirae,Cressdnaviricota,Arfiviricetes,Cirlivirales,ssDNA; ssDNA(+/-),DNA,27,include_eukaryotic,yes,protists (s); vertebrates,yes,yes,no,no,27,input_original/manual_downloads/ICTV_VMR/VMR_MSL41.v1.20260721.xlsx
Virgaviridae,Riboviria,Orthornavirae,Kitrinoviricota,Alsuviricetes,Martellivirales,ssRNA(+),RNA,59,include_eukaryotic,yes,plants,yes,no,no,no,60,input_original/manual_downloads/ICTV_VMR/VMR_MSL41.v1.20260721.xlsx
Winoviridae,Duplodnaviria,Heunggongvirae,Uroviricota,Caudoviricetes,,dsDNA,DNA,3,exclude_prokaryotic,no,bacteria,no,no,yes,no,3,input_original/manual_downloads/ICTV_VMR/VMR_MSL41.v1.20260721.xlsx
Wupedeviridae,Riboviria,Orthornavirae,Negarnaviricota,Bunyaviricetes,Hareavirales,ssRNA(-),RNA,1,include_eukaryotic,yes,invertebrates,yes,no,no,no,1,input_original/manual_downloads/ICTV_VMR/VMR_MSL41.v1.20260721.xlsx
Xigoviridae,,,,,,dsDNA,DNA,1,exclude_prokaryotic,no,archaea,no,no,yes,no,1,input_original/manual_downloads/ICTV_VMR/VMR_MSL41.v1.20260721.xlsx
Xinmoviridae,Riboviria,Orthornavirae,Negarnaviricota,Monjiviricetes,Mononegavirales,ssRNA(-),RNA,30,include_eukaryotic,yes,invertebrates; vertebrates (s),yes,yes,no,no,30,input_original/manual_downloads/ICTV_VMR/VMR_MSL41.v1.20260721.xlsx
Yadokariviridae,Riboviria,Orthornavirae,Pisuviricota,,Yadokarivirales,ssRNA(+),RNA,10,include_eukaryotic,yes,fungi; protists,yes,no,no,no,13,input_original/manual_downloads/ICTV_VMR/VMR_MSL41.v1.20260721.xlsx
Yadonushiviridae,Riboviria,Orthornavirae,Duplornaviricota,Chrymotiviricetes,Ghabrivirales,dsRNA,RNA,1,include_eukaryotic,yes,fungi,yes,no,no,no,1,input_original/manual_downloads/ICTV_VMR/VMR_MSL41.v1.20260721.xlsx
Yamazakiviridae,,,,,,dsDNA,DNA,1,exclude_prokaryotic,no,archaea,no,no,yes,no,1,input_original/manual_downloads/ICTV_VMR/VMR_MSL41.v1.20260721.xlsx
Yangangviridae,Duplodnaviria,Heunggongvirae,Uroviricota,Caudoviricetes,Juravirales,dsDNA,DNA,3,exclude_prokaryotic,no,archaea,no,no,yes,no,3,input_original/manual_downloads/ICTV_VMR/VMR_MSL41.v1.20260721.xlsx
Yanlukaviridae,Duplodnaviria,Heunggongvirae,Uroviricota,Caudoviricetes,Juravirales,dsDNA,DNA,1,exclude_prokaryotic,no,archaea,no,no,yes,no,1,input_original/manual_downloads/ICTV_VMR/VMR_MSL41.v1.20260721.xlsx
Yaraviridae,Varidnaviria,Bamfordvirae,Nucleocytoviricota,Mriyaviricetes,,dsDNA,DNA,1,include_eukaryotic,yes,protists,yes,no,no,no,1,input_original/manual_downloads/ICTV_VMR/VMR_MSL41.v1.20260721.xlsx
Yueviridae,Riboviria,Orthornavirae,Negarnaviricota,Yunchangviricetes,Goujianvirales,ssRNA(-),RNA,2,include_eukaryotic,yes,invertebrates,yes,no,no,no,2,input_original/manual_downloads/ICTV_VMR/VMR_MSL41.v1.20260721.xlsx
Zierdtviridae,Duplodnaviria,Heunggongvirae,Uroviricota,Caudoviricetes,,dsDNA,DNA,27,exclude_prokaryotic,no,bacteria,no,no,yes,no,27,input_original/manual_downloads/ICTV_VMR/VMR_MSL41.v1.20260721.xlsx
Zimmerviridae,Duplodnaviria,Heunggongvirae,Uroviricota,Caudoviricetes,,dsDNA,DNA,22,exclude_prokaryotic,no,bacteria,no,no,yes,no,22,input_original/manual_downloads/ICTV_VMR/VMR_MSL41.v1.20260721.xlsx
Zobellviridae,Duplodnaviria,Heunggongvirae,Uroviricota,Caudoviricetes,,dsDNA,DNA,11,exclude_prokaryotic,no,bacteria,no,no,yes,no,11,input_original/manual_downloads/ICTV_VMR/VMR_MSL41.v1.20260721.xlsx
