Row,Rank,Group,DeePaC-vir,DeepHoF,EvoMIL,GIVAL,Host Taxon Predictor,HostNet (Flavivirus),"HostNet (Rabies, VIPHOD)",MENB,MosViR,RNAVirHost,SPHAK,UniVH,VIDHOP,VPF-Class,VirHostPRED,ViralHostPredictor,Zoonotic rank
Algae,category (harmonized scheme),Algae,48.0,0.0,0.0,0.0,5.0,0.0,0.0,0.0,0.0,0.0,0.0,0.0,0.0,615.0,0.0,0.0,0.0
Amphibia,class (rolled up),Non-mammalian vertebrates,20.0,0.0,0.0,0.0,5.0,0.0,0.0,0.0,0.0,13.0,0.0,0.0,0.0,0.0,0.0,0.0,0.0
Anas platyrhynchos,species,Non-mammalian vertebrates,32.0,0.0,40.0,0.0,6.0,0.0,0.0,0.0,0.0,50.0,219.0,0.0,24996.0,0.0,0.0,0.0,0.0
Arachnida,class (rolled up),Invertebrates,30.0,0.0,0.0,0.0,80.0,0.0,0.0,0.0,0.0,165.0,0.0,14.0,0.0,0.0,0.0,0.0,0.0
Artiodactyla,order (rolled up),Mammals,63.0,0.0,0.0,0.0,48.0,0.0,0.0,0.0,0.0,124.0,54.0,18.0,118.0,0.0,0.0,64.0,143.0
Aves,class (rolled up),Non-mammalian vertebrates,172.0,0.0,0.0,48905.0,91.0,0.0,0.0,1200.0,0.0,213.0,1109.0,58.0,15295.0,0.0,0.0,73.0,66.0
Bos taurus,species,Mammals,162.0,0.0,202.0,0.0,43.0,0.0,2280.0,0.0,0.0,294.0,85.0,0.0,3516.0,0.0,0.0,0.0,0.0
Canis lupus,species,Mammals,46.0,0.0,72.0,624.0,25.0,0.0,5121.0,0.0,0.0,60.0,134.0,0.0,5566.0,0.0,0.0,0.0,0.0
Capra hircus,species,Mammals,17.0,0.0,31.0,0.0,2.0,0.0,100.0,0.0,0.0,59.0,15.0,0.0,120.0,0.0,0.0,0.0,0.0
Carnivora,order (rolled up),Mammals,81.0,0.0,0.0,132.0,44.0,0.0,260.0,0.0,0.0,105.0,541.0,29.0,300.0,0.0,0.0,43.0,62.0
Chiroptera,order (rolled up),Mammals,231.0,0.0,0.0,0.0,113.0,0.0,186.0,0.0,0.0,385.0,231.0,17.0,226.0,0.0,0.0,59.0,70.0
Chlorocebus aethiops,species,Mammals,41.0,0.0,108.0,0.0,1.0,0.0,0.0,0.0,0.0,47.0,1.0,0.0,0.0,0.0,0.0,0.0,0.0
Crustacea,subphylum,Invertebrates,21.0,0.0,0.0,0.0,43.0,0.0,0.0,0.0,0.0,42.0,12.0,0.0,0.0,0.0,0.0,0.0,0.0
Culicidae,family,Invertebrates,123.0,0.0,36.0,0.0,137.0,9253.0,0.0,0.0,2391.0,415.0,2.0,0.0,0.0,1.0,0.0,75.0,0.0
Desmodus rotundus,species,Mammals,3.0,0.0,0.0,0.0,3.0,0.0,164.0,0.0,0.0,6.0,0.0,0.0,184.0,0.0,0.0,0.0,0.0
Eptesicus fuscus,species,Mammals,3.0,0.0,0.0,0.0,1.0,0.0,460.0,0.0,0.0,8.0,0.0,0.0,480.0,0.0,0.0,0.0,0.0
Equus caballus,species,Mammals,33.0,0.0,54.0,182.0,10.0,0.0,118.0,0.0,0.0,82.0,71.0,0.0,2469.0,0.0,0.0,0.0,0.0
Felis catus,species,Mammals,45.0,0.0,57.0,59.0,12.0,0.0,259.0,0.0,0.0,83.0,123.0,0.0,279.0,0.0,0.0,0.0,0.0
Fish,category (harmonized scheme),Non-mammalian vertebrates,100.0,0.0,0.0,0.0,87.0,0.0,0.0,0.0,0.0,406.0,5.0,42.0,0.0,0.0,0.0,19.0,39.0
Fungi,category (harmonized scheme),Fungi,285.0,0.0,0.0,0.0,241.0,0.0,0.0,0.0,0.0,898.0,0.0,100.0,0.0,0.0,0.0,0.0,3.0
Gallus gallus,species,Non-mammalian vertebrates,71.0,0.0,109.0,0.0,62.0,0.0,0.0,0.0,0.0,269.0,922.0,0.0,27229.0,0.0,0.0,0.0,0.0
Homo sapiens,species,Mammals,1309.0,32464.0,1321.0,53942.0,188.0,0.0,478.0,1200.0,0.0,4338.0,5480.0,1.0,136031.0,1247.0,2127.0,0.0,113.0
Humans + non-human primates,category (harmonized scheme),Mammals,0.0,0.0,0.0,0.0,0.0,0.0,0.0,0.0,0.0,0.0,0.0,0.0,0.0,0.0,0.0,55.0,0.0
Insects,category (harmonized scheme),Invertebrates,523.0,0.0,0.0,0.0,530.0,0.0,0.0,0.0,0.0,1183.0,1.0,62.0,0.0,68.0,0.0,65.0,67.0
Ixodida,order,Invertebrates,44.0,0.0,0.0,0.0,69.0,373.0,0.0,0.0,0.0,126.0,3.0,0.0,0.0,0.0,0.0,20.0,0.0
Macaca mulatta,species,Mammals,40.0,0.0,73.0,0.0,3.0,0.0,0.0,0.0,0.0,65.0,10.0,0.0,0.0,0.0,0.0,0.0,0.0
Meleagris gallopavo,species,Non-mammalian vertebrates,23.0,0.0,0.0,0.0,7.0,0.0,0.0,0.0,0.0,13.0,74.0,0.0,2123.0,0.0,0.0,0.0,0.0
Mephitis mephitis,species,Mammals,1.0,0.0,0.0,19.0,1.0,0.0,672.0,0.0,0.0,0.0,0.0,0.0,692.0,0.0,0.0,0.0,0.0
Mesocricetus auratus,species,Mammals,11.0,0.0,42.0,0.0,2.0,0.0,0.0,0.0,0.0,15.0,2.0,0.0,0.0,0.0,0.0,0.0,0.0
Mus musculus,species,Mammals,71.0,0.0,174.0,0.0,7.0,0.0,0.0,0.0,0.0,74.0,13.0,0.0,0.0,0.0,0.0,0.0,0.0
Mustela putorius,species,Mammals,5.0,0.0,0.0,38.0,3.0,0.0,0.0,0.0,0.0,8.0,2.0,0.0,0.0,0.0,0.0,0.0,0.0
Non-human (undifferentiated),category (harmonized scheme),Mammals,0.0,0.0,0.0,0.0,0.0,0.0,0.0,0.0,0.0,0.0,0.0,0.0,0.0,0.0,2127.0,0.0,0.0
Non-human primates,category (harmonized scheme),Mammals,86.0,0.0,0.0,0.0,71.0,0.0,0.0,0.0,0.0,184.0,26.0,18.0,0.0,0.0,0.0,0.0,69.0
Nyctereutes procyonoides,species,Mammals,1.0,0.0,0.0,22.0,1.0,0.0,101.0,0.0,0.0,0.0,2.0,0.0,121.0,0.0,0.0,0.0,0.0
Other invertebrates,category (harmonized scheme),Invertebrates,107.0,7424.0,0.0,0.0,603.0,0.0,0.0,0.0,0.0,109.0,1.0,231.0,0.0,0.0,0.0,0.0,2.0
Other mammals,category (harmonized scheme),Mammals,243.0,0.0,0.0,15.0,114.0,0.0,0.0,0.0,0.0,331.0,113.0,14.0,0.0,0.0,0.0,20.0,64.0
Ovis aries,species,Mammals,29.0,0.0,51.0,0.0,9.0,0.0,0.0,0.0,0.0,51.0,2.0,0.0,0.0,0.0,0.0,0.0,0.0
Pan troglodytes,species,Mammals,33.0,0.0,45.0,0.0,18.0,0.0,0.0,0.0,0.0,26.0,10.0,0.0,0.0,0.0,0.0,0.0,0.0
Plantae,kingdom (rolled up),Plants,1794.0,4787.0,1187.0,0.0,1158.0,0.0,0.0,0.0,0.0,5508.0,3476.0,113.0,0.0,10.0,0.0,21.0,61.0
Procyon lotor,species,Mammals,4.0,0.0,0.0,2.0,2.0,0.0,558.0,0.0,0.0,1.0,1.0,0.0,578.0,0.0,0.0,0.0,0.0
Protists & oomycetes,category (harmonized scheme),Protists & oomycetes,64.0,0.0,0.0,0.0,13.0,0.0,0.0,0.0,0.0,0.0,0.0,0.0,0.0,0.0,0.0,0.0,0.0
Rattus norvegicus,species,Mammals,23.0,0.0,48.0,0.0,15.0,0.0,0.0,0.0,0.0,67.0,10.0,0.0,0.0,0.0,0.0,0.0,0.0
Reptilia,class (rolled up),Non-mammalian vertebrates,41.0,0.0,0.0,0.0,32.0,0.0,0.0,0.0,0.0,171.0,0.0,2.0,0.0,0.0,0.0,8.0,17.0
Rodentia,order (rolled up),Mammals,167.0,0.0,0.0,0.0,79.0,0.0,0.0,0.0,0.0,527.0,51.0,17.0,0.0,54.0,0.0,83.0,138.0
Struthio camelus,species,Non-mammalian vertebrates,2.0,0.0,0.0,0.0,1.0,0.0,0.0,0.0,0.0,1.0,5.0,0.0,231.0,0.0,0.0,0.0,0.0
Sus scrofa,species,Mammals,166.0,0.0,219.0,17486.0,64.0,0.0,0.0,1200.0,0.0,536.0,762.0,0.0,42440.0,0.0,0.0,0.0,0.0
Tadarida brasiliensis,species,Mammals,3.0,0.0,0.0,0.0,4.0,0.0,245.0,0.0,0.0,0.0,2.0,0.0,265.0,0.0,0.0,0.0,0.0
Unknown host,category (harmonized scheme),Unknown/Excluded,1.0,9.0,0.0,0.0,5.0,0.0,0.0,0.0,0.0,0.0,0.0,0.0,0.0,0.0,0.0,69.0,0.0
Unresolved vertebrates,category (harmonized scheme),Non-mammalian vertebrates,4.0,10245.0,0.0,0.0,4.0,0.0,0.0,0.0,24611.0,0.0,0.0,0.0,0.0,0.0,0.0,0.0,0.0
Vulpes vulpes,species,Mammals,2.0,0.0,0.0,106.0,1.0,0.0,683.0,0.0,0.0,5.0,0.0,0.0,703.0,0.0,0.0,0.0,0.0
