name_used_here,role,accepted_name,taxid,rank,authority,access_date,query,verdict,evidence_url,notes
Anas platyrhynchos,standalone species row on the figure,Anas platyrhynchos,8839,species,NCBI Taxonomy,2026-09-08,[Scientific Name],CONFIRMED,https://eutils.ncbi.nlm.nih.gov/entrez/eutils/esummary.fcgi?db=taxonomy&id=8839,returned by an exact [Scientific Name] search and reported at rank species
Bos taurus,standalone species row on the figure,Bos taurus,9913,species,NCBI Taxonomy,2026-09-08,[Scientific Name],CONFIRMED,https://eutils.ncbi.nlm.nih.gov/entrez/eutils/esummary.fcgi?db=taxonomy&id=9913,returned by an exact [Scientific Name] search and reported at rank species
Canis lupus,standalone species row on the figure,Canis lupus,9612,species,NCBI Taxonomy,2026-09-08,[Scientific Name],CONFIRMED,https://eutils.ncbi.nlm.nih.gov/entrez/eutils/esummary.fcgi?db=taxonomy&id=9612,returned by an exact [Scientific Name] search and reported at rank species
Capra hircus,standalone species row on the figure,Capra hircus,9925,species,NCBI Taxonomy,2026-09-08,[Scientific Name],CONFIRMED,https://eutils.ncbi.nlm.nih.gov/entrez/eutils/esummary.fcgi?db=taxonomy&id=9925,returned by an exact [Scientific Name] search and reported at rank species
Chlorocebus aethiops,standalone species row on the figure,Chlorocebus aethiops,9534,species,NCBI Taxonomy,2026-09-08,[Scientific Name],CONFIRMED,https://eutils.ncbi.nlm.nih.gov/entrez/eutils/esummary.fcgi?db=taxonomy&id=9534,returned by an exact [Scientific Name] search and reported at rank species
Desmodus rotundus,standalone species row on the figure,Desmodus rotundus,9430,species,NCBI Taxonomy,2026-09-08,[Scientific Name],CONFIRMED,https://eutils.ncbi.nlm.nih.gov/entrez/eutils/esummary.fcgi?db=taxonomy&id=9430,returned by an exact [Scientific Name] search and reported at rank species
Eptesicus fuscus,standalone species row on the figure,Eptesicus fuscus,29078,species,NCBI Taxonomy,2026-09-08,[Scientific Name],CONFIRMED,https://eutils.ncbi.nlm.nih.gov/entrez/eutils/esummary.fcgi?db=taxonomy&id=29078,returned by an exact [Scientific Name] search and reported at rank species
Equus caballus,standalone species row on the figure,Equus caballus,9796,species,NCBI Taxonomy,2026-09-08,[Scientific Name],CONFIRMED,https://eutils.ncbi.nlm.nih.gov/entrez/eutils/esummary.fcgi?db=taxonomy&id=9796,returned by an exact [Scientific Name] search and reported at rank species
Felis catus,standalone species row on the figure,Felis catus,9685,species,NCBI Taxonomy,2026-09-08,[Scientific Name],CONFIRMED,https://eutils.ncbi.nlm.nih.gov/entrez/eutils/esummary.fcgi?db=taxonomy&id=9685,returned by an exact [Scientific Name] search and reported at rank species
Gallus gallus,standalone species row on the figure,Gallus gallus,9031,species,NCBI Taxonomy,2026-09-08,[Scientific Name],CONFIRMED,https://eutils.ncbi.nlm.nih.gov/entrez/eutils/esummary.fcgi?db=taxonomy&id=9031,returned by an exact [Scientific Name] search and reported at rank species
Homo sapiens,standalone species row on the figure,Homo sapiens,9606,species,NCBI Taxonomy,2026-09-08,[Scientific Name],CONFIRMED,https://eutils.ncbi.nlm.nih.gov/entrez/eutils/esummary.fcgi?db=taxonomy&id=9606,returned by an exact [Scientific Name] search and reported at rank species
Macaca mulatta,standalone species row on the figure,Macaca mulatta,9544,species,NCBI Taxonomy,2026-09-08,[Scientific Name],CONFIRMED,https://eutils.ncbi.nlm.nih.gov/entrez/eutils/esummary.fcgi?db=taxonomy&id=9544,returned by an exact [Scientific Name] search and reported at rank species
Meleagris gallopavo,standalone species row on the figure,Meleagris gallopavo,9103,species,NCBI Taxonomy,2026-09-08,[Scientific Name],CONFIRMED,https://eutils.ncbi.nlm.nih.gov/entrez/eutils/esummary.fcgi?db=taxonomy&id=9103,returned by an exact [Scientific Name] search and reported at rank species
Mephitis mephitis,standalone species row on the figure,Mephitis mephitis,30548,species,NCBI Taxonomy,2026-09-08,[Scientific Name],CONFIRMED,https://eutils.ncbi.nlm.nih.gov/entrez/eutils/esummary.fcgi?db=taxonomy&id=30548,returned by an exact [Scientific Name] search and reported at rank species
Mesocricetus auratus,standalone species row on the figure,Mesocricetus auratus,10036,species,NCBI Taxonomy,2026-09-08,[Scientific Name],CONFIRMED,https://eutils.ncbi.nlm.nih.gov/entrez/eutils/esummary.fcgi?db=taxonomy&id=10036,returned by an exact [Scientific Name] search and reported at rank species
Mus musculus,standalone species row on the figure,Mus musculus,10090,species,NCBI Taxonomy,2026-09-08,[Scientific Name],CONFIRMED,https://eutils.ncbi.nlm.nih.gov/entrez/eutils/esummary.fcgi?db=taxonomy&id=10090,returned by an exact [Scientific Name] search and reported at rank species
Mustela putorius,standalone species row on the figure,Mustela putorius,9668,species,NCBI Taxonomy,2026-09-08,[Scientific Name],CONFIRMED,https://eutils.ncbi.nlm.nih.gov/entrez/eutils/esummary.fcgi?db=taxonomy&id=9668,returned by an exact [Scientific Name] search and reported at rank species
Nyctereutes procyonoides,standalone species row on the figure,Nyctereutes procyonoides,34880,species,NCBI Taxonomy,2026-09-08,[Scientific Name],CONFIRMED,https://eutils.ncbi.nlm.nih.gov/entrez/eutils/esummary.fcgi?db=taxonomy&id=34880,returned by an exact [Scientific Name] search and reported at rank species
Ovis aries,standalone species row on the figure,Ovis aries,9940,species,NCBI Taxonomy,2026-09-08,[Scientific Name],CONFIRMED,https://eutils.ncbi.nlm.nih.gov/entrez/eutils/esummary.fcgi?db=taxonomy&id=9940,returned by an exact [Scientific Name] search and reported at rank species
Pan troglodytes,standalone species row on the figure,Pan troglodytes,9598,species,NCBI Taxonomy,2026-09-08,[Scientific Name],CONFIRMED,https://eutils.ncbi.nlm.nih.gov/entrez/eutils/esummary.fcgi?db=taxonomy&id=9598,returned by an exact [Scientific Name] search and reported at rank species
Procyon lotor,standalone species row on the figure,Procyon lotor,9654,species,NCBI Taxonomy,2026-09-08,[Scientific Name],CONFIRMED,https://eutils.ncbi.nlm.nih.gov/entrez/eutils/esummary.fcgi?db=taxonomy&id=9654,returned by an exact [Scientific Name] search and reported at rank species
Rattus norvegicus,standalone species row on the figure,Rattus norvegicus,10116,species,NCBI Taxonomy,2026-09-08,[Scientific Name],CONFIRMED,https://eutils.ncbi.nlm.nih.gov/entrez/eutils/esummary.fcgi?db=taxonomy&id=10116,returned by an exact [Scientific Name] search and reported at rank species
Struthio camelus,standalone species row on the figure,Struthio camelus,8801,species,NCBI Taxonomy,2026-09-08,[Scientific Name],CONFIRMED,https://eutils.ncbi.nlm.nih.gov/entrez/eutils/esummary.fcgi?db=taxonomy&id=8801,returned by an exact [Scientific Name] search and reported at rank species
Sus scrofa,standalone species row on the figure,Sus scrofa,9823,species,NCBI Taxonomy,2026-09-08,[Scientific Name],CONFIRMED,https://eutils.ncbi.nlm.nih.gov/entrez/eutils/esummary.fcgi?db=taxonomy&id=9823,returned by an exact [Scientific Name] search and reported at rank species
Tadarida brasiliensis,standalone species row on the figure,Tadarida brasiliensis,9438,species,NCBI Taxonomy,2026-09-08,[Scientific Name],CONFIRMED,https://eutils.ncbi.nlm.nih.gov/entrez/eutils/esummary.fcgi?db=taxonomy&id=9438,returned by an exact [Scientific Name] search and reported at rank species
Vulpes vulpes,standalone species row on the figure,Vulpes vulpes,9627,species,NCBI Taxonomy,2026-09-08,[Scientific Name],CONFIRMED,https://eutils.ncbi.nlm.nih.gov/entrez/eutils/esummary.fcgi?db=taxonomy&id=9627,returned by an exact [Scientific Name] search and reported at rank species
Oryza sativa,species named in the manuscript text,Oryza sativa,4530,species,NCBI Taxonomy,2026-09-08,[Scientific Name],CONFIRMED,https://eutils.ncbi.nlm.nih.gov/entrez/eutils/esummary.fcgi?db=taxonomy&id=4530,returned by an exact [Scientific Name] search and reported at rank species
Solanum lycopersicum,species named in the manuscript text,Solanum lycopersicum,4081,species,NCBI Taxonomy,2026-09-08,[Scientific Name],CONFIRMED,https://eutils.ncbi.nlm.nih.gov/entrez/eutils/esummary.fcgi?db=taxonomy&id=4081,returned by an exact [Scientific Name] search and reported at rank species
Zea mays,species named in the manuscript text,Zea mays,4577,species,NCBI Taxonomy,2026-09-08,[Scientific Name],CONFIRMED,https://eutils.ncbi.nlm.nih.gov/entrez/eutils/esummary.fcgi?db=taxonomy&id=4577,returned by an exact [Scientific Name] search and reported at rank species
Canis lupus,target of the synonym substitution: Canis familiaris -> Canis lupus,Canis lupus,9612,species,NCBI Taxonomy,2026-09-08,efetch OtherNames block,CONFIRMED,https://eutils.ncbi.nlm.nih.gov/entrez/eutils/efetch.fcgi?db=taxonomy&id=9615&retmode=xml,"NCBI records 'Canis familiaris' as a synonym of taxid 9615 Canis lupus familiaris, rank subspecies, whose parent is taxid 9612 Canis lupus. The substitution is this project's infraspecific-to-binomial collapse and agrees with that parentage."
Capra hircus,target of the synonym substitution: Capra aegagrus hircus -> Capra hircus,Capra hircus,9925,species,NCBI Taxonomy,2026-09-08,efetch OtherNames block,CONFIRMED,https://eutils.ncbi.nlm.nih.gov/entrez/eutils/efetch.fcgi?db=taxonomy&id=9925&retmode=xml,NCBI records 'Capra aegagrus hircus' as a synonym of taxid 9925 Capra hircus itself.
Equus caballus,target of the synonym substitution: Equus ferus caballus -> Equus caballus,Equus caballus,9796,species,NCBI Taxonomy,2026-09-08,efetch OtherNames block,CONFIRMED,https://eutils.ncbi.nlm.nih.gov/entrez/eutils/efetch.fcgi?db=taxonomy&id=9796&retmode=xml,NCBI records 'Equus ferus caballus' as a synonym of taxid 9796 Equus caballus itself.
Penaeus vannamei,target of the synonym substitution: Litopenaeus vannamei -> Penaeus vannamei,Penaeus vannamei,6689,species,NCBI Taxonomy,2026-09-08,efetch OtherNames block,CONFIRMED,https://eutils.ncbi.nlm.nih.gov/entrez/eutils/efetch.fcgi?db=taxonomy&id=6689&retmode=xml,NCBI records 'Litopenaeus vannamei' as a synonym of taxid 6689 Penaeus vannamei itself.
