Tool,Original label (as reported),Count,evidence,matched_recomputed_label,source_in_article
DeepHoF,human,32464,file,human,
DeepHoF,non-human vertebrate,10245,file,non-human vertebrate,
DeepHoF,invertebrate,7424,file,invertebrate,
DeepHoF,plant,4787,file,plant,
DeepHoF,germ,12020,file,"germ (microbial hosts, EXCL)",
RNAVirHost,Primates,4542,review_count_differs,Primates,
RNAVirHost,Artiodactyla,1034,article,,"FILE-DERIVED, not article-stated: virus_label(1).csv. y|L2 column, direct value count."
RNAVirHost,Rodentia,643,review_count_differs,Rodentia,
RNAVirHost,Aves,518,review_count_differs,Aves,
RNAVirHost,Chiroptera,408,review_count_differs,Chiroptera,
RNAVirHost,Other Mammalia / Mammalia,383,article,,"FILE-DERIVED, not article-stated: virus_label(1).csv. y|L2, two values merged by the workbook: Other Mammalia 286 + Mammalia 97 = 383."
RNAVirHost,Fish,279,article,,"FILE-DERIVED, not article-stated: virus_label(1).csv. y|L2 column, direct value count."
RNAVirHost,Carnivora,257,article,,"FILE-DERIVED, not article-stated: virus_label(1).csv. y|L2 column, direct value count."
RNAVirHost,Reptilia,171,article,,"FILE-DERIVED, not article-stated: virus_label(1).csv. y|L2 column, direct value count."
RNAVirHost,Amphibia,13,review_name_only,Meleagris gallopavo,
RNAVirHost,Insecta,1398,review_count_differs,Insecta,
RNAVirHost,Arachnida,284,article,,"FILE-DERIVED, not article-stated: virus_label(1).csv. y|host class within y|L1=Invertebrate: Arachnida = 284."
RNAVirHost,other invertebrate classes,147,article,,"FILE-DERIVED, not article-stated: virus_label(1).csv. y|host class within y|L1=Invertebrate: 1829 total - Insecta 1398 - Arachnida 284 = 147."
RNAVirHost,Viridiplantae,3497,article,,"FILE-DERIVED, not article-stated: virus_label(1).csv. y|L1 column, direct value count."
RNAVirHost,Fungi,882,article,,"FILE-DERIVED, not article-stated: virus_label(1).csv. y|L1 column, direct value count."
RNAVirHost,Bacteria,44,file,Bacteria (EXCL),
Host Taxon Predictor,"Eukaryote (primary binary, positive)",4056,article,,"Host taxon predictor, Methods, 'Distinction between viruses infecting seed plants, vertebrates, and arthropods' (p. 10): 'The set of 4056 eukaryotic viruses was divided into four groups ... consisting of 1147, 1175, 1143, and 591 viruses, respectively.' Sum checks: 1147+1175+1143+591 = 4056."
Host Taxon Predictor,"Prokaryote/Archaea (primary binary, negative)",1219,file,"Prokaryote/Archaea (primary binary, negative, EXCL)",
Host Taxon Predictor,seed plant (experimental binary),1147,article,,"Host taxon predictor, Methods, 'Distinction between viruses infecting seed plants, vertebrates, and arthropods' (p. 10): 'The set of 4056 eukaryotic viruses was divided into four groups ... consisting of 1147, 1175, 1143, and 591 viruses, respectively.' Sum checks: 1147+1175+1143+591 = 4056."
Host Taxon Predictor,vertebrate (experimental binary),1175,article,,"Host taxon predictor, Methods, 'Distinction between viruses infecting seed plants, vertebrates, and arthropods' (p. 10): 'The set of 4056 eukaryotic viruses was divided into four groups ... consisting of 1147, 1175, 1143, and 591 viruses, respectively.' Sum checks: 1147+1175+1143+591 = 4056."
Host Taxon Predictor,arthropod (experimental binary),1143,article,,"Host taxon predictor, Methods, 'Distinction between viruses infecting seed plants, vertebrates, and arthropods' (p. 10): 'The set of 4056 eukaryotic viruses was divided into four groups ... consisting of 1147, 1175, 1143, and 591 viruses, respectively.' Sum checks: 1147+1175+1143+591 = 4056."
Host Taxon Predictor,other (experimental binary),591,article,,"Host taxon predictor, Methods, 'Distinction between viruses infecting seed plants, vertebrates, and arthropods' (p. 10): 'The set of 4056 eukaryotic viruses was divided into four groups ... consisting of 1147, 1175, 1143, and 591 viruses, respectively.' Sum checks: 1147+1175+1143+591 = 4056."
EvoMIL,Homo sapiens,1321,file,Homo sapiens,
EvoMIL,Chlorocebus aethiops,108,file,Chlorocebus aethiops,
EvoMIL,Macaca mulatta,73,file,Macaca mulatta,
EvoMIL,Pan troglodytes,45,file,Pan troglodytes,
EvoMIL,Mus musculus,174,file,Mus musculus,
EvoMIL,Rattus norvegicus,48,file,Rattus norvegicus,
EvoMIL,Mesocricetus auratus,42,file,Mesocricetus auratus,
EvoMIL,Sus scrofa,219,file,Sus scrofa,
EvoMIL,Bos taurus,202,file,Bos taurus,
EvoMIL,Ovis aries,51,file,Ovis aries,
EvoMIL,Capra hircus,31,file,Capra hircus,
EvoMIL,Canis lupus,72,file,Canis lupus,
EvoMIL,Felis catus,57,file,Felis catus,
EvoMIL,Equus caballus,54,file,Equus caballus,
EvoMIL,Gallus gallus,109,file,Gallus gallus,
EvoMIL,Anas platyrhynchos,40,file,Anas platyrhynchos,
EvoMIL,Aedes albopictus,36,file,Aedes albopictus,
EvoMIL,19 plant species (pooled),1187,file,19 plant species (pooled),
VIDHOP,Homo sapiens,136031,file,Homo sapiens,
VIDHOP,Sus scrofa,42440,file,Sus scrofa,
VIDHOP,Gallus gallus,27229,file,Gallus gallus,
VIDHOP,Anas platyrhynchos,24996,file,Anas platyrhynchos,
VIDHOP,Canis lupus,5566,file,Canis lupus,
VIDHOP,Bos taurus,3516,file,Bos taurus,
VIDHOP,Arenaria interpres,3374,file,Arenaria interpres,
VIDHOP,Equus caballus,2469,file,Equus caballus,
VIDHOP,Anas discors,2243,file,Anas discors,
VIDHOP,Meleagris gallopavo,2123,file,Meleagris gallopavo,
VIDHOP,Vulpes vulpes,703,file,Vulpes vulpes,
VIDHOP,Mephitis mephitis,692,file,Mephitis mephitis,
VIDHOP,Chroicocephalus ridibundus,1476,file,Chroicocephalus ridibundus,
VIDHOP,Anas clypeata,1085,file,Anas clypeata,
VIDHOP,Cairina moschata,990,file,Cairina moschata,
VIDHOP,Anas acuta,778,file,Anas acuta,
VIDHOP,Anas crecca,727,file,Anas crecca,
VIDHOP,Procyon lotor,578,file,Procyon lotor,
VIDHOP,Anas carolinensis,659,file,Anas carolinensis,
VIDHOP,Eptesicus fuscus,480,file,Eptesicus fuscus,
VIDHOP,Anas rubripes,346,file,Anas rubripes,
VIDHOP,Larus argentatus,306,file,Larus argentatus,
VIDHOP,Anser albifrons,291,file,Anser albifrons,
VIDHOP,Leucophaeus atricilla,290,file,Leucophaeus atricilla,
VIDHOP,Felis catus,279,file,Felis catus,
VIDHOP,Tadarida brasiliensis,265,file,Tadarida brasiliensis,
VIDHOP,Calidris canutus,250,file,Calidris canutus,
VIDHOP,Mareca penelope,248,file,Mareca penelope,
VIDHOP,Cygnus olor,242,file,Cygnus olor,
VIDHOP,Struthio camelus,231,file,Struthio camelus,
VIDHOP,Cygnus columbianus,221,file,Cygnus columbianus,
VIDHOP,Vulpes lagopus,198,file,Vulpes lagopus,
VIDHOP,Tadorna ferruginea,204,file,Tadorna ferruginea,
VIDHOP,Uria aalge,198,file,Uria aalge,
VIDHOP,Anser fabalis,201,file,Anser fabalis,
VIDHOP,Desmodus rotundus,184,file,Desmodus rotundus,
VIDHOP,Sibirionetta formosa,155,file,Sibirionetta formosa,
VIDHOP,Mareca americana,154,file,Mareca americana,
VIDHOP,Larus glaucescens,152,file,Larus glaucescens,
VIDHOP,Vicugna pacos,118,file,Vicugna pacos,
VIDHOP,Mareca strepera,132,file,Mareca strepera,
VIDHOP,Calidris alba,127,file,Calidris alba,
VIDHOP,Branta canadensis,126,file,Branta canadensis,
VIDHOP,Artibeus lituratus,110,file,Artibeus lituratus,
VIDHOP,Cygnus cygnus,110,file,Cygnus cygnus,
VIDHOP,Lasiurus borealis,116,file,Lasiurus borealis,
VIDHOP,Anser indicus,105,file,Anser indicus,
VIDHOP,Calidris ruficollis,105,file,Calidris ruficollis,
VIDHOP,Cerdocyon thous,102,file,Cerdocyon thous,
VIDHOP,Nyctereutes procyonoides,121,file,Nyctereutes procyonoides,
VIDHOP,Capra hircus,120,file,Capra hircus,
HostNet (Flavivirus),Aedes,6828,review_count_differs,aedes,
HostNet (Flavivirus),Culex,2424,file,culex,
HostNet (Flavivirus),Ixodes,373,file,ixodes,
HostNet (Flavivirus),other,1,article,,"FILE-DERIVED, not article-stated: flavivirus.csv: one record has Y_Vector=tick but Y2_subVector=aedes, so Y_Vector counts 374 ticks against 373 ixodes. The workbook records that single inconsistent record as 'other'."
"HostNet (Rabies, VIPHOD)",Canis lupus,5121,file,Canis lupus,
"HostNet (Rabies, VIPHOD)",Bos taurus,2280,file,Bos taurus,
"HostNet (Rabies, VIPHOD)",Vulpes vulpes,683,file,Vulpes vulpes,
"HostNet (Rabies, VIPHOD)",Mephitis mephitis,672,file,Mephitis mephitis,
"HostNet (Rabies, VIPHOD)",Homo sapiens,478,file,Homo sapiens,
"HostNet (Rabies, VIPHOD)",Procyon lotor,558,file,Procyon lotor,
"HostNet (Rabies, VIPHOD)",Eptesicus fuscus,460,file,Eptesicus fuscus,
"HostNet (Rabies, VIPHOD)",Tadarida brasiliensis,245,file,Tadarida brasiliensis,
"HostNet (Rabies, VIPHOD)",Felis catus,259,file,Felis catus,
"HostNet (Rabies, VIPHOD)",Vulpes lagopus,178,file,Vulpes lagopus,
"HostNet (Rabies, VIPHOD)",Desmodus rotundus,164,file,Desmodus rotundus,
"HostNet (Rabies, VIPHOD)",Equus caballus,118,file,Equus caballus,
"HostNet (Rabies, VIPHOD)",Nyctereutes procyonoides,101,file,Nyctereutes procyonoides,
"HostNet (Rabies, VIPHOD)",Lasiurus borealis,96,file,Lasiurus borealis,
"HostNet (Rabies, VIPHOD)",Artibeus lituratus,90,file,Artibeus lituratus,
"HostNet (Rabies, VIPHOD)",Cerdocyon thous,82,file,Cerdocyon thous,
"HostNet (Rabies, VIPHOD)",Capra hircus,100,file,Capra hircus,
MENB,Human,1200,file,"Human (train, x4 families)",
MENB,Avian,1200,file,"Avian (train, x4 families)",
MENB,Swine,1200,file,"Swine (train, x4 families)",
MENB,Bat,5,article,,"MENB, Methods, 'Additional Datasets of New Host Taxa and New Viral Families' (p. 19): five sequences per host x viral-family combination; suppl. table S2D and fig. S10. Bovine 5x4=20, Canine 5x3=15, Feline 5x3=15, others 5."
MENB,Bovine,20,article,,"MENB, Methods, 'Additional Datasets of New Host Taxa and New Viral Families' (p. 19): five sequences per host x viral-family combination; suppl. table S2D and fig. S10. Bovine 5x4=20, Canine 5x3=15, Feline 5x3=15, others 5."
MENB,Camel,5,article,,"MENB, Methods, 'Additional Datasets of New Host Taxa and New Viral Families' (p. 19): five sequences per host x viral-family combination; suppl. table S2D and fig. S10. Bovine 5x4=20, Canine 5x3=15, Feline 5x3=15, others 5."
MENB,Canine,15,article,,"MENB, Methods, 'Additional Datasets of New Host Taxa and New Viral Families' (p. 19): five sequences per host x viral-family combination; suppl. table S2D and fig. S10. Bovine 5x4=20, Canine 5x3=15, Feline 5x3=15, others 5."
MENB,Feline,15,article,,"MENB, Methods, 'Additional Datasets of New Host Taxa and New Viral Families' (p. 19): five sequences per host x viral-family combination; suppl. table S2D and fig. S10. Bovine 5x4=20, Canine 5x3=15, Feline 5x3=15, others 5."
MENB,Rodent,5,article,,"MENB, Methods, 'Additional Datasets of New Host Taxa and New Viral Families' (p. 19): five sequences per host x viral-family combination; suppl. table S2D and fig. S10. Bovine 5x4=20, Canine 5x3=15, Feline 5x3=15, others 5."
MENB,Insects,5,article,,"MENB, Methods, 'Additional Datasets of New Host Taxa and New Viral Families' (p. 19): five sequences per host x viral-family combination; suppl. table S2D and fig. S10. Bovine 5x4=20, Canine 5x3=15, Feline 5x3=15, others 5."
MENB,Sheep,5,article,,"MENB, Methods, 'Additional Datasets of New Host Taxa and New Viral Families' (p. 19): five sequences per host x viral-family combination; suppl. table S2D and fig. S10. Bovine 5x4=20, Canine 5x3=15, Feline 5x3=15, others 5."
ViralHostPredictor,Rodent,83,file,Rodent (reservoir),
ViralHostPredictor,Primate,55,file,Primate (reservoir),
ViralHostPredictor,Pterobat,27,file,Pterobat (reservoir),
ViralHostPredictor,Vespbat,32,file,Vespbat (reservoir),
ViralHostPredictor,Artiodactyl,64,file,Artiodactyl (reservoir),
ViralHostPredictor,Carnivore,43,file,Carnivore (reservoir),
ViralHostPredictor,Galloanserae,40,file,Galloanserae (reservoir),
ViralHostPredictor,Neoaves,33,file,Neoaves (reservoir),
ViralHostPredictor,Fish,19,file,Fish (reservoir),
ViralHostPredictor,Insect,20,file,Insect (reservoir),
ViralHostPredictor,Plant,21,file,Plant (reservoir),
ViralHostPredictor,Reptile,8,file,Reptile (reservoir),
ViralHostPredictor,Lagomorph,6,file,Lagomorph (reservoir),
ViralHostPredictor,Perissodactyla,4,file,Perissodactyla (reservoir),
ViralHostPredictor,Scandentia,3,file,Scandentia (reservoir),
ViralHostPredictor,Diprotodontia,2,file,Diprotodontia (reservoir),
ViralHostPredictor,Cetacean,2,file,Cetacean (reservoir),
ViralHostPredictor,Soricomorph,1,file,Soricomorph (reservoir),
ViralHostPredictor,Erinaceidae,1,file,Erinaceidae (reservoir),
ViralHostPredictor,Macropod,1,file,Macropod (reservoir),
ViralHostPredictor,Orphan,69,file,Orphan (reservoir),
ViralHostPredictor,NA,2,file,"NA (reservoir, EXCL)",
ViralHostPredictor,mosquito,75,file,mosquito (vector),
ViralHostPredictor,tick,20,file,tick (vector),
ViralHostPredictor,sandfly,12,file,sandfly (vector),
ViralHostPredictor,midge,8,file,midge (vector),
ViralHostPredictor,thrip,9,file,thrip (vector),
ViralHostPredictor,leafhopper,4,file,leafhopper (vector),
ViralHostPredictor,planthopper,3,file,planthopper (vector),
ViralHostPredictor,fruit fly,2,file,fruit fly (vector),
ViralHostPredictor,aphid,2,file,aphid (vector),
ViralHostPredictor,louse,2,file,louse (vector),
ViralHostPredictor,cimicid,2,file,cimicid (vector),
ViralHostPredictor,lepidoptera,1,file,lepidoptera (vector),
ViralHostPredictor,unknown vector,19,review_name_only,Fish (reservoir),
Zoonotic rank,Human,113,file,Human,
Zoonotic rank,NonHumanPrimate,69,file,NonHumanPrimate,
Zoonotic rank,Pterobat/Vespbat/Chiroptera,70,file,Pterobat/Vespbat/Chiroptera (combined),
Zoonotic rank,Rodent,138,file,Rodent,
Zoonotic rank,Artiodactyl,143,file,Artiodactyl,
Zoonotic rank,Carnivore,62,file,Carnivore,
Zoonotic rank,minor mammal orders (10 tags combined),64,file,minor mammal orders (10 tags combined),
Zoonotic rank,bird orders (9 tags combined),66,file,bird orders (9 tags combined),
Zoonotic rank,Fish,39,file,Fish,
Zoonotic rank,Reptile,17,file,Reptile,
Zoonotic rank,Insect,67,file,Insect,
Zoonotic rank,Crustacean/Bivalve,2,file,Crustacean/Bivalve (combined),
Zoonotic rank,Plant,61,file,Plant,
Zoonotic rank,Fungi,3,file,Fungi,
Zoonotic rank,Orphan/blank/NA/NONE,341,file,Orphan/blank/NA/NONE (EXCL),
Zoonotic rank,MULTIPLE/Protist,3,file,MULTIPLE/Protist (EXCL),
HostClassifier,Mammal,44972,review_count_differs,Mammal,
HostClassifier,Insect,6132,review_count_differs,Insect,
HostClassifier,Avian,3768,review_count_differs,Avian (species not recorded),
HostClassifier,Plant,1107,review_count_differs,plant,
HostClassifier,Fish,570,review_count_differs,fish,
HostClassifier,Reptile,186,review_count_differs,Reptile (species not recorded),
HostClassifier,Amphibian,14,review_count_differs,Amphibian (species not recorded),
HostClassifier,Fungi,53,review_count_differs,Fungi,
HostClassifier,Crustacean,66,review_count_differs,Crustacean (species not recorded),
HostClassifier,Other,999,review_count_differs,Other,
HostClassifier,blank,166,file,blank (host not recorded),
HostClassifier,Unknown,24,review_count_differs,Unknown,
VirHostPRED,Homo sapiens (taxid 9606),2127,file,"Homo sapiens (taxid 9606, positive class)",
VirHostPRED,NOT Homo sapiens (taxid ≠ 9606),2127,file,NOT Homo sapiens (negative class),
SPHAK,Homo sapiens,5480,file,Homo sapiens,
SPHAK,Wild Boar,740,review_name_only,Sus scrofa,
SPHAK,Birds,2325,article,,"FILE-DERIVED, not article-stated: animal_train.csv, Host_agg column, direct value count."
SPHAK,Cat,137,article,,"FILE-DERIVED, not article-stated: animal_train.csv, Host_agg column, direct value count."
SPHAK,Dog,135,article,,"FILE-DERIVED, not article-stated: animal_train.csv, Host_agg column, direct value count."
SPHAK,Cattle,85,review_name_only,Bos taurus,
SPHAK,Bat,233,article,,"FILE-DERIVED, not article-stated: animal_train.csv, Host_agg column, direct value count."
SPHAK,Camel,37,review_name_only,Anas crecca,
SPHAK,Wild Cat,89,review_name_only,Lynx rufus,
SPHAK,Civet,64,article,,"FILE-DERIVED, not article-stated: animal_train.csv, Host_agg column, direct value count."
SPHAK,Horse,71,review_name_only,Equus caballus,
SPHAK,Pig,29,review_name_only,Saccharum officinarum,
SPHAK,Seal,305,article,,"FILE-DERIVED, not article-stated: animal_train.csv, Host_agg column, direct value count."
SPHAK,Feliformia,32,file,Feliformia,
SPHAK,Whale,20,review_name_only,Musa acuminata,
SPHAK,Mink,25,review_name_only,Mustela lutreola,
SPHAK,Goat,15,review_name_only,Cairina moschata,
SPHAK,Monkey,16,review_name_only,Anseriformes,
SPHAK,Macaque,16,review_name_only,Anseriformes,
SPHAK,Cougar,18,review_name_only,Rhinolophus sinicus,
SPHAK,Rodent,39,article,,"FILE-DERIVED, not article-stated: animal_train.csv, Host_agg column, direct value count."
SPHAK,Rabbit,12,review_name_only,Globicephala macrorhynchus,
SPHAK,Ape,8,review_name_only,Felis silvestris,
SPHAK,Dolphin,11,review_name_only,Phasianinae,
SPHAK,Panda,4,review_name_only,Rattus andamanensis,
SPHAK,Chimpanzee,5,review_name_only,Anser anser,
SPHAK,Deer,4,review_name_only,Rattus andamanensis,
SPHAK,Hedgehog,9,review_name_only,Apodemus sylvaticus,
SPHAK,Fish,16,review_name_only,Anseriformes,
SPHAK,Mouse,17,review_name_only,Sibirionetta formosa,
SPHAK,Rat,13,review_name_only,Rhinolophus pusillus,
SPHAK,Vole,7,review_name_only,Tursiops truncatus,
SPHAK,Civets,3,review_name_only,Fulica atra,
SPHAK,Raccoon,3,review_name_only,Fulica atra,
SPHAK,Ferret,2,review_name_only,Gorilla gorilla,
SPHAK,Yak,3,review_name_only,Fulica atra,
SPHAK,Wolverine,2,review_name_only,Gorilla gorilla,
SPHAK,Buffalo,2,review_name_only,Gorilla gorilla,
SPHAK,Porcupine,2,review_name_only,Gorilla gorilla,
SPHAK,Sheep,2,review_name_only,Gorilla gorilla,
SPHAK,Koala,6,review_name_only,Hipposideros pomona,
SPHAK,Lemur,2,review_name_only,Gorilla gorilla,
SPHAK,Mule,2,review_name_only,Gorilla gorilla,
SPHAK,Bovids,2,review_name_only,Gorilla gorilla,
SPHAK,Mongoose,2,review_name_only,Gorilla gorilla,
SPHAK,Sea Cow,2,review_name_only,Gorilla gorilla,
SPHAK,Canidae,2,file,Canidae,
SPHAK,Shrew,2,review_name_only,Gorilla gorilla,
SPHAK,Hamsters,2,review_name_only,Gorilla gorilla,
SPHAK,Badger,2,review_name_only,Gorilla gorilla,
SPHAK,Pangolin,2,review_name_only,Gorilla gorilla,
SPHAK,Mosquito,2,review_name_only,Gorilla gorilla,
SPHAK,Insects,2,review_name_only,Gorilla gorilla,
SPHAK,tick,2,review_name_only,Gorilla gorilla,
SPHAK,Prawn,13,review_name_only,Rhinolophus pusillus,
SPHAK,46 plant botanical families (pooled),3476,article,,"FILE-DERIVED, not article-stated: plant_train.csv row count (3,476); the workbook pools all 46 botanical families into one entry."
UniVH,Homo sapiens,1,file,Homo sapiens,
UniVH,Primates (excl. human),18,file,Primates (excl. human),
UniVH,Chiroptera,17,file,Chiroptera,
UniVH,Rodentia,17,file,Rodentia,
UniVH,Artiodactyla/Cetartiodactyla,18,file,Artiodactyla/Cetartiodactyla,
UniVH,Carnivora,29,file,Carnivora,
UniVH,Mammalia (other orders),14,file,Mammalia (other orders),
UniVH,Aves,58,file,Aves,
UniVH,fish classes,42,file,fish classes (Actinopteri etc.),
UniVH,Lepidosauria,2,file,Lepidosauria,
UniVH,Amphibia,0,article,,"FILE-DERIVED, not article-stated: dataset.csv host.class has 31 distinct values and Amphibia is not among them; the count of 0 is confirmed from the file. The label itself comes from the tool's host taxonomy, not from a locatable statement in the article."
UniVH,Insecta,62,file,Insecta,
UniVH,Arachnida,14,file,Arachnida,
UniVH,"Animalia (other, no class match)",20,review_count_differs,"Animalia (other, no class match)",
UniVH,Plantae,113,file,Plantae,
UniVH,Fungi,100,file,Fungi,
GIVAL,Human,53942,file,Human,
GIVAL,Avian,48905,file,Avian,
GIVAL,Swine,17486,file,Swine,
GIVAL,Mammal (unspecified),1199,article,,"NOT from the article: 1,199 is the count of host='Mammal' rows in df_AIV_before_sample.csv. The recompute resolves them further via record_id, so no recomputed row matches this label 1:1. File-derived, not article-stated."
GIVAL,Unknown,221,file,Unknown (EXCL),
GIVAL,Primates (PRI),n/a,article,,"GIVAL, Fig. 3C caption (p. 7): 'The Artiodactyla (ART)-, Chiroptera (CHI)-, Suiformes (SUI)-, and Primates (PRI)-adaptive ratio of CoV Spike RBD sequences in each flexible label.' These are label NAMES from the figure; the workbook carries no count for them (n/a)."
GIVAL,Chiroptera (CHI),n/a,article,,"GIVAL, Fig. 3C caption (p. 7): 'The Artiodactyla (ART)-, Chiroptera (CHI)-, Suiformes (SUI)-, and Primates (PRI)-adaptive ratio of CoV Spike RBD sequences in each flexible label.' These are label NAMES from the figure; the workbook carries no count for them (n/a)."
GIVAL,Suiformes/Artiodactyla,n/a,article,,"GIVAL, Fig. 3C caption (p. 7): 'The Artiodactyla (ART)-, Chiroptera (CHI)-, Suiformes (SUI)-, and Primates (PRI)-adaptive ratio of CoV Spike RBD sequences in each flexible label.' These are label NAMES from the figure; the workbook carries no count for them (n/a)."
DeePaC-vir,human,1309,review_name_only,Homo sapiens,
DeePaC-vir,non-human,8187,article,,"FILE-DERIVED, not article-stated: VHDB_1_folds_all_nhuman.rds row count (8,187); with VHDB_1_folds_human.rds (1,309) this is the 9,496-record Virus-Host DB table the simulated reads were drawn from."
MosViR,mosquito-specific virus,2391,file,mosquito-specific virus,
MosViR,arbovirus,24611,file,arbovirus,
MosViR,other viruses,620553,article,,"FILE-DERIVED, and deliberately NOT counted: otherviruses_500.fasta.xz, 620,553 source sequences. It is the not-mosquito-associated background for the first classification step, asserts no host, and its accessions are truncated so eukaryotic scope cannot be checked. Recorded here for completeness; excluded from the figure. See extract_17_mosvir.py."
