# Tool,RNAVirHost
# Recomputed from,"virus_label(1).csv (14,500 rows), y|host name column (finer species-level resolution than the y|L1/y|L2/y|host class columns the original harmonization used)"
# Note,"y|host name lists ALL reported host species per virus record -- ~940/14,500 records (6.5%) name more than one host, so this table has 17063 species mentions from 14456 eukaryotic-host records. Counting_unit is ""virus-host species association"" (same unit EvoMIL already uses), not ""sequence/isolate record"" -- do not sum this column expecting 14,500. Bacteria (EXCL, 44 records) kept as its own unexploded row, unchanged."

Label (recomputed),"Count (recomputed, from scratch)",Match vs original_reported_labels.xlsx
Homo sapiens,4338,
Sus scrofa,482,
Bos taurus,294,
Gallus gallus,269,
Vitis vinifera,235,
Malus domestica,187,
Allium sativum,157,
Nicotiana benthamiana,132,
Chenopodium quinoa,114,
Zea mays,110,
Solanum lycopersicum,98,
Triticum aestivum,93,
Apis mellifera,86,
Vitis,84,
Felis catus,83,
Equus caballus,82,
Solanum tuberosum,81,
Nicotiana tabacum,80,
Boa constrictor,75,
Aedes albopictus,72,
Erysiphe necator,72,
Mus musculus,71,
Rattus norvegicus,67,
Phaseolus vulgaris,66,
Macaca mulatta,65,
Sclerotinia sclerotiorum,64,
Botrytis cinerea,62,
Culicidae,61,
Canis lupus familiaris,58,
Capra hircus,58,
Oryza sativa,56,
Prunus,54,
Prunus persica,54,
Lactuca sativa,52,
Capsicum annuum,51,
Glycine max,51,
Ovis aries,51,
Anas platyrhynchos,50,
Nicotiana clevelandii,49,
Rhizoctonia solani,49,
Chlorocebus aethiops,47,
Cucumis sativus,47,
Hordeum vulgare,45,
Oncorhynchus tshawytscha,45,
Vigna unguiculata,45,
Avena sativa,44,
Bacteria (EXCL),44,"MATCH (44) -- kept as its own unexploded row, unchanged"
Suidae,43,
Beta vulgaris,42,
Rubus,42,
Sus scrofa domesticus,42,
Ipomoea batatas,41,
Prunus avium,41,
Theobroma cacao,40,
Cucumis melo,39,
Oryctolagus cuniculus,37,
Neohydatothrips variabilis,36,
Pimephales promelas,36,
Pisum sativum,36,
Rodentia,36,
Vicia faba,36,
Medicago sativa,34,
Rubus idaeus,34,
Felidae,33,
Rosellinia necatrix,33,
Chenopodium amaranticolor,31,
Cucurbita pepo,30,
Carica papaya,29,
Spinacia oleracea,29,
Trifolium pratense,29,
Vespula vulgaris,29,
Eidolon helvum,28,
Erysiphe,28,
Miniopterus schreibersii,28,
Cryphonectria parasitica,27,
Culex annulirostris,27,
Saccharum,27,
Chlorocebus,26,
Culex,26,
Nicotiana glutinosa,26,
Culex quinquefasciatus,25,
Ixodes uriae,25,
Manihot esculenta,25,
Nicotiana occidentalis,25,
Bemisia tabaci,24,
Citrullus lanatus subsp. vulgaris,23,
Gomphrena globosa,23,
Oncorhynchus mykiss,23,
Salmo salar,23,
Culex tritaeniorhynchus,22,
Lymantria dispar,22,
Notemigonus crysoleucas,22,
Papio cynocephalus,22,
Apodemus agrarius,21,
Ceratobasidium cereale,21,
Citrullus lanatus,21,
Fragaria,21,
Ixodes scapularis,21,
Manidae,21,
Odocoileus virginianus,21,
Fragaria x ananassa,20,
Macrophomina phaseolina,20,
Sorghum bicolor,20,
Vaccinium corymbosum,20,
Botryosphaeria dothidea,19,
Colocasia esculenta,19,
Drosophila melanogaster,19,
Fusarium poae,19,
Rhinolophus sinicus,19,
Spodoptera exigua,19,
Talpa europaea,19,
Citrus sinensis,18,
Culex sp.,18,
Datura stramonium,18,
Dendrolimus punctatus,18,
Ixodes ricinus,18,
Mastomys natalensis,18,
Petunia x hybrida,18,
Rhipicephalus microplus,18,
Rousettus aegyptiacus,18,
Arachis hypogaea,17,
Bubalus,17,
Daucus carota,17,
Echinochloa crus-galli,17,
Fusarium graminearum,17,
Lilium,17,
Myodes glareolus,17,
Scotophilus kuhlii,17,
Thrips tabaci,17,
Cercocebus atys,16,
Ficus carica,16,
Ixodida,16,
Marmota himalayana,16,
Odonata,16,
Raphanus sativus,16,
Saccharum officinarum,16,
Zalophus californianus,16,
Aedes,15,
Anopheles annulipes,15,
Anopheles sinensis,15,
Dioscorea alata,15,
Mesocricetus auratus,15,
Nilaparvata lugens,15,
Physalis pubescens,15,
Sapajus apella,15,
Solenopsis invicta,15,
Apium graveolens,14,
Armigeres subalbatus,14,
Callinectes sapidus,14,
Camellia japonica,14,
Helicoverpa armigera,14,
Lutzomyia,14,
Musa,14,
Narcissus pseudonarcissus,14,
Nicotiana rustica,14,
Zea mays subsp. mays,14,
Arabidopsis thaliana,13,
Cajanus cajan,13,
Capsicum,13,
Ctenopharyngodon idella,13,
Cucurbita,13,
Culex tarsalis,13,
Cynodon dactylon,13,
Diptera,13,
Homalodisca vitripennis,13,
Meleagris gallopavo,13,
Passiflora,13,
Pseudostellaria heterophylla,13,
Pyricularia oryzae,13,
Aedes aegypti,12,
Ananas comosus,12,
Anopheles,12,
Athelia rolfsii,12,
Cicer arietinum,12,
Citrus,12,
Eriocheir sinensis,12,
Fragaria vesca,12,
Ginkgo biloba,12,
Haemaphysalis flava,12,
Hyalomma asiaticum,12,
Hylaeamys megacephalus,12,
Lentinula edodes,12,
Morelia viridis,12,
Prunus armeniaca,12,
Scophthalmus maximus,12,
Actinidia eriantha,11,
Agapanthus,11,
Aves,11,
Chlorocebus pygerythrus,11,
Columba livia,11,
Crustacea,11,
Erinaceus europaeus,11,
Etheostoma fonticola,11,
Linepithema humile,11,
Lolium perenne,11,
Lophuromys machangui,11,
Lutzomyia longipalpis,11,
Micromonas pusilla,11,
Nycteribiidae,11,
Oncorhynchus keta,11,
Oryza rufipogon,11,
Prunus cerasus,11,
Pteropus scapulatus,11,
Pterostylis nutans,11,
Rattus argentiventer,11,
Rattus tanezumi,11,
Solanum melongena,11,
Trifolium repens,11,
Ustilaginoidea virens,11,
Aedeomyia squamipennis,10,
Anser,10,
Antilocapra americana,10,
Apodemus peninsulae,10,
Atheris squamigera,10,
Beta vulgaris subsp. vulgaris,10,
Bipolaris maydis,10,
Chrysanthemum x morifolium,10,
Clethrionomys glareolus,10,
Cronartium ribicola,10,
Cucurbita maxima,10,
Digitaria sanguinalis,10,
Eucampsipoda africana,10,
Haemaphysalis longicornis,10,
Macaca fascicularis,10,
Nymphalis io,10,
Oncorhynchus kisutch,10,
Operophtera brumata,10,
Oryza latifolia,10,
Oryza nivara,10,
Paguma larvata,10,
Pan troglodytes troglodytes,10,
Perca fluviatilis,10,
Phobocampe,10,
Rhinolophus affinis,10,
Rhizomys pruinosus,10,
Rousettus leschenaultii,10,
Setaria verticillata,10,
Solanum nigrum,10,
Spissistilus festinus,10,
Sus scrofa domestica,10,
Tetragonia tetragonoides,10,
Tilapia,10,
Trichoplusia ni,10,
Trifolium incarnatum,10,
Aedes pseudoscutellaris,9,
Alternaria alternata,9,
Camelus dromedarius,9,
Coquillettidia richiardii,9,
Cordyline fruticosa,9,
Cucurbita moschata,9,
Cynara cardunculus var. scolymus,9,
Forsythia suspensa,9,
Frankliniella occidentalis,9,
Microtus agrestis,9,
Microtus arvalis,9,
Myotis daubentonii,9,
Myrmica rubra,9,
Odocoileus hemionus,9,
Passiflora edulis,9,
Penaeus monodon,9,
Phlebotominae sp.,9,
Prunus domestica,9,
Psychodopygus panamensis,9,
Rhinolophus ferrumequinum,9,
Ribes nigrum,9,
Syncerus caffer,9,
Tulipa,9,
Actinidia,8,
Actinidia chinensis,8,
Actinidia deliciosa,8,
Agathia lycaenaria,8,
Agave tequilana,8,
Allium,8,
Ampelophaga rubiginosa,8,
Arracacia xanthorrhiza,8,
Asparagus officinalis,8,
Callithrix jacchus,8,
Canna,8,
Cephonodes hylas,8,
Choristoneura occidentalis,8,
Coelorinchus multispinulosus,8,
Culex sitiens,8,
Daphnis nerii,8,
Eptesicus fuscus,8,
Gadus morhua,8,
Helianthus annuus,8,
Hipposideros armiger,8,
Lagenaria siceraria,8,
Lophuromys dudui,8,
Nicotiana occidentalis subsp. hesperis,8,
Olea,8,
Olea europaea,8,
Ostreobium,8,
Paeonia,8,
Pelargonium,8,
Penicillium janczewskii,8,
Pollachius virens,8,
Polygonatum kingianum,8,
Praomys,8,
Rattus,8,
Rosa multiflora,8,
Rosa sp.,8,
Salmo trutta,8,
Solanum muricatum,8,
Somateria mollissima,8,
Sorex araneus,8,
Sorghum halepense,8,
Stellaria media,8,
Tyrophagus putrescentiae,8,
Antennarius striatus,7,
Bombyx mori,7,
Brassica rapa,7,
Caluromys philander,7,
Camellia sinensis,7,
Cenchrus flaccidus,7,
Colletotrichum fructicola,7,
Crocidura shantungensis,7,
Culex pipiens,7,
Cyperus serotinus,7,
Diadromus pulchellus,7,
Dianthus caryophyllus,7,
Dioscorea,7,
Dioscorea cayenensis subsp. rotundata,7,
Erysiphe trifoliorum,7,
Gladiolus,7,
Heterobasidion parviporum,7,
Hippoboscidae,7,
Hipposideros pomona,7,
Hyalopterus pruni,7,
Impatiens,7,
Insecta,7,
Lablab purpureus,7,
Lens culinaris,7,
Mandrillus sphinx,7,
Mus,7,
Mustela putorius furo,7,
Pan troglodytes,7,
Phlebotomus perniciosus,7,
Pipistrellus abramus,7,
Prunus salicina,7,
Pyrus communis,7,
Robinia pseudoacacia,7,
Rosa,7,
Saccharomyces cerevisiae,7,
Salmonidae,7,
Setaria italica,7,
Trichosurus vulpecula,7,
Vaccinium,7,
citrus,7,
Allium cepa,6,
Alstroemeria,6,
Aspergillus fumigatus,6,
Astacoidea,6,
Avena sp.,6,
Benincasa hispida,6,
Chenopodiastrum murale,6,
Chiroptera,6,
Chlorocebus sabaeus,6,
Citrus reticulata,6,
Citrus x paradisi,6,
Columbidae,6,
Coriandrum sativum,6,
Cricetidae,6,
Crocidura lasiura,6,
Culex nebulosus,6,
Dermatophagoides pteronyssinus,6,
Desmodus rotundus,6,
Dioscorea opposita,6,
Dioscorea rotundata,6,
Entoleuca,6,
Exserohilum turcicum,6,
Fragaria chiloensis,6,
Fraxinus,6,
Fusarium asiaticum,6,
Gremmeniella abietina,6,
Haemaphysalis hystricis,6,
Hardenbergia comptoniana,6,
Heterobasidion annosum,6,
Heterodera glycines,6,
Humulus lupulus,6,
Hydrangea macrophylla,6,
Ixodes,6,
Lampyris noctiluca,6,
Lasius neglectus,6,
Lepus europaeus,6,
Lethenteron camtschaticum,6,
Ligustrum japonicum,6,
Macrobrachium rosenbergii,6,
Melilotus albus,6,
Miniopterus fuliginosus,6,
Momordica charantia,6,
Muridae,6,
Musa acuminata,6,
Musa sp.,6,
Narcissus,6,
Neofusicoccum parvum,6,
Nicotiana,6,
Niviventer fulvescens,6,
Nyssomyia trapidoi,6,
Ochlerotatus fulvus,6,
Opuntia ficus-indica,6,
Oryzomys sp.,6,
Pan troglodytes schweinfurthii,6,
Papio anubis,6,
Pelargonium zonale,6,
Penaeus vannamei,6,
Persea americana,6,
Phlebotomus papatasi,6,
Phlebotomus perfiliewi,6,
Phlebotomus sp.,6,
Phoca vitulina,6,
Puma concolor,6,
Punica granatum,6,
Python regius,6,
Rhinolophus pusillus,6,
Rhizoctonia solani AG-1 IA,6,
Saccharum hybrid cultivar,6,
Sambucus nigra,6,
Scoliodon macrorhynchos,6,
Setaria viridis,6,
Solanum quitoense,6,
Trichonephila clavipes,6,
Varroa destructor,6,
Zanthoxylum armatum,6,
Actinidia kolomikta,5,
Aedes sp.,5,
Aedes vexans,5,
Allium ampeloprasum,5,
Anethum graveolens,5,
Anopheles funestus,5,
Anourosorex squamipes,5,
Antirrhinum majus,5,
Aspergillus foetidus,5,
Beta macrocarpa,5,
Bipolaris victoriae,5,
Brassica oleracea,5,
Cassia,5,
Catharanthus roseus,5,
Celosia argentea,5,
Ceratobasidium sp.,5,
Cercis canadensis,5,
Citrus aurantiifolia,5,
Citrus limon,5,
Coracias garrulus,5,
Culex bitaeniorhynchus,5,
Culex cedecei,5,
Culex decens,5,
Culex globocoxitus,5,
Culex vishnui,5,
Culicoides sp.,5,
Culiseta inornata,5,
Cymbidium,5,
Dermacentor marginatus,5,
Diaphorina citri,5,
Dioscorea polystachya,5,
Diplodia seriata,5,
Equus asinus,5,
Gerridae,5,
Gigaspora margarita,5,
Gorilla gorilla gorilla,5,
Haemaphysalis,5,
Hemiculter leucisculus,5,
Hyalomma dromedarii,5,
Hypera postica,5,
Iris,5,
Jasminum sambac,5,
Kummerowia striata,5,
Luffa aegyptiaca,5,
Lupinus,5,
Lynx rufus,5,
Malus sylvestris,5,
Mansonia uniformis,5,
Mastomys erythroleucus,5,
Musca domestica,5,
Myocastor,5,
Neoscona nautica,5,
Ophiostoma novo-ulmi,5,
Pelodiscus sinensis,5,
Penicillium aurantiogriseum,5,
Penicillium digitatum,5,
Phlebotominae,5,
Physalis peruviana,5,
Ploceus cucullatus,5,
Prunus mume,5,
Puccinia striiformis,5,
Rattus andamanensis,5,
Rattus exulans,5,
Rattus losea,5,
Ribes rubrum,5,
Rottboellia,5,
Rubus occidentalis,5,
Rubus ursinus,5,
Saccharomyces cerevisiae W303,5,
Scaphoideus titanus,5,
Sigmodon alstoni,5,
Solanum phureja,5,
Syringa vulgaris,5,
Testudo graeca,5,
Thaumetopoea pityocampa,5,
Trifolium subterraneum,5,
Vigna unguiculata subsp. sesquipedalis,5,
Vulpes vulpes,5,
Xanthosoma,5,
suncus murinus,5,
Abelmoschus esculentus,4,
Abraxas,4,
Aedes vigilax,4,
Allium chinense,4,
Anopheles gambiae,4,
Anopheles meraukensis,4,
Anopheles sp.,4,
Anoplolepis gracilipes,4,
Anser sp.,4,
Aphis citricidus,4,
Apodemus chevrieri,4,
Apodemus sylvaticus,4,
Arachis pintoi,4,
Areca catechu,4,
Argas reflexus,4,
Arnoglossus,4,
Aspergillus thermomutatus,4,
Atherigona orientalis,4,
Atyidae,4,
Bactrocera dorsalis,4,
Bidens pilosa,4,
Biomphalaria glabrata,4,
Boa dumerili,4,
Brassicaceae,4,
Caenorhabditis briggsae,4,
Capsicum frutescens,4,
Carollia perspicillata,4,
Chenopodium album,4,
Citrus volkameriana,4,
Coniella diplodiella,4,
Cordyceps javanica,4,
Cryphonectria nitschkei,4,
Cucumis sativus var. sativus,4,
Culex australicus,4,
Culex declarator,4,
Culiseta melanura,4,
Cyprinus carpio,4,
Dactylis glomerata,4,
Datura metel,4,
Dermanyssus gallinae,4,
Dermatophagoides farinae,4,
Digitaria,4,
Dioscorea trifida,4,
Discula destructiva,4,
Eothenomys miletus,4,
Eragrostis,4,
Exobasidium gracile,4,
Freesia,4,
Fusarium oxysporum f. sp. dianthi,4,
Halyomorpha halys,4,
Hibiscus rosa-sinensis,4,
Hipposideros larvatus,4,
Hyacinthus,4,
Ixodes persulcatus,4,
Lathyrus odoratus,4,
Lepidoptera,4,
Lophius litulon,4,
Luffa acutangula,4,
Macronycteris gigas,4,
Malus,4,
Mandrillus leucophaeus,4,
Mentha,4,
Mentha x gracilis,4,
Micaelamys namaquensis,4,
Microtus fortis,4,
Microtus maximowiczii,4,
Miniopterus pusillus,4,
Monilinia fructicola,4,
Morchella importuna,4,
Morus alba,4,
Murina leucogaster,4,
Myotis myotis,4,
Myotis ricketti,4,
Nematocera,4,
Neogale vison,4,
Nicotiana debneyi,4,
Nicotiana megalosiphon,4,
Niviventer niviventer,4,
Ochlerotatus trivittatus,4,
Osmia cornuta,4,
Paeonia lactiflora,4,
Panthera leo,4,
Papaver somniferum,4,
Paris polyphylla var. yunnanensis,4,
Pasiphila rectangulata,4,
Passeriformes,4,
Penicillium chrysogenum,4,
Penicillium citreosulfuratum,4,
Penicillium stoloniferum,4,
Perisesarma bidens,4,
Peromyscus maniculatus,4,
Petunia,4,
Phascolarctos cinereus,4,
Phytolacca americana,4,
Pinellia ternata,4,
Pipistrellus kuhlii,4,
Pipistrellus pipistrellus,4,
Pistacia vera,4,
Plantago asiatica,4,
Plantago major,4,
Prunus dulcis,4,
Psammotettix alienus,4,
Pteropus giganteus,4,
Rattus rattus,4,
Rehmannia glutinosa,4,
Rhinolophus pearsonii,4,
Rhizomys,4,
Sambucus canadensis,4,
Schistocephalus solidus,4,
Sergentomyia sp.,4,
Sesamum indicum,4,
Silene latifolia subsp. alba,4,
Sogatella furcifera,4,
Sooretamys angouya,4,
Sorbus aucuparia,4,
Sorex caecutiens,4,
Stemphylium lycopersici,4,
Stenocephalemys albipes,4,
Suncus murinus,4,
Tabanidae,4,
Taphozous melanopogon,4,
Thelonectria,4,
Trichoderma harzianum,4,
Trifolium hybridum,4,
Triticum,4,
Typhlomys cinereus,4,
Verticillium dahliae,4,
Vicia sativa,4,
Vigna mungo,4,
Viola arvensis,4,
Zinnia elegans,4,
puma,4,
Acomys cahirinus,3,
Aedes circumluteolus,3,
Aedes curtipes,3,
Aedes pembaensis,3,
Aedes vexans nipponii,3,
Aethomys,3,
Ageratum houstonianum,3,
Alcea rosea,3,
Alectorobius maritimus,3,
Alstroemeria sp.,3,
Alternaria solani,3,
Amblyomma americanum,3,
Ameiva ameiva,3,
Anas gracilis,3,
Anas superciliosa,3,
Anopheles pharoensis,3,
Anopheles pseudopunctipennis,3,
Anopheles triannulatus,3,
Anopheles vagus,3,
Anseriformes,3,
Antheraea mylitta,3,
Anthurium,3,
Aphelinus abdominalis,3,
Aphis fabae,3,
Apodemus flavicollis,3,
Arachnis labrosa,3,
Araneae,3,
Argas miniatus,3,
Argopecten irradians,3,
Astragalus glycyphyllos,3,
Auricularia heimuer,3,
Bactrocera tryoni,3,
Beauveria bassiana,3,
Blattella germanica,3,
Bos grunniens,3,
Bougainvillea spectabilis,3,
Bradypus tridactylus,3,
Brassica,3,
Brassica napus,3,
Brassica oleracea var. capitata,3,
Brassica rapa subsp. rapa,3,
Brassica rapa var. purpuraria,3,
Bromus inermis,3,
Broussonetia papyrifera,3,
Camellia oleifera,3,
Camelus bactrianus,3,
Capreolus capreolus,3,
Capsella bursa-pastoris,3,
Carassius auratus,3,
Caryopteris incana,3,
Ceratitis capitata,3,
Ceratobasidium,3,
Cercospora beticola,3,
Chaoborus,3,
Chaoborus trivitattus,3,
Cherax quadricarinatus,3,
Choristoneura rosaceana,3,
Chrysanthemum,3,
Chrysopidae,3,
Cichorium intybus,3,
Citrus unshiu,3,
Claytonia virginica,3,
Clematis,3,
Cnidium officinale,3,
Colletotrichum gloeosporioides,3,
Corallus annulatus,3,
Corvus,3,
Corvus brachyrhynchos,3,
Crocidura douceti,3,
Crossorhombus,3,
Crotalaria juncea,3,
Ctenopharyngodon idellus,3,
Cucurbita ficifolia,3,
Culex annulus,3,
Culex rubinotus,3,
Culex simpliciforceps,3,
Culex spissipes,3,
Culicidae sp.,3,
Culicoides brevitarsis,3,
Cydia pomonella,3,
Cynops orientalis,3,
Dahlia,3,
Daphne odora,3,
Dendrobium,3,
Dermacentor,3,
Dianthus barbatus,3,
Dianthus chinensis,3,
Diaporthe pseudophoenicicola,3,
Didelphis marsupialis,3,
Diospyros kaki,3,
Diplotaxis erucoides,3,
Dipseliopoda,3,
Echinochloa,3,
Eliurus majori,3,
Emilia sonchifolia,3,
Eothenomys eleusis,3,
Eothenomys melanogaster,3,
Eptesicus serotinus,3,
Eucharis x grandiflora,3,
Euphorbia pulcherrima,3,
Fallopia dumetorum,3,
Felis domesticus,3,
Formica exsecta,3,
Formicidae,3,
Geotrichum candidum,3,
Glebionis segetum,3,
Gossypium herbaceum,3,
Gossypium hirsutum,3,
Gymnadenia rhellicani,3,
Gynura japonica,3,
Haemaphysalis sp.,3,
Hemidactylus bowringii,3,
Hibiscus,3,
Hippoglossus hippoglossus,3,
Hipposideros caffer,3,
Hipposideros cineraceus,3,
Histiostoma,3,
Humulus japonicus,3,
Hydrangea,3,
Hylocereus polyrhizus,3,
Hylomyscus simus,3,
Ilex paraguariensis,3,
Impatiens walleriana,3,
Ixodes signatus,3,
Kalanchoe blossfeldiana,3,
Lactuca sativa var. angustana,3,
Lactuca virosa,3,
Laodelphax striatellus,3,
Larroussius,3,
Lasionycteris noctivagans,3,
Lemniscomys striatus,3,
Lepeophtheirus salmonis,3,
Liatris spicata,3,
Lupinus luteus,3,
Macaca,3,
Macaca nemestrina,3,
Malacorhynchus membranaceus,3,
Malus pumila,3,
Malva parviflora,3,
Manis javanica,3,
Mareca penelope,3,
Marmota caudata,3,
Mauremys megalocephala,3,
Melanerpes carolinus,3,
Melilotus officinalis,3,
Micropterus salmoides,3,
Microtus pennsylvanicus,3,
Miniopterus griveaudi,3,
Mirabilis jalapa,3,
Morelia spilota,3,
Morus,3,
Musa ABB Group,3,
Musa hybrid cultivar,3,
Musa x paradisiaca,3,
Myodes rufocanus,3,
Myotis davidii,3,
Myotis laniger,3,
Myotis lucifugus,3,
Myriapoda,3,
Myrrophis chinensis,3,
Neodon clarkei,3,
Nicotiana occidentalis subsp. occidentalis,3,
Nigrospora oryzae,3,
Niviventer confucianus,3,
Nyctalus noctula,3,
Nymphicus hollandicus,3,
Nyssomyia ylephiletor,3,
Ochlerotatus caspius,3,
Ochlerotatus dorsalis,3,
Ochlerotatus scapularis,3,
Odontoglossum,3,
Oecomys bicolor,3,
Okamejei acutispina,3,
Oligoryzomys fulvescens,3,
Oncidium,3,
Orgyia pseudotsugata,3,
Ornithodoros erraticus,3,
Ornithodoros sp.,3,
Oxalis tuberosa,3,
Paguroidea,3,
Pan troglodytes verus,3,
Panax notoginseng,3,
Perdix perdix,3,
Peromyscus beatae,3,
Peromyscus crinitus,3,
Peromyscus leucopus,3,
Petasites japonicus,3,
Petroselinum crispum,3,
Phalaenopsis,3,
Phasianus colchicus,3,
Philadelphus,3,
Phlebotomus tobbi,3,
Phocoena phocoena,3,
Piliocolobus tephrosceles,3,
Piper nigrum,3,
Ploceus ocularis,3,
Poa cookii,3,
Poa trivialis,3,
Polydesmidae,3,
Praomys jacksoni,3,
Primates,3,
Proechimys guyannensis,3,
Progne subis,3,
Propithecus diadema,3,
Prunus cerasifera,3,
Prunus serrulata,3,
Prunus sp.,3,
Prunus spinosa,3,
Pteropus alecto,3,
Pterostylis curta,3,
Pygiopsylla,3,
Rhinolophus,3,
Rhinolophus hipposideros,3,
Rhinolophus malayanus,3,
Rhipicephalus bursa,3,
Rosa rugosa,3,
Rosa setigera,3,
Rousettus amplexicaudatus,3,
Rubus plicatus,3,
Rudbeckia,3,
Sabethini,3,
Sambucus racemosa,3,
Scalopus aquaticus,3,
Schlumbergera,3,
Senna sophera,3,
Serinus canaria,3,
Sigmodon hispidus,3,
Silene,3,
Solanum betaceum,3,
Solanum tuberosum subsp. andigenum,3,
Sonchus oleraceus,3,
Sorex roboratus,3,
Stylosanthes guianensis,3,
Teramnus repens,3,
Torenia fournieri,3,
Triacanthodes anomalus,3,
Triaenops afer,3,
Trichoprosopon,3,
Trichosanthes kirilowii,3,
Trifolium vesiculosum,3,
Trigonella foenum-graecum,3,
Tuber aestivum,3,
Tulipa gesneriana,3,
Turdus merula,3,
Ullucus tuberosus,3,
Ulmus glabra,3,
Uranotaenia,3,
Uria aalge,3,
Vanda,3,
Veronica,3,
Viburnum opulus,3,
Vigna radiata var. radiata,3,
Vitis rupestris,3,
Vitis sp.,3,
Wyeomyia,3,
(Citrus unshiu x Citrus sinensis) x Citrus reticulata,2,
Acheta domesticus,2,
Achyranthes bidentata,2,
Actinidia chinensis var. chinensis,2,
Aedes communis,2,
Aedes infirmatus,2,
Aedes nigripes,2,
Aeonium,2,
Agave amica,2,
Ailuropoda melanoleuca,2,
Alliaria petiolata,2,
Allium cepa var. aggregatum,2,
Allium fistulosum,2,
Alopecurus myosuroides,2,
Alouatta seniculus,2,
Alternaria arborescens EGS 39-128,2,
Alternaria brassicicola,2,
Amaranthus caudatus,2,
Amblyomma variegatum,2,
Ambrosia psilostachya,2,
Anas,2,
Anas crecca,2,
Anatidae,2,
Anemone,2,
Anguilla anguilla,2,
Anisopteromalus calandrae,2,
Anopheles amictus,2,
Anopheles coluzzii,2,
Anopheles hinesorum,2,
Anser caerulescens,2,
Anser cygnoides,2,
Anthriscus cerefolium,2,
Antricola delacruzi,2,
Aotus trivirgatus,2,
Apalone,2,
Aphis gossypii,2,
Apodemus chejuensis,2,
Arabidopsis halleri,2,
Arctium lappa,2,
Ardeidae,2,
Arma chinensis,2,
Armillaria mellea,2,
Armoracia rusticana,2,
Arracacia,2,
Artibeus,2,
Aspergillus ochraceus,2,
Atkinsonella hypoxylon,2,
Atractylodes macrocephala,2,
Atriplex hortensis,2,
Aucuba japonica,2,
Aulacorthum magnoliae,2,
Bacopa,2,
Balsamorhiza sagittata,2,
Bambusa xiashanensis,2,
Bandicota sp.,2,
Banjos banjos,2,
Basella alba,2,
Berkeleyomyces basicola,2,
Betula,2,
Blitum capitatum,2,
Bolomys,2,
Bos indicus,2,
Bradypus variegatus,2,
Branta canadensis,2,
Brassica napus subsp. rapifera,2,
Brassica nigra,2,
Brassica rapa subsp. chinensis,2,
Brugmansia suaveolens,2,
Brugmansia x candida,2,
Bubalus bubalis,2,
Budorcas taxicolor tibetana,2,
Caenorhabditis elegans,2,
Calomys callosus,2,
Calotes versicolor,2,
Camelus,2,
Campanula takesimana,2,
Canavalia ensiformis,2,
Canis familiaris,2,
Canna indica,2,
Capsicum annuum var. annuum,2,
Capsicum baccatum,2,
Cardamine lilacina,2,
Carios vespertilionis,2,
Carpotroche brasiliensis,2,
Carya illinoinensis,2,
Cercopithecus ascanius,2,
Cercopithecus lhoesti,2,
Cercopithecus mona,2,
Cercopithecus neglectus,2,
Cercopithecus nictitans,2,
Cerdocyon thous,2,
Chaerephon plicatus,2,
Chenopodiastrum hybridum,2,
Chimaera,2,
Choloepus hoffmanni,2,
Chondrostereum purpureum,2,
Cicadella viridis,2,
Cichorium endivia,2,
Cimex hemipterus,2,
Cirripedia,2,
Citrus jambhiri,2,
Citrus maxima,2,
Clanis bilineata,2,
Clarireedia homoeocarpa,2,
Clerodendrum,2,
Clivia miniata,2,
Coccinia grandis,2,
Coelogyne,2,
Coffea arabica,2,
Coilia mystus,2,
Coleoptera,2,
Colobus guereza,2,
Conger japonicus,2,
Copsychus saularis,2,
Coquillettidia xanthogaster,2,
Cornus,2,
Cornus florida,2,
Corylus,2,
Corynespora cassiicola,2,
Coturnix coturnix,2,
Coturnix japonica,2,
Crambe hispanica subsp. abyssinica,2,
Crataegus,2,
Crataegus pinnatifida,2,
Crepis neglecta,2,
Cricetulus longicaudatus,2,
Crocidura attenuata,2,
Crocidura russula,2,
Crotalaria,2,
Cucumis melo var. flexuosus,2,
Cucurbita pepo var. melopepo,2,
Culex perfuscus,2,
Culex pseudovishnui,2,
Culiseta minnesotae,2,
Curvularia protuberata,2,
Cyanocitta cristata,2,
Cycas revoluta,2,
Cyclopterus lumpus,2,
Cymodocea nodosa,2,
Cynodon dactylon x Cynodon transvaalensis,2,
Cynoglossus,2,
Cyrtomium falcatum,2,
Dahlia pinnata,2,
Daphne,2,
Davidia involucrata,2,
Delphinapterus leucas,2,
Delphinium,2,
Diaporthe longicolla,2,
Diaporthe vexans,2,
Diascia,2,
Dichopogon,2,
Diodia virginiana,2,
Dioscorea bulbifera,2,
Dioscorea oppositifolia,2,
Dioscorea sansibarensis,2,
Dioscorea zingiberensis,2,
Diplocarpon rosae,2,
Diplodia sapinea,2,
Diuris pedunculata,2,
Drakaea,2,
Drosophila obscura,2,
Drosophila sturtevanti,2,
Dysphania ambrosioides,2,
Echinodermata,2,
Elettaria cardamomum,2,
Endoconidiophora polonica,2,
Endoconidiophora resinifera,2,
Entoleuca sp.,2,
Eonycteris spelaea,2,
Eothenomys inez,2,
Equus asinus x Equus caballus,2,
Eretmapodites,2,
Erigeron breviscapus,2,
Eriobotrya japonica,2,
Erysiphe palczewskii,2,
Euonymus maackii,2,
Euryoryzomys macconnelli,2,
Eustoma,2,
Eutrema japonicum,2,
Exitianus exitiosus,2,
Falco tinnunculus,2,
Festuca pratensis,2,
Flammulina velutipes,2,
Fritillaria thunbergii,2,
Fulica atra,2,
Fusarium oxysporum,2,
Fusarium sacchari,2,
Fusarium silvicola,2,
Fusarium solani,2,
Galliformes,2,
Gentiana triflora,2,
Giraffa camelopardalis,2,
Golovinomyces cichoracearum,2,
Gomphocarpus physocarpus,2,
Gonimbrasia cytherea,2,
Gonipterus platensis,2,
Gonorynchus abbreviatus,2,
Gorilla gorilla,2,
Grammomys macmillani,2,
Grammomys sp.,2,
Gymnocalycium mihanovichii,2,
Habenaria radiata,2,
Halieutaea stellata,2,
Hebius popei,2,
Helicobasidium mompa,2,
Helminthotheca echioides,2,
Hemerocallis,2,
Heracleum moellendorffii,2,
Heterobasidion abietinum,2,
Heterobasidion ecrustosum,2,
Heterobasidion irregulare,2,
Heterodontonyx,2,
Hevea brasiliensis,2,
Hippeastrum sp.,2,
Hipposideros,2,
Hoplichthys,2,
Hospitalitermes bicolor,2,
Hosta fortunei,2,
Hovenia dulcis,2,
Hyalomma aegyptium,2,
Hyalomma asiaticum asiaticum,2,
Hyalomma marginatum,2,
Hyalomma rufipes,2,
Hylaeamys perenensis,2,
Hylaeamys yunganus,2,
Hylocereus,2,
Hylomyscus,2,
Hylomyscus pamfi,2,
Hypochaeris,2,
Hypsugo savii,2,
Ipomoea,2,
Ipomoea purpurea,2,
Ipomoea setosa,2,
Ipomoea tricolor,2,
Iris ensata,2,
Ixeridium dentatum,2,
Lamium album,2,
Lamium amplexicaule,2,
Leibnitzia anandria,2,
Leonurus cardiaca,2,
Leonurus sibiricus,2,
Lepidotrigla,2,
Leveillula taurica,2,
Ligustrum,2,
Ligustrum vulgare,2,
Limonium sinuatum,2,
Lindernia crustacea,2,
Lissonycteris angolensis ruwenzorii,2,
Lobelia,2,
Lolium multiflorum,2,
Lophuromys sikapusi,2,
Lophuromys stanleyi,2,
Lychnis,2,
Lycodon rufozonatus,2,
Lycopersicon esculentum,2,
Macaca arctoides,2,
Macronycteris commersoni,2,
Macronycteris vittata,2,
Mallotus japonicus,2,
Mandevilla,2,
Medicago lupulina,2,
Megaderma lyra,2,
Megaskepasma erythrochlamys,2,
Melilotus,2,
Melophagus ovinus,2,
Meriones unguiculatus,2,
Mesocricetus,2,
Mesomys hispidus,2,
Microhyla pulchra,2,
Microtus majori,2,
Microtus oeconomus,2,
Mikania micrantha,2,
Miltonia,2,
Miniopterus,2,
Miniopterus magnater,2,
Miscanthus sinensis,2,
Mops condylurus,2,
Morchella esculenta,2,
Morinda citrifolia,2,
Mus caroli,2,
Mus minutoides,2,
Musa acuminata AAA Group,2,
Mustelus manazo,2,
Myodes regulus,2,
Myotis,2,
Myotis altarium,2,
Myotomys unisulcatus,2,
Myrmica scabrinodis,2,
Nandina domestica,2,
Narcissus tazetta,2,
Narcissus tazetta subsp. chinensis,2,
Nasturtium officinale,2,
Neacomys musseri,2,
Neacomys spinosus,2,
Neofusicoccum luteum,2,
Neotoma,2,
Neotoma albigula,2,
Nephelomys albigularis,2,
Nephotettix cincticeps,2,
Nicotiana glauca,2,
Niviventer,2,
Numida meleagris,2,
Nyctalus velutinus,2,
Ochlerotatus abserratus,2,
Ochlerotatus camptorhynchus,2,
Ochlerotatus cantans,2,
Ochlerotatus communis,2,
Ochlerotatus normanensis,2,
Ochlerotatus taeniorhynchus,2,
Oecomys roberti,2,
Oecomys sp.,2,
Oehlia diaphana,2,
Oligoryzomys,2,
Oligoryzomys longicaudatus,2,
Oligoryzomys mattogrossae,2,
Oligoryzomys utiaritensis,2,
Oncopera intricoides,2,
Ondatra zibethicus,2,
Oniscidea,2,
Ophiostoma himal-ulmi,2,
Opuntia,2,
Oriolus oriolus,2,
Ornithogalum thyrsoides,2,
Oryzomys couesi,2,
Otomops martiensseni,2,
Pan paniscus,2,
Pandanus amaryllifolius,2,
Panicum virgatum,2,
Pantholops hodgsonii,2,
Papaveraceae,2,
Paphiopedilum,2,
Paralichthys olivaceus,2,
Parietaria officinalis,2,
Paris polyphylla,2,
Passiflora caerulea,2,
Pelargonium x hortorum,2,
Penicillium roseopurpureum,2,
Percidae,2,
Peromyscus californicus,2,
Peyerimhoffina gracilis,2,
Phaffia rhodozyma,2,
Phlebiopsis gigantea,2,
Phlebotomus neglectus,2,
Phlox,2,
Phlox stolonifera,2,
Phlox subulata,2,
Phomopsis vexans,2,
Phymateus viridipes,2,
Physalis acutifolia,2,
Pinellia pedatisecta,2,
Plantago lanceolata,2,
Platycodon grandiflorus,2,
Pleosporales,2,
Pleurotus ostreatus,2,
Plumeria rubra,2,
Plutella xylostella,2,
Poaceae,2,
Polianthes tuberosa,2,
Polypedates megacephalus,2,
Polyscias balfouriana,2,
Portulaca,2,
Primula malacoides,2,
Prunus glandulosa,2,
Prunus incisa,2,
Prunus persica f. compressa,2,
Prunus serrula,2,
Pseudogymnoascus destructans,2,
Psittacula krameri,2,
Pteromalus puparum,2,
Pteropus lylei,2,
Pteropus sp.,2,
Pueraria montana,2,
Python brongersmai,2,
Raphanus raphanistrum,2,
Renanthera,2,
Rhabdomys pumilio,2,
Rheum,2,
Rheum rhabarbarum,2,
Rhinolophus stheno,2,
Rhipicephalus sanguineus,2,
Rottboellia cochinchinensis,2,
Rousettus,2,
Rousettus madagascariensis,2,
Rubus canadensis,2,
Saccharomyces kudriavzevii,2,
Saccharomyces paradoxus,2,
Saccharum sp.,2,
Saguinus mystax,2,
Saimiri,2,
Sapajus xanthosternos,2,
Scaptodrosophila deflexa,2,
Sclerotium hydrophilum,2,
Senna occidentalis,2,
Setaria,2,
Silene dioica,2,
Silene firma,2,
Silene subgen. Lychnis,2,
Sinapis alba,2,
Smallanthus sonchifolius,2,
Sodiomyces alkalinus,2,
Solanum aethiopicum,2,
Solanum stenotomum subsp. goniocalyx,2,
Sorex tundrensis,2,
Sorghum arundinaceum,2,
Spergula arvensis,2,
Spodoptera eridania,2,
Spodoptera frugiperda,2,
Stenotaphrum secundatum,2,
Streptocarpus,2,
Sturnira lilium,2,
Sus scrofa scrofa,2,
Sylvia curraca,2,
Synodus macrops,2,
Tamias minimus,2,
Taraxacum kok-saghyz,2,
Taraxacum officinale,2,
Teratoscincus roborowskii,2,
Tetranychus urticae,2,
Thamnaconus septentrionalis,2,
Theropithecus gelada,2,
Thevetia ahouai,2,
Toona sinensis,2,
Trachurus,2,
Trifolium,2,
Tropaeolum tuberosum,2,
Tupaia belangeri,2,
Turdus hortulorum,2,
Turdus libonyana,2,
Tursiops truncatus,2,
Uranotaenia unguiculata,2,
Urochloa plantaginea,2,
Urospermum dalechampii,2,
Valerianella locusta,2,
Vanilla planifolia,2,
Varroa jacobsoni,2,
Vasconcellea x heilbornii,2,
Verbena,2,
Viburnum odoratissimum,2,
Vigna unguiculata subsp. unguiculata,2,
Zantedeschia,2,
Zantedeschia aethiopica,2,
Zanthoxylum,2,
Ziziphus jujuba,2,
Zostera marina,2,
Zygosaccharomyces bailii,2,
citrus sinensis x Poncirus trifoliata,2,
impatiens,2,
Acanthopagrus latus,1,
Acanthopagrus schlegelii,1,
Acidomyces richmondensis,1,
Acinopterus angulatus,1,
Acomys wilsoni,1,
Aconitum carmichaeli,1,
Actinonaias pectorosa,1,
Acyrthosiphon pisum,1,
Adonis ramosa,1,
Aedes abnormalis,1,
Aedes bekkui,1,
Aedes caspius,1,
Aedes cinereus,1,
Aedes esoensis,1,
Aedes furcifer,1,
Aedes koreicus,1,
Aedes normanensis,1,
Aedes palpalis,1,
Aedes scapularis,1,
Aedes simpsoni,1,
Aethusa cynapium,1,
Afraegle paniculata,1,
Agapanthus campanulatus,1,
Agaricus bisporus,1,
Aglaonema modestum,1,
Agrostis stolonifera,1,
Agrotis ipsilon,1,
Ailanthus altissima,1,
Ailurus fulgens,1,
Aix galericulata,1,
Aix sponsa,1,
Aizoaceae,1,
Alastor atropos,1,
Albatrellopsis flettii,1,
Alectorobius capensis,1,
Allactaga sibirica,1,
Allium vineale,1,
Alocasia,1,
Alpinia galanga,1,
Alpinia oxyphylla,1,
Alpinia purpurata,1,
Alstroemeria pulchella,1,
Amaranthaceae,1,
Amaranthus deflexus,1,
Amaryllis,1,
Amblyomma dissimile,1,
Amblyomma ovale,1,
Ameiurus nebulosus,1,
Amomum subulatum,1,
Amorphophallus konjac,1,
Amorphophallus paeoniifolius,1,
Ampelopsis cordata,1,
Amphiprion ocellaris,1,
Anabarhynchus dentiphallus,1,
Anagyris,1,
Anagyris foetida,1,
Anas acuta,1,
Anas poecilorhyncha,1,
Anas rubripes,1,
Andrena haemorrhoa,1,
Andropadus virens,1,
Anemone blanda,1,
Angelica dahurica,1,
Angelica keiskei,1,
Angelica sinensis,1,
Angelonia angustifolia,1,
Anopheles barbirostris,1,
Anopheles coustani,1,
Anopheles darlingi,1,
Anopheles dirus,1,
Anopheles farauti,1,
Anopheles quadrimaculatus,1,
Anopheles tessellatus,1,
Anourosorex yamashinai,1,
Anredera cordifolia,1,
Anser albifrons,1,
Anser anser,1,
Anser rossii,1,
Antheraea pernyi,1,
Anthocercis littorea,1,
Anthoxanthum odoratum,1,
Anthriscus sylvestris,1,
Anthurium amnicola,1,
Antipaluria urichi,1,
Antonospora locustae,1,
Aphis,1,
Aphis glycines,1,
Apis cerana,1,
Apium graveolens Dulce Group,1,
Apium graveolens Secalinum Group,1,
Aplysia californica,1,
Apodemus argenteus,1,
Apodemus speciosus,1,
Apoidea,1,
Ara ararauna,1,
Arachis,1,
Arctocephalus gazella,1,
Aristotelia chilensis,1,
Armadillidium vulgare,1,
Armigeres,1,
Armillaria borealis,1,
Arrhenatherum elatius,1,
Artemisia annua,1,
Artemisia carvifolia,1,
Artemisia princeps,1,
Arthraxon prionodes,1,
Arthrocladiella mougeotii,1,
Artibeus lituratus,1,
Artocarpus altilis,1,
Asclepias syriaca,1,
Asclepias viridis,1,
Asellus,1,
Asparagus,1,
Aspergillus ellipticus,1,
Aspergillus homomorphus,1,
Aspergillus niger,1,
Aspidites melanocephalus,1,
Aspidites ramsayi,1,
Asteraceae,1,
Ateles sp.,1,
Aulacophora lewisii,1,
Austroargiolestes icteromelas,1,
Avena byzantina,1,
Bactericera cockerelli,1,
Bactericera trigonica,1,
Balaenoptera acutorostrata,1,
Bambusa oldhamii,1,
Bambusa rutila,1,
Bandicota indica,1,
Begonia,1,
Begonia bowerae,1,
Berylmys bowersi,1,
Betula pendula,1,
Betula pubescens,1,
Bibikovana rainbowi,1,
Bipolaris oryzae,1,
Blarina brevicauda,1,
Bletilla striata,1,
Bombus lapidarius,1,
Bombus pascuorum,1,
Bombus pratorum,1,
Bombus terrestris,1,
Bondarzewia berkeleyi,1,
Bos,1,
Bos frontalis,1,
Bos javanicus,1,
Bothrops atrox,1,
Botrytis sp. V446,1,
Brachiaria,1,
Brachyteles arachnoides,1,
Brassica juncea,1,
Brassica napus var. napus,1,
Brassica oleracea var. botrytis,1,
Brassica oleracea var. gongylodes,1,
Brassica oleracea var. italica,1,
Brassica rapa subsp. pekinensis,1,
Brevicoryne brassicae,1,
Bromus,1,
Bromus secalinus,1,
Brugmansia,1,
Bufo gargarizans,1,
Cacatua moluccensis,1,
Cactaceae,1,
Caenorhabditis brenneri,1,
Caladenia latifolia,1,
Calanthe,1,
Calendula arvensis,1,
Calibrachoa,1,
Calidris acuminata,1,
Calidris fuscicollis,1,
Calidris ruficollis,1,
Calidris temminckii,1,
Caligus rogercresseyi,1,
Callionymus kaianus,1,
Calliphora vomitoria,1,
Callistephus chinensis,1,
Callithrix,1,
Callorhinus ursinus,1,
Callosciurus prevostii,1,
Calomys laucha,1,
Calystegia hederacea,1,
Camellia,1,
Camellia reticulata,1,
Campodea silvestrii,1,
Camponotus japonicus,1,
Camponotus yamaokai,1,
Cannabis sativa,1,
Canthigaster rivulata,1,
Capillidium heterosporum,1,
Capitulum mitella,1,
Capparis spinosa,1,
Capra aegagrus hircus,1,
Caprifoliaceae,1,
Capsicum annuum var. glabriusculum,1,
Capsicum coccineum,1,
Carcinus maenas,1,
Carnegiea gigantea,1,
Carthamus tinctorius,1,
Castanea crenata,1,
Castanea sativa,1,
Cattleya,1,
Cavia cutleri,1,
Cavia porcellus,1,
Cebus apella,1,
Celithemis elisa,1,
Cenchrus americanus,1,
Cenchrus compressus,1,
Centaurea cyanus,1,
Centella asiatica,1,
Cephalopholis spiloparaea,1,
Ceratorhiza oryzae-sativae,1,
Cercocebus torquatus,1,
Cercocebus torquatus torquatus,1,
Cercopithecidae,1,
Cercopithecus ascanius whitesidei,1,
Cercopithecus cephus,1,
Cercopithecus hamlyni,1,
Cercopithecus mitis,1,
Cercopithecus solatus,1,
Cestrum elegans,1,
Cestrum parqui,1,
Chaerephon,1,
Chaerephon pumila,1,
Chaerophyllum temulum,1,
Chaetodipus baileyi,1,
Chamaescilla corymbosa,1,
Channa argus x Channa maculata,1,
Channa striata,1,
Chanodichthys erythropterus,1,
Charadrius ruficapillus,1,
Charybdis japonica,1,
Cheilomenes sexmaculata,1,
Chelidoperca,1,
Chelostoma florisomne,1,
Chenonetta jubata,1,
Chinchilla lanigera,1,
Chloephaga,1,
Chloris virgata,1,
Chodsigoa smithii,1,
Choloepus didactylus,1,
Chroicocephalus ridibundus,1,
Chrysanthemum indicum,1,
Chrysanthemum zawadskii var. latilobum,1,
Chrysomya megacephala,1,
Ciconia ciconia,1,
Cimex lectularius,1,
Circus aeruginosus,1,
Cistus incanus,1,
Citrullus,1,
Citrus aurantifolia,1,
Citrus aurantium,1,
Citrus grandis,1,
Citrus limonia,1,
Citrus medica,1,
Citrus reticulata x Citrus sinensis,1,
Citrus sinensis x Citrus trifoliata,1,
Civettictis civetta,1,
Claytonia perfoliata,1,
Clerodendrum trichotomum,1,
Clethrionomys rufocanus,1,
Clitocybe odora,1,
Clitoria,1,
Clitoria ternatea,1,
Clupeidae,1,
Codonopsis lanceolata,1,
Coleura afra,1,
Colletotrichum caudatum,1,
Colletotrichum eremochloae,1,
Colletotrichum navitas,1,
Colletotrichum zoysiae,1,
Colobopsis nipponica,1,
Colpa sexmaculata,1,
Commelina,1,
Conidiobolus heterosporus,1,
Coquillettidia albicosta,1,
Coquillettidia fuscopennata,1,
Coquillettidia metallica,1,
Corallus caninus,1,
Coreopsis basalis,1,
Corydalidae,1,
Corylus avellana,1,
Corythornis,1,
Corythucha ciliata,1,
Cosmocalanus darwinii,1,
Costora delora,1,
Costus spiralis,1,
Crangon crangon,1,
Cricetinae,1,
Cricetinae gen. sp.,1,
Cricetomys emini,1,
Cricetulus aureus,1,
Cricetulus griseus,1,
Cricetulus migratorius,1,
Crinum asiaticum,1,
Crocidura,1,
Crocidura grandiceps,1,
Crocidura hirta,1,
Crocidura olivieri,1,
Crocus sativus,1,
Crotalus durissus terrificus,1,
Crotalus lepidus,1,
Cucumis melo subsp. agrestis,1,
Cucumis melo var. conomon,1,
Cucumis metulifer,1,
Cucurbita pepo subsp. pepo,1,
Cucurbita pepo subsp. texana,1,
Cucurbitaceae,1,
Cudrania tricuspidata,1,
Culex accelerans,1,
Culex annulioris,1,
Culex chidesteri,1,
Culex dunni,1,
Culex edwardsi,1,
Culex erraticus,1,
Culex gnomatos,1,
Culex modestus,1,
Culex nigripalpus,1,
Culex portesi,1,
Culex theileri,1,
Culex univittatus,1,
Culicinae,1,
Culicinae sp.,1,
Culicoides austropalpalis,1,
Culicoides histrio,1,
Culicoides insignis,1,
Culicoides schultzei,1,
Curruca curruca,1,
Cyamopsis tetragonoloba,1,
Cycadophyta,1,
Cycadopsida,1,
Cyclopodia greeffi,1,
Cydonia oblonga,1,
Cymbidium aloifolium,1,
Cymbidium goeringii,1,
Cymbidium hybrid cultivar,1,
Cymbidium iridioides,1,
Cymbidium tortisepalum,1,
Cynanchum rostellatum,1,
Cynanchum wilfordii,1,
Cynomys gunnisoni,1,
Cynomys ludovicianus,1,
Cynopterus,1,
Cynopterus brachyotis,1,
Cynopterus sphinx,1,
Cyrtanthus elatus,1,
Cytospora ceratosperma,1,
Dahlia rupicola,1,
Dahlia variabilis,1,
Danio rerio,1,
Daphne mezereum,1,
Dasyatis akajei,1,
Datura inoxia,1,
Datura stramonium var. inermis,1,
Daucus carota subsp. carota,1,
Delphinidae,1,
Dendrobium smillieae,1,
Dendrocalamus latiflorus,1,
Dermacentor variabilis,1,
Desmodium,1,
Desmodium illinoense,1,
Desmodium tortuosum,1,
Diachasmimorpha longicaudata,1,
Dianthus,1,
Dianthus superbus,1,
Dictyophorus griseus,1,
Didelphis aurita,1,
Digitalis lanata,1,
Dimocarpus longan,1,
Dimorphotheca,1,
Dinocampus coccinellae,1,
Dioscorea communis,1,
Dioscorea composita,1,
Dioscorea esculenta,1,
Dioscorea japonica,1,
Dioscorea nummularia,1,
Dioscorea parviflora,1,
Dioscoreaceae,1,
Diospyros virginiana,1,
Dioxys cincta,1,
Diphlebia lestoides,1,
Disocactus flagelliformis,1,
Diuris,1,
Diuris laxiflora,1,
Diuris longifolia,1,
Diversispora versiformis,1,
Dracaena sanderiana,1,
Dracula astuta,1,
Drosophila affinis,1,
Drosophila ananassae,1,
Drosophila bipectinata,1,
Drosophila busckii,1,
Drosophila immigrans,1,
Drosophila kikkawai,1,
Drosophila simulans,1,
Drosophila subobscura,1,
Drosophila suzukii,1,
Drosophila unispina,1,
Duttaphrynus melanostictus,1,
Dysphania schraderiana,1,
Ecballium elaterium,1,
Echinosciurus variegatoides,1,
Ectropis obliqua,1,
Egretta garzetta,1,
Elaeis guineensis,1,
Elapsoidea loveridgei,1,
Eleocharis dulcis,1,
Eleusine indica,1,
Elisabethiella stueckenbergi,1,
Elymus repens,1,
Embergeria,1,
Emberiza spodocephala,1,
Ensete ventricosum,1,
Eotetranychus kankitus,1,
Eothenomys regulus,1,
Epichloe festucae,1,
Epidendrum,1,
Epimedium,1,
Epiphyllum,1,
Epipogium roseum,1,
Epipremnum aureum,1,
Epomophorus,1,
Epomophorus wahlbergi,1,
Eptatretus burgeri,1,
Eptesicus furinalis,1,
Eptesicus regulus,1,
Equus ferus,1,
Eretmapodites leucopous,1,
Erinaceus amurensis,1,
Erinaceus roumanicus,1,
Erthesina fullo,1,
Eryngium planum,1,
Erysimum,1,
Erythrocebus patas,1,
Esocidae,1,
Esox lucius,1,
Estrilda troglodytes,1,
Eucomis,1,
Eudromia elegans,1,
Eumantispa harmandi,1,
Eumenes papillarius,1,
Eumetopias jubatus,1,
Eupatorium,1,
Euphausia superba,1,
Euphorbia milii,1,
Euprepiophis mandarinus,1,
Euproctis pseudoconspersa,1,
Euscelidius variegatus,1,
Eustoma grandiflorum,1,
Fabaceae,1,
Fagopyrum esculentum,1,
Falco vespertinus,1,
Feliformia,1,
Ferula assa-foetida,1,
Formica fusca,1,
Forsythia mandschurica,1,
Fragaria virginiana,1,
Fraxinus americana,1,
Fundulus heteroclitus heteroclitus,1,
Furcraea,1,
Fusarium coeruleum,1,
Fusarium globosum,1,
Fusarium incarnatum,1,
Fusarium langsethiae,1,
Fusarium proliferatum,1,
Fusarium pseudograminearum,1,
Fusarium sambucinum,1,
Gadidae,1,
Gaeumannomyces tritici,1,
Galidia elegans,1,
Galinsoga parviflora,1,
Gallinago gallinago,1,
Gallinula chloropus,1,
Gallus,1,
Gambusia holbrooki,1,
Gammarus chevreuxi,1,
Gammarus pulex,1,
Gasterosteus aculeatus,1,
Gastropoda,1,
Gazella,1,
Gekko similignum,1,
Genetta genetta,1,
Geopora sumneriana,1,
Geranium carolinianum,1,
Gerbera jamesonii,1,
Gerbilliscus kempi,1,
Glauconycteris,1,
Globodera pallida,1,
Glossina morsitans morsitans,1,
Gobiosoma bosc,1,
Gompholobium,1,
Goniurosaurus luii,1,
Gorytes laticinctus,1,
Gracilinanus microtarsus,1,
Graminella nigrifrons,1,
Graphiurus,1,
Graptopetalum paraguayense,1,
Gynura,1,
Gyromitra esculenta,1,
Haemagogus sp.,1,
Haemaphysalis bancrofti,1,
Haemaphysalis doenitzi,1,
Haliaeetus leucocephalus,1,
Haliotis discus,1,
Haliotis discus hannai,1,
Harmonia axyridis,1,
Hedera helix,1,
Helianthus,1,
Heliconius erato,1,
Helicoverpa zea,1,
Helleborus x hybridus,1,
Hemibagrus guttatus,1,
Hemitriakis japanica,1,
Heracleum sphondylium,1,
Hermannia gibba,1,
Hesperis matronalis,1,
Heteronychus arator,1,
Heteropelma amictum,1,
Hexapoda,1,
Hibiscus cannabinus,1,
Hime japonica,1,
Hippeastrum,1,
Hippophae rhamnoides,1,
Hippopotamus,1,
Hipposideros cervinus,1,
Hipposideros cf. ruber,1,
Hipposideros diadema,1,
Hipposideros pratti,1,
Hipposideros vittatus,1,
Hordeum murinum,1,
Hortaea werneckii,1,
Hosta,1,
Hosta minor,1,
Hoya lambii,1,
Hoya wayetii,1,
Hyacinthus orientalis,1,
Hyalomma,1,
Hyalomma anatolicum,1,
Hyalomma anatolicum anatolicum,1,
Hyalomma detritum,1,
Hyalomma scupense,1,
Hydrocoloeus minutus,1,
Hydrocotyle vulgaris,1,
Hygrophorus penarioides,1,
Hyla simplex,1,
Hylobates pileatus,1,
Hylobatidae,1,
Hymenoscyphus fraxineus,1,
Hyporhamphus sajori,1,
Hypsignathus monstrosus,1,
Hypsugo pulveratus,1,
Hystricidae,1,
Ia io,1,
Iberis,1,
Idiosepius notoides,1,
Imperata cylindrica,1,
Indigofera australis,1,
Indotestudo forstenii,1,
Inopus,1,
Ipomoea nil,1,
Ips typographus,1,
Iris domestica,1,
Iris germanica,1,
Iris x hollandica,1,
Isatis tinctoria,1,
Ixodes dentatus,1,
Ixodes lividus,1,
Ixodes pavlovskyi,1,
Jasminum,1,
Jasminum laurifolium f. nitidum,1,
Jasminum officinale,1,
Karelinia caspia,1,
Kennedia rubicunda,1,
Lachenalia,1,
Lactuca,1,
Lactuca saligna,1,
Lactuca serriola,1,
Laelia,1,
Lagenorhynchus albirostris,1,
Lagothrix,1,
Lagothrix lagotricha,1,
Lama guanicoe,1,
Lamium maculatum,1,
Lampropeltis triangulum hondurensis,1,
Laridae,1,
Larus marinus,1,
Lasiurus cinereus,1,
Lasiurus intermedius,1,
Lasius niger,1,
Lemur catta,1,
Leontocebus nigricollis,1,
Leopoldamys edwardsi,1,
Lepomis macrochirus,1,
Leptobrachium hainanense,1,
Leptopilina boulardi,1,
Leptosphaeria biglobosa,1,
Leptotrombidium pallidum,1,
Lepus granatensis,1,
Lespedeza procumbens,1,
Leucosticte brandti,1,
Leuronota fagarae,1,
Ligustrum obtusifolium,1,
Liliopsida,1,
Lilium formosanum,1,
Lilium hybrid division VII,1,
Lilium lancifolium,1,
Lilium longiflorum,1,
Lilium sp.,1,
Limatus flavisetosus,1,
Limonium,1,
Liriodendron tulipifera,1,
Litopenaeus vannamei,1,
Lolium,1,
Lolium multiflorum x Lolium perenne,1,
Lonchura striata,1,
Lonicera,1,
Lophuromys laticeps,1,
Luffa,1,
Lupinus albus,1,
Lupinus nootkatensis,1,
Lupinus polyphyllus,1,
Lutzomyia flaviscutellata,1,
Lycaon pictus,1,
Lycorma delicatula,1,
Lygodium japonicum,1,
Lygus lineolaris,1,
Lysiphlebus fabarum,1,
Macaca cyclopis,1,
Macaca fuscata,1,
Macaca radiata,1,
Macrocentrus marginator,1,
Macrognathus aculeatus,1,
Macropodidae,1,
Macropsylla hercules,1,
Macroptilium atropurpureum,1,
Macroptilium lathyroides,1,
Macroptilium longipedunculatum,1,
Macroramphosus scolopax,1,
Macrosiphum euphorbiae,1,
Macrotermes carbonarius,1,
Malassezia sympodialis,1,
Malayopython reticulatus,1,
Malus sieboldii,1,
Malva,1,
Malva neglecta,1,
Malvaceae,1,
Mangifera indica,1,
Mansonia africana,1,
Mansonia sp.,1,
Mareca,1,
Mauremys sinensis,1,
Medicago arabica,1,
Megachile willughbiella,1,
Megaloglossus woermanni,1,
Melampyrum roseum,1,
Melanoconion,1,
Melia azedarach,1,
Melogale,1,
Melomys,1,
Meretrix meretrix,1,
Mesosphaerum pectinatum,1,
Microtus montanus,1,
Microtus obscurus,1,
Miniopterus manavi,1,
Miniopterus natalensis,1,
Minous monodactylus,1,
Mirabilis,1,
Mirounga leonina,1,
Molossus molossus,1,
Monilinia,1,
Mops pumilus,1,
Morus nigra,1,
Mucuna,1,
Muhlenbergia,1,
Mus bufo,1,
Mus musculus castaneus,1,
Mus musculus domesticus,1,
Mus musculus musculus,1,
Mus setulosus,1,
Mus sp.,1,
Mus spicilegus,1,
Muscicapidae,1,
Mustela,1,
Mustela lutreola,1,
Mustela putorius,1,
Myiopsitta monachus,1,
Myodes,1,
Myodes gapperi,1,
Myosorex geata,1,
Myosorex zinki,1,
Myotis austroriparius,1,
Myotis blythii,1,
Myotis brandtii,1,
Myotis chinensis,1,
Myotis horsfieldii,1,
Myotis mystacinus,1,
Myotis nattereri,1,
Myotis nigricans,1,
Myotis riparius,1,
Myotis yumanensis,1,
Nandina,1,
Narcissus tazetta var. chinensis,1,
Nasonia vitripennis,1,
Necromys lasiurus,1,
Nematodes,1,
Neoachmandra japonica,1,
Neodon leucurus,1,
Neotoma lepida,1,
Neovison vison,1,
Nepenthes mirabilis,1,
Nephila clavipes,1,
Nerine sarniensis,1,
Nesidiocoris tenuis,1,
Neurachne minor,1,
Neurospora discreta,1,
Neurotrichus gibbsii,1,
Nicotiana quadrivalvis var. bigelovii,1,
Nicotiana sylvestris,1,
Nicotiana velutina,1,
Nicotiana x edwardsonii,1,
Nigrospora chinensis,1,
Nigrospora sphaerica,1,
Niviventer coxingi,1,
Nomada lathburiana,1,
Nomascus gabriellae,1,
Nothrus palustris,1,
Notostira elongata,1,
Nudaurelia,1,
Numididae,1,
Numididae sp.,1,
Nycticorax,1,
Nylanderia fulva,1,
Nyssomyia flaviscutellata,1,
Occasitermes,1,
Ochlerotatus atlanticus,1,
Ochlerotatus campestris,1,
Ochlerotatus canadensis,1,
Ochlerotatus detritus,1,
Ochlerotatus riparius,1,
Ochlerotatus serratus,1,
Ochlerotatus sollicitans,1,
Ochlerotatus sp.,1,
Ochlerotatus vigilax,1,
Ochotona curzoniae,1,
Ocimum basilicum,1,
Odobenus rosmarus,1,
Oenanthe aquatica,1,
Oligodon formosanus,1,
Oligoryzomys flavescens,1,
Oligoryzomys nigripes,1,
Ononis,1,
Onychostruthus taczanowskii,1,
Ophrys fusca subsp. iricolor,1,
Opsiphanes invirae,1,
Opuntia microdasys,1,
Orchis,1,
Ornithodoros capensis,1,
Ornithodoros coniceps,1,
Ornithodoros coriaceus,1,
Ornithodoros faini,1,
Ornithogalum,1,
Orussus unicolor,1,
Oryctes rhinoceros,1,
Oryza sativa Japonica Group,1,
Otocolobus manul,1,
Otolemur crassicaudatus,1,
Ovibos moschatus,1,
Ovis orientalis aries,1,
Oxybelus bipunctatus,1,
Pachycrepoideus vindemmiae,1,
Pachyrhizus,1,
Pachyrhizus ahipa,1,
Pachyrhizus erosus,1,
Pachyrhizus tuberosus,1,
Pachytriton brevipes,1,
Pamburus missionis,1,
Panax ginseng,1,
Panicum,1,
Panicum maximum,1,
Panonychus citri,1,
Pantherophis guttatus,1,
Papaver rhoeas,1,
Papio,1,
Papio hamadryas,1,
Papio kindae,1,
Papio ursinus,1,
Parapercis lutevittata,1,
Paraphaeosphaeria minitans,1,
Pararge aegeria,1,
Paratrichodorus divergens,1,
Paratrichodorus hispanus,1,
Parietaria,1,
Paspalum setaceum,1,
Passer montanus,1,
Passeridae,1,
Passiflora incarnata,1,
Pastinaca sativa,1,
Patrinia scabiosifolia,1,
Pedaliaceae,1,
Penaeus esculentus,1,
Penaeus japonicus,1,
Penaeus merguiensis,1,
Penicillium roqueforti,1,
Pennisetum,1,
Pennisetum centrasiaticum,1,
Perilampus aeneus,1,
Perina nuda,1,
Phaius flavus,1,
Phaius tancarvilleae,1,
Phalaenopsis equestris,1,
Phasianidae,1,
Phellodendron amurense,1,
Phenacoccus solenopsis,1,
Philander opossum,1,
Phleum pratense,1,
Phlomis,1,
Phlox divaricata,1,
Phlox drummondii,1,
Phocidae,1,
Pholidota imbricata,1,
Phomopsis longicolla,1,
Phragmites australis,1,
Phyllanthus emblica,1,
Phyllium philippinicum,1,
Phyllostomus hastatus,1,
Physalis,1,
Physalis heterophylla,1,
Physalis ixocarpa,1,
Physostegia,1,
Pichia membranifaciens,1,
Picoa juniperi,1,
Pieris rapae,1,
Pinus nigra,1,
Piper,1,
Piper longum,1,
Piper methysticum,1,
Pipistrellus nathusii,1,
Pistacia chinensis,1,
Pistacia lentiscus,1,
Pityohyphantes,1,
Plagiopsetta,1,
Plantago ovata,1,
Platanistidae,1,
Platyrhina,1,
Plautia stali,1,
Plecoglossus altivelis,1,
Pleione humilis,1,
Pleospora typhicola,1,
Pleurobema sintoxia,1,
Pleuronectidae,1,
Pleuronichthys japonicus,1,
Ploceus melanocephalus,1,
Poa pratensis,1,
Podosphaera prunicola,1,
Poecile atricapillus,1,
Polyscias fruticosa,1,
Poncirus trifoliata,1,
Pongo abelii,1,
Pongo pygmaeus,1,
Pongo pygmaeus pygmaeus,1,
Populus,1,
Potos flavus,1,
Praomys rostratus,1,
Procyon lotor,1,
Proechimys,1,
Proechimys semispinosus,1,
Propithecus coquereli,1,
Proscyllium habereri,1,
Proteles cristata,1,
Prunus davidiana,1,
Prunus emarginata,1,
Prunus lusitanica,1,
Prunus mahaleb,1,
Prunus serrulata var. lannesiana,1,
Psathyromyia abonnenci,1,
Pseudohemiculter dispar,1,
Pseudomallada flavifrons flavifrons,1,
Pseudotsuga menziesii,1,
Psittacus erithacus,1,
Psophocarpus tetragonolobus,1,
Psorophora,1,
Psorophora albipes,1,
Psoroptes ovis,1,
Psychodidae,1,
Pteronotus parnellii,1,
Pteropus hypomelanus,1,
Pteropus poliocephalus,1,
Pteropus rufus,1,
Pterostylis sanguinea,1,
Pterygotrigla hemisticta,1,
Ptyas major,1,
Puccinia helianthi,1,
Pycnonotus jocosus,1,
Pycnonotus sinensis,1,
Pygoscelis adeliae,1,
Pygoscelis papua,1,
Pyrus,1,
Pyrus bretschneideri,1,
Pyrus pyrifolia,1,
Python anchietae,1,
Pyxis arachnoides,1,
Quercus castanea,1,
Rangifer tarandus,1,
Raphanus,1,
Rattus flavipectus,1,
Rattus fuscipes,1,
Rattus leucopus,1,
Rattus nitidus,1,
Rattus tanezumi sladeni,1,
Recilia dorsalis,1,
Reichardia tingitana,1,
Reineckea carnea,1,
Reithrodontomys megalotis,1,
Rhaphiolepis bibas,1,
Rhinobatos hynnicephalus,1,
Rhinolophus acuminatus,1,
Rhinolophus alcyone,1,
Rhinolophus blasii,1,
Rhinolophus cornutus,1,
Rhinolophus eloquens,1,
Rhinolophus landeri,1,
Rhinolophus macrotis,1,
Rhinolophus marshalli,1,
Rhinolophus monoceros,1,
Rhinolophus rex,1,
Rhinopoma hardwickii,1,
Rhipicephalus annulatus,1,
Rhipicephalus decoloratus,1,
Rhipicephalus sanguineus sensu lato,1,
Rhipicephalus turanicus,1,
Rhizoctonia sp. AG-K,1,
Rhizophagus irregularis,1,
Rhizophagus sp. (in: Fungi),1,
Rhodiola rosea,1,
Rhododendron delavayi,1,
Rhododendron maximum,1,
Rhodosporidiobolus odoratus,1,
Rhopalosiphum padi,1,
Rhopalosiphum rufiabdominalis,1,
Ribes americanum,1,
Riparia paludicola,1,
Riptortus pedestris,1,
Rorida droserifolia,1,
Rorippa amphibia,1,
Rorippa sylvestris,1,
Rosa hybrid cultivar,1,
Rosa lucieae,1,
Rosa rubiginosa,1,
Rosa x fortuneana,1,
Rousettus leschenaulti,1,
Rousettus sp.,1,
Rubus rosifolius,1,
Rudbeckia hirta,1,
Rudbeckia hirta var. pulcherrima,1,
Rumex,1,
Rumex crispus,1,
Rumex obtusifolius,1,
Rupicapra rupicapra,1,
Rupicapra rupicapra rupicapra,1,
Ruta montana,1,
Rutstroemia firma,1,
Sabethes belisarioi,1,
Sabethes intermedius,1,
Sabethes soperi,1,
Saccharomyces uvarum,1,
Saccharum barberi,1,
Saccharum robustum,1,
Saccharum sinense,1,
Saccolaimus flaviventris,1,
Saguinus,1,
Saguinus labiatus,1,
Saguinus oedipus,1,
Salmo,1,
Salvelinus fontinalis,1,
Salvia divinorum,1,
Salvia hispanica,1,
Salvia splendens,1,
Sander lucioperca,1,
Sandersonia aurantiaca,1,
Saponaria officinalis,1,
Sarcoptes scabiei,1,
Sauropus androgynus,1,
Scaevola calliptera,1,
Scheffersomyces segobiensis,1,
Schizaphis graminum,1,
Schmidtea mediterranea,1,
Sciurus carolinensis,1,
Sclerotinia minor,1,
Sclerotinia nivalis,1,
Scorzonera austriaca,1,
Scotophilus dinganii,1,
Scrophularia californica,1,
Scrophularia nodosa,1,
Scrophulariaceae,1,
Scylla serrata,1,
Sebastes inermis,1,
Secale cereale,1,
Selenicereus undatus,1,
Senecio vulgaris,1,
Senna multiglandulosa,1,
Senna rizzinii,1,
Sesbania grandiflora,1,
Sicyos edulis,1,
Sigmodon mascotensis,1,
Simiiformes,1,
Siniperca chuatsi,1,
Sipuncula,1,
Sisymbrium loeselii,1,
Sitobion miscanthi,1,
Solanaceae,1,
Solanum,1,
Solanum aculeatissimum,1,
Solanum chancayense,1,
Solanum demissum,1,
Solanum dulcamara,1,
Solanum mammosum,1,
Solanum nodiflorum,1,
Solanum seaforthianum,1,
Solanum torvum,1,
Solanum viarum,1,
Solanum violifolium,1,
Solanum x edinense,1,
Sonchus hydrophilus,1,
Sorex isodon,1,
Sorghum x almum,1,
Spartina,1,
Sparus aurata,1,
Spathiphyllum patinii,1,
Spermatophyta,1,
Spermophilus dauricus,1,
Sphyrna lewini,1,
Spilogale putorius,1,
Spiraea,1,
Spodiopogon sibiricus,1,
Squalus brevirostris,1,
Stagonosporopsis cucurbitacearum,1,
Stegomyia albopicta,1,
Stenoscepa,1,
Stephanocircus,1,
Stevia rebaudiana,1,
Streptobotrys caulophylli,1,
Striga asiatica,1,
Striga hermonthica,1,
Strix nebulosa,1,
Struthio camelus,1,
Sturnia pagodarum,1,
Stylosanthes,1,
Styphnolobium japonicum,1,
Suaeda fruticosa,1,
Sulla coronaria,1,
Sundamys muelleri,1,
Sus Scrofa,1,
Sylvirana guentheri,1,
Synergus umbraculus,1,
Tachycixius pilosus,1,
Tachyglossus aculeatus,1,
Tagetes,1,
Tagetes erecta,1,
Taphozous,1,
Tatera,1,
Teleogryllus oceanicus,1,
Telosma cordata,1,
Testudo,1,
Testudo hermanni,1,
Tetrastichus brontispae,1,
Thalassia testudinum,1,
Thanasimus formicarius,1,
Thaumatophyllum bipinnatifidum,1,
Thelebolus microsporus,1,
Thelephora terrestris,1,
Thesium chinense,1,
Thladiantha dubia,1,
Thunbergia alata,1,
Thyreus orbatus,1,
Thyrinteina arnobia,1,
Tiliqua rugosa,1,
Tinca tinca,1,
Tolmiea menziesii,1,
Tolypocladium cylindrosporum,1,
Tolypocladium ophioglossoides,1,
Torilis japonica,1,
Torulaspora delbrueckii,1,
Tradescantia,1,
Tragopogon porrifolius,1,
Tragopogon pratensis,1,
Triatoma infestans,1,
Trichoderma asperellum,1,
Trichoderma koningiopsis,1,
Trichodorus primitivus,1,
Trichoglossus moluccanus,1,
Trichopria drosophilae,1,
Tricyrtis formosana var. stolonifera,1,
Trisetum flavescens,1,
Triticum polonicum,1,
Tropidophorus sinicus,1,
Tulasnella,1,
Tulipa fosteriana,1,
Tupaia,1,
Tupaia chinensis,1,
Turdus pallidus,1,
Tursiops aduncus,1,
Tylonycteris pachypus,1,
Tylonycteris robustula,1,
Uraeginthus,1,
Urocyon cinereoargenteus,1,
Uroderma bilobatum,1,
Urolophus aurantiacus,1,
Urotrichus talpoides,1,
Ustilago maydis,1,
Vaccinium macrocarpon,1,
Vanilla,1,
Vanilla x tahitensis,1,
Varecia variegata,1,
Varroa,1,
Vasconcellea cundinamarcensis,1,
Verbena officinalis,1,
Vespa velutina nigrithorax,1,
Vespertilio murinus,1,
Vespertilio sinensis,1,
Vespertilio superans,1,
Vespula pensylvanica,1,
Vicia faba var. major,1,
Vicia faba var. minor,1,
Vicia narbonensis,1,
Vicugna pacos,1,
Vigna oblongifolia,1,
Viola philippica,1,
Viola verecunda,1,
Vitis amurensis,1,
Vitis flexuosa,1,
Vitis labrusca,1,
Vitis labrusca x Vitis vinifera,1,
Vitis riparia,1,
Vitis shuttleworthii,1,
Vitis x labruscana,1,
Viviparidae,1,
Vulpes,1,
Wisteria,1,
Wisteria sinensis,1,
Wyeomyia melanocephala,1,
Xanthoria parietina,1,
Xenophyes metoponcus,1,
Xenosaurus platyceps,1,
Yucca gloriosa,1,
Zingiber officinale,1,
Zizania latifolia,1,
Ziziphus,1,
Zostera muelleri,1,
Zosteropidae,1,
Zygodontomys brevicauda,1,
Zygopetalum,1,
Zymoseptoria tritici,1,
agouti,1,
dahlia variabilis,1,
eudicotyledons,1,
lotus,1,
malus,1,
oxalis,1,
primate,1,
prunus,1,

TOTAL,17107,
