# Tool,Host Taxon Predictor
# Recomputed from,"all_viruses_with_desired_attributes.dump (5,282 records), host + host_lineage fields (finer resolution than the 4 keyword-presence experimental-binary flags the original harmonization derived from host_lineage)"
# Note,"host_lineage classified via Bacteria/Archaea presence for the Prokaryote/Archaea split; host field cleaned (demographic annotations after ';', parenthetical common names, 'sp.' placeholders stripped) for species identity. Prokaryote/Archaea (1219 records) kept as its own unexploded row, unchanged from the original count."

Label (recomputed),"Count (recomputed, from scratch)",Match vs original_reported_labels.xlsx
"Prokaryote/Archaea (primary binary, negative, EXCL)",1219,"MATCH (1219) -- unchanged, non-eukaryotic, not exploded"
Homo sapiens,176,
Odonata,77,
crayfish,55,
insects,54,
octopus,53,
tomato,50,
Diptera,39,
chicken,38,
spiders,38,
Bos taurus,34,
Channeled applesnail,34,
mosquito,33,
Pisum sativum,31,
Penaeid shrimp,30,
Myriapoda,28,
razor shell,27,
Sclerotinia sclerotiorum,26,
Solanum lycopersicum,26,
freshwater arthropod,26,
freshwater shellfish,25,
peanut worms,25,
Sus scrofa,23,
freshwater atyid shrimp,23,
pig,23,
water striders,22,
Campoletis sonorensis,21,
Culex tritaeniorhynchus,21,
Fusarium poae MAFF 240374,19,
Lycopersicon esculentum,19,
Abelmoschus esculentus,18,
Eidolon helvum,18,
Gastropoda,17,
Gallus gallus,16,
Malvastrum coromandelianum,16,
dog,16,
horseshoe crab,16,
Cajanus cajan,15,
Hyalopterus pruni,15,
Phaseolus vulgaris,15,
Rattus norvegicus,15,
house centipede,15,
Apis mellifera,14,
Coleoptera,14,
Cryphonectria parasitica,14,
Culex nebulosus,14,
Lepidoptera,14,
Manihot esculenta,14,
Paphies subtriangulata,14,
Anopheles annulipes,13,
Mantis shrimp,13,
Ornithodoros,13,
Sesarmid crab,13,
Ctenopharyngodon idella,12,
Felis catus,12,
Homalodisca vitripennis,12,
Ipomoea batatas,12,
Microplitis demolitor,12,
Rousettus leschenaultii,12,
Tetragnatha maxillosa,12,
hermit crab,12,
Etheostoma fonticola,11,
Magnaporthe oryzae,11,
Micromonas pusilla,11,
Papio cynocephalus,11,
Pteropus scapulatus,11,
Spissistilus festinus,11,
fall chinook,11,
human,11,
snake-associated nematodes,11,
Ageratum conyzoides,10,
Atheris squamigera,10,
Botryosphaeria dothidea,10,
Cebus apella,10,
Eucampsipoda africana,10,
Heteroptera,10,
Lymantria dispar,10,
Nicotiana tabacum,10,
Orthoptera,10,
Pan troglodytes,10,
Rhipicephalus microplus,10,
Spirurian nematodes,10,
Tilapia,10,
Vicia faba,10,
Vitis vinifera cv. Cabernet Sauvignon,10,
Zea mays,10,
masked palm civet,10,
melon,10,
raspberry,10,
swine,10,
wheat,10,
whitetail deer,10,
Lutzomyia longipalpis,9,
Ovis aries,9,
Phlebotominae,9,
Procordulia grayi,9,
cattle,9,
sea anemones,9,
Austrovenus stutchburyi,8,
Equus caballus,8,
Gossypium hirsutum,8,
Macroptilium lathyroides,8,
Mastomys natalensis,8,
Oryza sativa,8,
Penaeus monodon,8,
Vigna unguiculata,8,
Vitis vinifera,8,
blue swimmer crab,8,
bovine,8,
cotton,8,
Aedes camptorhynchus,7,
Allium sativum,7,
Capsicum annuum,7,
Culex quinquefasciatus,7,
Daucus carota,7,
Erysiphe trifoliorum,7,
Meleagris gallopavo,7,
Mnemiopsis leidyi,7,
Musa,7,
Rousettus aegyptiacus,7,
Sida acuta,7,
Somateria mollissima,7,
Ustilaginoidea virens,7,
bat,7,
cricket,7,
earthworm,7,
freshwater isoptera,7,
rice,7,
soybean,7,
Anas platyrhynchos,6,
Boa constrictor,6,
Chlorocebus sabaeus,6,
Conehead cricket,6,
Dermacentor marginatus,6,
Discula destructiva Redlin,6,
Glycine max,6,
Macaca fascicularis,6,
Mus musculus,6,
Pan troglodytes verus,6,
Rosellinia necatrix,6,
Sus scrofa domesticus,6,
Talpa europaea,6,
Triticum aestivum,6,
Wharf roach,6,
Zalophus californianus,6,
cassava,6,
goose,6,
horse,6,
potato,6,
sweet potato,6,
ticks,6,
tobacco,6,
watermelon,6,
Amblyomma americanum,5,
Botrytis cinerea,5,
Camelus dromedarius,5,
Canis familiaris,5,
Chrysopidae,5,
Cladosporium cladosporioides,5,
Ficus carica,5,
Gallus gallus domesticus,5,
Lactuca sativa,5,
Ligustrum japonicum,5,
Medicago sativa,5,
Miniopterus schreibersii,5,
Musca domestica,5,
Neoscona nautica,5,
Nicotiana benthamiana,5,
Phoca vitulina,5,
Rhinolophus sinicus,5,
Rosa multiflora,5,
Rubus,5,
Sida micrantha,5,
Sida urens,5,
Solanum tuberosum,5,
Solenopsis invicta,5,
Spinacia oleracea,5,
barley,5,
blueberry,5,
flea and ants,5,
large pig roundworm,5,
millipedes,5,
pepper,5,
rat,5,
true flies,5,
white pine blister rust fungus,5,
Abutilon,4,
Amphibola crenata,4,
Anethum graveolens var. hortorum,4,
Aspergillus foetidus IMI 41871,4,
Asystasia gangetica,4,
Atherigona orientalis,4,
Beauveria bassiana strain EABb 92/11-Dm,4,
Beta vulgaris,4,
Caenorhabditis briggsae,4,
Canis lupus familiaris,4,
Carica papaya,4,
Ceratobasidium,4,
Chlorocebus pygerythrus,4,
Conocephalus,4,
Ctenocephalides felis,4,
Cucurbita moschata,4,
Cucurbita pepo,4,
Culex annulirostris,4,
Culicidae,4,
Diospyros kaki,4,
Drosophila melanogaster,4,
Echinothrips americanus,4,
Fusarium oxysporum f. sp. dianthi,4,
Gremmeniella abietina,4,
Haemaphysalis doenitzi,4,
Haemaphysalis hystricis,4,
Helianthus annuus,4,
Heliothis armigera,4,
Herpestes ichneumon,4,
Hibiscus cannabinus,4,
Hipposideros gigas,4,
Isaria javanica,4,
Ixodes uriae,4,
Melochia,4,
Micaelamys namaquensis,4,
Oryctolagus cuniculus,4,
Pantala flavescens,4,
Passiflora edulis f. flavicarpa,4,
Penaeus vannamei,4,
Penicillium chrysogenum strain ATCC 9480,4,
Penicillium janczewskii isolate MUT4358,4,
Prunus persica,4,
Rhizoctonia solani AG-1 IA,4,
Rhynchosia minima,4,
Romanomermis nematode,4,
Rosellinia necatrix isolate W8,4,
Sigmodon alstoni,4,
Sorbus aucuparia L.,4,
Tadarida brasiliensis,4,
Trifolium pratense cv. Nemaro,4,
Vernonia cinerea,4,
freshwater heteroptera,4,
grapevine,4,
mulberry,4,
okra,4,
olive,4,
"tomato, cv. Rio Grande",4,
unknown,4,
Ageratum houstonianum,3,
Ameiva ameiva ameiva,3,
Anguilla anguilla,3,
Anopheles funestus,3,
Anourosorex squamipes,3,
Apodemus flavicollis,3,
Argas miniatus,3,
Aulacorthum magnoliae,3,
Avena sativa,3,
Bat,3,
Bemisia tabaci,3,
Blainvillea rhomboidea,3,
Blattella germanica,3,
Brassica rapa,3,
Bromus hordeaceus,3,
Caluromys philander,3,
Canada goose,3,
Carios pusillus,3,
Chaoborus trivitattus,3,
Choloepus didactylus,3,
Chrysanthemum x morifolium Ramat,3,
Cicer arietinum,3,
Citrus volkameriana,3,
Coccinia grandis,3,
Crocidura douceti,3,
Crocidura hirta,3,
Crocidura lasiura strain Cixi-Cl-23,3,
Crocidura shantungensis,3,
Cucumis melo,3,
Culex australicus,3,
Culex tarsalis,3,
Culicoides,3,
Cyprinus carpio,3,
Desmodus rotundus,3,
Dioscorea rotundata,3,
Dobsonia moluccensis,3,
Eliurus majori,3,
Emilia sonchifolia,3,
Eothenomys eleusis,3,
Erinaceus europaeus,3,
Eucharis grandiflora,3,
Fragaria chiloensis,3,
Fusarium graminearum,3,
Fusarium graminearum DK3,3,
Gallus gallus momesticus,3,
Gentiana triflora,3,
Gerygone albofrontata,3,
Haemaphysalis,3,
Haemaphysalis flava,3,
Helicoverpa armigera,3,
Hyalomma asiaticum,3,
Hyalomma dromedarii,3,
Hylomyscus simus,3,
Ixodes eudyptidis,3,
Leptonychotes weddellii,3,
Liatris spicata,3,
Limatus flavisetosus,3,
Ludwigia hyssopifolia,3,
Lycopersicum escultentum cv. King Kong 2,3,
Macaca mulatta,3,
Macroptilium,3,
Mansonia uniformis,3,
Microtus maximowiczii,3,
Mirabilis jalapa,3,
Murex snails,3,
Myotis ricketti,3,
Oriolus oriolus,3,
Ornithodoros erraticus,3,
Otomops martiensseni,3,
Pekin duck,3,
Peromyscus beatae,3,
Phocoena phocoena,3,
Phytophthora infestans,3,
Piliocolobus tephrosceles,3,
Proechimys guyannensis,3,
Prunus avium,3,
Pteropus,3,
Raphanus sativus-root cv. Yipinghong,3,
Rhinolophus ferrumequinum,3,
Rhipicephalus decoloratus,3,
Rosa,3,
Rousettus amplexicaudatus,3,
Sclerotinia sclerotiorum strain Sunf-M,3,
Serinus canaria f. domestica,3,
Solanum tuberosum subsp. andigena,3,
Sorex roboratus,3,
Syringa vulgaris,3,
Tadarida plicata,3,
Touch me not,3,
Ulmus glabra,3,
baboon,3,
blackberry,3,
canine,3,
cherry,3,
duck,3,
freshwater isopoda,3,
garlic,3,
goat,3,
horseflies,3,
kiwifruit,3,
maize,3,
mink,3,
porcine,3,
raspberry plant,3,
red currant cv. Holandsky cerveny,3,
sandworms,3,
sheep,3,
tunicates,3,
turkey,3,
Aedes albopictus,2,
African green monkey,2,
Ailurus fulgens,2,
Alcea rosea,2,
Allium chinense,2,
Alternaria brassicicola,2,
Andrographis paniculata,2,
Anser,2,
Arabidopsis halleri,2,
Arctium lappa,2,
Arctocephalus forsteri,2,
Arracacia xanthorrhiza,2,
Astragalus sinicus,2,
Beta vulgaris cv. Mars,2,
Biomphalaria glabrata,2,
Bipolaris maydis,2,
Caenorhabditis elegans,2,
Callinectes sapidus,2,
Cannabis sativa,2,
Capra hircus,2,
Capraria biflora,2,
Cercopithecus aethiops,2,
Chaetoceros tenuissimus strain 2-10,2,
Chelonia mydas,2,
Chinese land snail,2,
Citrus,2,
Citrus sinensis,2,
Citrus sinensis var. Pera,2,
Clerodendrum cyrtophyllum Turcz.,2,
Colocasia esculenta,2,
Coquillettidia xanthogaster,2,
Coracias garrulus,2,
Corallus annulatus,2,
Corchorus capsularis,2,
Corchorus olitorius,2,
Corchorus siliquosus,2,
Coriandrum sativum,2,
Cucurbita,2,
Culex bitaeniorhynchus,2,
Culex decens,2,
Culex pipiens,2,
Culex portesi,2,
Cyanoramphus auriceps,2,
Dalechampia,2,
Datura stramonium,2,
Deinbollia borbonica,2,
Dermacentor,2,
Diabrotica virgifera virgifera,2,
Dianthus chinensis,2,
Diaphorina citri,2,
Dioscorea opposita,2,
Dioscorea trifida,2,
Eclipta prostrata,2,
Enhydra lutris,2,
Eptesicus serotinus,2,
Equus,2,
Equus ferus caballus,2,
Eragrostis curvula,2,
Erysiphe palczewskii,2,
Erythemis simplicicollis,2,
Erythrodiplax umbrata,2,
Euphorbia heterophylla,2,
Euphorbia heterophylla L.,2,
Euphorbia pulcherrima,2,
"Ficus carica, variety Brogiotto nero",2,
Formica exsecta,2,
Fritillaria thunbergii,2,
Girardia tigrina,2,
Gorilla gorilla,2,
Gossypium darwinii,2,
Gremmeniella abietina type A,2,
Hardenbergia comptoniana,2,
Heterobasidion parviporum 7R242 associated with Picea abies,2,
Hibiscus rosa-sinensis,2,
Hippeastrum,2,
Hipposideros commersoni,2,
Hydrangea macrophylla,2,
Ixeridium dentatum,2,
Ixodes scapularis,2,
Kudzu,2,
Lama glama,2,
Lamium album,2,
Laodelphax striatella,2,
Lemur catta,2,
Lens culinaris,2,
Lepomis macrochirus,2,
Lissotriton vulgaris,2,
Lonicera japonica,2,
Macrobrachium rosenbergii,2,
Macrotyloma uniflorum,2,
Malvastrum,2,
Malvastrum coromandelianum L.,2,
Mandrillus sphinx,2,
Marmota himalayana,2,
Medicago lupulina,2,
Meles meles,2,
Merremia quinquefolia,2,
Mesocricetus auratus,2,
Microtus arvalis,2,
Mus minutoides,2,
Mustela putorius furo,2,
Myotomys unisulcatus,2,
Narcissus tazetta var. chinensis,2,
Nilaparvata lugens,2,
Notemigonus crysoleucas,2,
Ocimum basilicum,2,
Okra,2,
Oligoryzomys fulvescens,2,
Oncorhynchus mykiss,2,
Orgyia pseudotsugata,2,
Oxalis corniculata,2,
Oxalis tuberosa,2,
Panax notoginseng,2,
Papaver somniferum,2,
Pelargonium zonale,2,
Penicillium aurantiogriseum isolate MUT4330-c,2,
Penicillium aurantiogriseum isolate MUT4330-d,2,
Perca fluviatilis,2,
Peromyscus californicus,2,
Phaseolus vulgaris cultivar Quivican,2,
Pimephales promelas,2,
Pipistrellus pipistrellus,2,
Pleurotus ostreatus,2,
Plumeria rubra f. acutifolia,2,
Primula malacoides Franch.,2,
Procyon lotor,2,
Prunus domestica,2,
Prunus mume,2,
Pseudogymnoascus destructans,2,
Pseudophycis,2,
Pteronotus parnellii,2,
Pteropus giganteus,2,
Pteropus vampyrus,2,
Pygoscelis adeliae,2,
Raphanus sativus,2,
Raphanus sativus cv. Yidianhong,2,
Rheum,2,
Rhynchosia,2,
Rosellinia necatrix W113,2,
Rosellinia necatrix W779 strain,2,
Rupicapra rupicapra,2,
Saccharomyces cerevisiae,2,
Saccharum officinarum,2,
Salmo salar L.,2,
Sauropus androgynus,2,
Sclerotium hydrophilum,2,
Scophthalmus maximus,2,
Senna occidentalis,2,
Sigesbeckia glabrescens,2,
Sigmodon hispidus,2,
Sinapis alba,2,
Solanum,2,
Solanum lycopersicum L.,2,
Solea senegalensis,2,
Sparus aurata,2,
Spinacia oleracea SP82,2,
Spodoptera exigua,2,
Spodoptera frugiperda,2,
Sporobolus,2,
Suncus murinus,2,
Synedrella nodiflora,2,
Telfairia occidentalis,2,
Theobroma cacao,2,
Trichechus manatus latirostris,2,
Trichomonas vaginalis,2,
Trichomonas vaginalis isolate UR1 clone 1,2,
Trifolium repens cv. Lirepa,2,
Trifolium subterraneum L.,2,
Tuber aestivum,2,
Turritella sea snails,2,
Tursiops truncatus,2,
Vaccinium,2,
Vanilla planifolia,2,
Vernonia amygdalina,2,
Vitis,2,
Zostera marina,2,
bitter gourd,2,
black currant,2,
chickpea,2,
chilli,2,
eggplant,2,
false pimpernel,2,
fireweed,2,
fruit bat,2,
mouse,2,
oats,2,
pigeon,2,
plantain,2,
rabbit,2,
ramie,2,
rhesus monkey,2,
rose,2,
spinach,2,
wigeon,2,
Abelmoschus manihot subsp. tetraphyllus,1,
Abelmoschus tuberculatus,1,
Abelmoscus esculentus,1,
Abelmoshus esculentus,1,
Acalypha,1,
Acanthamoeba polyphaga mimivirus,1,
Acartia tonsa,1,
Acerodon celebensis,1,
Acheta domesticus,1,
Actinidia chinensis,1,
Actinidia chinensis cv. Hort16a,1,
Adoxophyes orana,1,
Aedes aegypti,1,
Aedes aegypti Galveston colony,1,
Aedes campestris,1,
Aedes vexans,1,
Aedes vittatus,1,
Agapanthus,1,
Agave tequilana,1,
Agrotis segetum,1,
Ailuropoda melanoleuca,1,
Aiptasia,1,
Albelmoschus esculentus,1,
Alcea,1,
Allamanda cathartica,1,
Allamanda cathartica Linn.,1,
Allium cepa,1,
Allium fistulosum,1,
Allium sativum L.,1,
Alouatta caraya,1,
Alternaria alternata,1,
Alternaria arborescens,1,
Alternaria longipes,1,
Amaranthus,1,
Amazona farinosa,1,
Amazona oratrix,1,
Amblyomma,1,
Amorphophallus konjac K. Koch,1,
Amphibalanus rhizophorae,1,
Anas rubripes,1,
Angelonia angustifolia,1,
Anguilla australis,1,
"Anguilla japonica, Japanese eel with illness",1,
Anguilla marmorata,1,
Anopheles albimanus,1,
Anopheles atropos,1,
Anopheles coluzzii,1,
Anopheles coustani,1,
Anopheles farauti,1,
Anopheles gambiae,1,
Anopheles hinesorum,1,
Anopheles meraukensis,1,
Anopheles quadrimaculatus,1,
Anopheles sinensis,1,
Anredera cordifolia,1,
Anser anser,1,
Anser anser domestica,1,
Anser caerulescens,1,
Antheraea pernyi,1,
Anthocercis littorea,1,
Anticarsia gemmatalis,1,
Antonospora locustae ATCC-30860,1,
Aphis fabae,1,
Aphis glycines,1,
Aphis glycines Matsumura,1,
Apium graveolens,1,
Apium graveolens L.,1,
Apodemus agrarius,1,
Apodemus chevrieri,1,
Apodemus sylvaticus,1,
Aporocactus flagelliformis,1,
Ara ararauna,1,
Arachis pintoi,1,
Aratinga solstitialis,1,
Arctocephalus gazella,1,
Armigeres subalbatus,1,
Arrhenatherum elatius,1,
Artemisia annua,1,
Artemisina melana,1,
Artibeus jamaicensis,1,
Asclepias viridis,1,
Aselliscus stoliczkanus,1,
Aspidites melanocephalus,1,
Ateles,1,
Ateles paniscus,1,
Atractylodes macrocephala Koidzumi,1,
Axonopus compressus,1,
Barbus barbus,1,
Beauveria bassiana,1,
Benincasa hispida,1,
Beta vulgaris L.,1,
Bettongia penicillata,1,
Blicca bjoerkna L.,1,
Boehmeria,1,
Bombyx mori,1,
Bombyx mori strain Kinsyu-Syowa,1,
Bos grunniens,1,
Botrytis porri,1,
Brassica napus,1,
Brassica napus var. napobrassica,1,
Brassica rapa var. rapa,1,
Brevicoryne brassicae,1,
Bromus,1,
Bromus catharticus,1,
Brugmansia,1,
Brugmansia suaveolens,1,
Buteo jamaicensis,1,
Cacatua moluccensis,1,
Cafeteria roenbergensis strain E4-10,1,
Cairina moschata,1,
Caladenia latifolia,1,
Calanoida,1,
Calibrachoa,1,
Calidris fuscicollis,1,
Callinectes ornatus,1,
Callistephus chinensis,1,
Callosciurus erythraeus thaiwanensis,1,
Campanula takesimana,1,
Camponotus japonicus,1,
Camponotus nipponicus,1,
Camponotus yamaokai,1,
Canna,1,
Canna indica Cultivar Striped Beauty leaf,1,
Capitulum mitella,1,
Capreolus capreolus,1,
Capsicum,1,
Capsicum annuum L. Var. grossum Sendt.,1,
Capsicum annuum cultivar Taiwan2,1,
Capsicum annuum cultivar Yolo Wonder,1,
Capsicum annuum cv. Magali,1,
Capsicum annuum var. grossum,1,
Capsicum baccatum,1,
Cardioderma cor,1,
Caretta caretta,1,
Carollia perspicillata,1,
Castor canadensis,1,
Catopsilia pomona,1,
Catostomus commersonii,1,
Cebus albifrons,1,
Centropristis striata,1,
Centrosema brasilianum,1,
Cercopithecus erythrotis,1,
Cercopithecus mona,1,
Cercopithecus neglectus,1,
Cervus elaphus X Cervus canadensis,1,
Chaerephon,1,
Chaetoceros lorenzianus,1,
Chaetoceros tenuissimus,1,
Chaetocoelopa sydneyensis,1,
Charybdis japonica,1,
Chenopodium amaranticolor,1,
Cherax quadricarinatus,1,
Chilli,1,
Chilli pepper,1,
Chlorocebus,1,
Chlorocebus aethiops,1,
Choristoneura rosaceana,1,
Chrysanthemum,1,
Chrysomya megacephala,1,
Cicer arietinum voucher BRIP 52878a,1,
Cicer arietinum voucher DAR 76857,1,
Cimex hemipterus,1,
Circulifer tenellus,1,
Circus aeruginosus,1,
Citrullus lanatus,1,
Civettictis civetta,1,
Clematis,1,
Cleome,1,
Clitocybe odora,1,
Clitoria ternatea,1,
Clostera anachoreta,1,
Clostera anastomosis L.,1,
Colletotrichum higginsianum IMI349063,1,
Colobus guereza,1,
Columba livia,1,
Conepatus leuconotus,1,
Connochaetes taurinus taurinus,1,
Coquillettidia albicosta,1,
Corvus coronoides,1,
Corynorhinus rafinesquii,1,
Coturnix coturnix,1,
Cowpea,1,
Cracticus torquatus,1,
Crassocephalum crepidioides,1,
Cricetomys emini,1,
Cricetulus longicaudatus,1,
Crocidura olivieri guineensis,1,
Crotalaria juncea,1,
Croton,1,
Croton glandulosus,1,
Cucumis melo var. agrestis,1,
Cucurbita maxima,1,
Cucurbita pepo L.,1,
Culex annulioris,1,
Culex chidesteri,1,
Culex dunni,1,
Culex globocoxitus,1,
Culex pipiens pipiens,1,
Culex sitiens subgroup,1,
Culex vishunui,1,
Culicinae,1,
Culicoides brevitarsis,1,
Culicoides punctatus,1,
Culiseta melanura,1,
Cymbidium goeringii,1,
Cynanchum wilfordii,1,
Cynodon dactylon L.,1,
Cynopterus brachyotis angulatus,1,
Cyrtanthus elatus,1,
Dama dama,1,
Damaliscus lunatus jimela,1,
Danaus plexippus plexippus,1,
Daphne mezereum,1,
Delisea pulchra,1,
Delphinapterus leucas,1,
Delphinium,1,
Delphinus delphis,1,
Diachasmimorpha longicaudata,1,
Dianthus caryophyllus,1,
Diatraea saccharalis,1,
Didemnum,1,
Digitaria ciliaris,1,
Digitaria didactyla Willd,1,
Dinocampus coccinellae,1,
Dioscorea sansibarensis,1,
Diospyros virginiana L.,1,
Diplacodes bipunctata,1,
Diplodia scrobiculata,1,
Dracaena sanderiana,1,
Drosophila immigrans,1,
Drosophila melanogaster Oregon R,1,
Drosophila obscura,1,
Drosophila subobscura,1,
Dysaphis plantaginea,1,
Ectropis obliqua,1,
Eimeria tenella,1,
Eleocharis dulcis,1,
Enhydra lutris nereis,1,
Epirrita autumnata,1,
Eptesicus fuscus,1,
Equus asinus,1,
Equus ferus,1,
Eragrostis minor,1,
Erinnyis ello ello,1,
Erysiphe cichoracearum,1,
Erythrocebus patas,1,
Erythrodiplax fusca,1,
Esox lucius,1,
Eudromia elegans,1,
Euonymus bungeanus,1,
Eupatorium makinoi,1,
Euphorbia caput-medusae,1,
Euphorbia milii x lophogona,1,
Euphorbia pulcherrima cv. Angelika,1,
Euscelidius variegatus,1,
Eustoma grandiflorum,1,
Falco tinnunculus,1,
Falco vespertinus,1,
Farfantepenaeus duorarum,1,
Fenneropenaeus chinensis,1,
Ficus carica cultivar Canestrelle,1,
Fiddler crab,1,
Formicarius analis,1,
Fragaria,1,
Fragaria vesca,1,
Fragaria vesca clone NCRG 9018,1,
Fragaria x ananassa,1,
Fulmarus glacialis,1,
Furcraea,1,
Fusarium coeruleum MAFF 235976,1,
Fusarium globosum MAFF 237511,1,
Fusarium graminearum isolate JS16,1,
Fusarium langsethiae AH32,1,
Fusarium poae,1,
Gammarus,1,
Garrulus glandarius,1,
Gerridae,1,
Giraffa camelopardalis,1,
Gorilla gorilla gorilla,1,
Gossypium davidsonii,1,
Gossypium mustelinum,1,
Graminella nigrifrons,1,
Grapevine,1,
Groundnut,1,
Guar,1,
Gymnocalycium mihanovichii,1,
Habenaria radiata,1,
Haliotis discus hannai,1,
Haliotis diversicolor aquatilis,1,
Halyomorpha halys,1,
Hedyotis uncinella,1,
Heliconius erato,1,
Heloderma horridum,1,
Hemidesmus indicus,1,
Hemileuca,1,
Heterodera glycines,1,
Heterodera glycines strain TN10,1,
Hexura picea,1,
Hibiscus,1,
Hibiscus cannabinus L.,1,
Hibiscus sabdariffa L.,1,
Hipposideros pratti,1,
Hipposideros vittatus,1,
Hordeum vulgare cv. Nerz,1,
Hoya wayetii,1,
Human,1,
Humulus lupulus cultivar Bittergold,1,
Humulus lupulus cv. Super Pride,1,
Hyalomma excavatum,1,
Hylocereus,1,
Hylocereus undatus,1,
Hylomyscus,1,
Hyptiotes gertschi,1,
Ictalurus punctatus,1,
Ilex paraguariensis,1,
Impatiens walleriana hook.,1,
Imperata cylindrica,1,
Indri indri,1,
Ipomoea batatas cv. Arapey,1,
Ipomoea batatas cv. Beauregard,1,
Ipomoea indica,1,
Ipomoea setosa cv. New Kawago,1,
Isoodon obesulus,1,
Ixodes lividus,1,
Jasminum sambac,1,
Jatropha,1,
Jatropha curcas,1,
Jatropha curcas L.,1,
Kalanchoe blossfeldiana,1,
Kalanchoe blossfeldiana cv. Nadia,1,
Labidocera aestiva,1,
Lactuca sativa cv. Romana,1,
Lagenaria siceraria,1,
Lagenaria siceraria var. hispida,1,
Lagenorhynchus albirostris,1,
Lambdina fiscellaria,1,
Lamium maculatum,1,
Lasius neglectus,1,
Lasius niger,1,
Lates calcarifer,1,
Leishmania aethiopica MHOM/ET/1985/LRC-L494,1,
Leishmania major,1,
Leptopilina boulardi,1,
Lepus europaeus,1,
Lespedeza procumbens,1,
Leucas zeylanica,1,
Ligustrum obtusifolium,1,
Littorina,1,
Lolium perenne x L. multiflorum MF22,1,
Lonicera japonica var. aureo-reticulata,1,
Loxodonta africana,1,
Luffa acutangula,1,
Lupinus nootkatensis Donn,1,
Lupinus polyphyllus,1,
Lymantria xylina,1,
Lytechinus variegatus,1,
Macaca,1,
Macrophomina phaseolina,1,
Macrosiphum euphorbiae,1,
Magnaporthe oryzae strain ken 60-19,1,
Maize,1,
Malachra,1,
Malus domestica,1,
Malva parviflora,1,
Mamestra brassicae,1,
Mamestra configurata Walker,1,
Mansonia africana nigerrima voucher H4A1,1,
Mephitis mephitis,1,
Merremia dissecta,1,
Miathyria marcella,1,
Micromys minutus,1,
Microtus montanus,1,
Miniopterus africanus,1,
Miniopterus fuliginosus,1,
Miniopterus magnater,1,
Miniopterus pusillus,1,
Molossus molossus,1,
Momordica charantia,1,
Morelia spilota spilota,1,
Morelia viridis,1,
Mosquito-Unknown,1,
Mus musculus strain NFS,1,
Mustela putorius,1,
Myodes glareolus,1,
Myotis davidii,1,
Myotis lucifugus,1,
Myotis nattererii,1,
Myotis velifer incautus,1,
Myotis yumanensis,1,
Myrmica scabrinodis,1,
Mythimna unipuncta,1,
Mytilus,1,
Nanorana parkeri,1,
Narcissus,1,
Narcissus pseudonarcissus,1,
Narcissus tazetta,1,
Nemesia fruticans,1,
Neodiprion abietis,1,
Neodiprion sertifer,1,
Neofusicoccum luteum,1,
Neotoma albigula,1,
Neotoma lepida,1,
Nesidiocoris tenuis,1,
Nestor notabilis,1,
Nicotiana clevelandii,1,
Nicotiana tabacum:leaf,1,
Nicotiana velutina,1,
Nigrospora oryzae,1,
Nigrospora oryzae strain HN-21,1,
Nyctalus velutinus,1,
Nyctereutes procyonoides,1,
Nycticebus coucang,1,
Nylanderia fulva,1,
Ochlerotatus caspius,1,
Odocoileus hemionus columbianus,1,
Oeciacus vicarius,1,
Oecomys bicolor,1,
Olea europaea,1,
Olea europaea L.,1,
Oligoryzomys microtis,1,
Oncopera intricoides,1,
Oncorhynchus tshawytscha,1,
Ophiostoma novo-ulmi,1,
Opsiphanes invirae,1,
Ornithodoros capensis,1,
Ornithodoros coriaceus,1,
Oryctolagus cuniculus var. domestica,1,
Oryza rufipogon W1714,1,
Oryzomys,1,
Otostigmus scaber,1,
Palaemonetes,1,
Pan troglodytes schweinfurthii,1,
Pan troglodytes troglodytes,1,
Panicum virgatum cv. Cave-In-Rock,1,
Papio anubis,1,
Papio hamadryas,1,
Papio hamadryas anubis,1,
Parabuteo unicinctus,1,
Paracoccus marginatus,1,
Paramuricea placomus,1,
Parthenium hysterophorus,1,
Parthenium hysterophorus L.,1,
Parus major,1,
Paspalum dilatatum,1,
Paspalum setaceum var. muehlenbergii,1,
Passiflora edulis,1,
Passiflora incarnata L.,1,
Pavonia,1,
Pelargonium,1,
Pelargonium x hortorum,1,
Penicillium aurantiogriseum,1,
Penicillium aurantiogriseum isolate MUT4330-a,1,
Penicillium aurantiogriseum isolate MUT4330-b,1,
Penicillium aurantiogriseum isolate MUT4330-e,1,
Penicillium digitatum,1,
Penicillium roqueforti,1,
Perameles bougainville,1,
Peromyscus crinitus,1,
Peromyscus maniculatus,1,
Persea americana,1,
Petrochirus diogenes,1,
Petroica traversi,1,
Petroselinum crispum,1,
Phaius flavus f. flavus,1,
Phascolarctos cinereus,1,
Phaseolus lunatus,1,
Phaseolus vulgaris cultivar Black Turtle,1,
Philodromus dispar,1,
Phleum pratense,1,
Phlox divaricata cv. White Perfume,1,
Phlox stolonifera cv. 'Blue Ridge',1,
Phlox stolonifera cv. Sherwood Purple,1,
Phoca vitulina richardsi,1,
Phocoena spinipinnis,1,
Phomopsis vexans,1,
Phytolacca americana L.,1,
Phytomonas serpens 9T,1,
Phytophthora parasitica,1,
Pieris rapae,1,
Piliocolobus rufomitratus,1,
Piper nigrum,1,
Pityohyphantes rubrofasciatus,1,
Planococcus citri,1,
Plantago major,1,
Plautia stali,1,
Pleospora typhicola isolate MUT4379,1,
Plodia interpunctella,1,
Plutella xylostella,1,
Poa cookii,1,
Pogona vitticeps,1,
Potato,1,
Pouzolzia zeylanica,1,
Primnoa pacifica,1,
Proscyllium habereri,1,
Prunus,1,
Prunus armeniaca,1,
Prunus armeniaca variety Sorrentina GF305,1,
Prunus persica L. Batsch.,1,
Prunus persica cv. Agua,1,
Prunus persica cv. nectarina,1,
Prunus salicina,1,
Psittacula krameri,1,
Psittacus erithacus,1,
Psychodidae,1,
Pteronotus davyi,1,
Pteropus hypomelanus,1,
Python regius,1,
Ramphocelus carbo,1,
Rana pipiens,1,
Rangifer tarandus,1,
Rattus andamanensis,1,
Rattus rattus sladeni,1,
Rattus rattus wroughtoni,1,
Rehmannia glutinosa Libosch,1,
Rhinolophus alcyone,1,
Rhinolophus blasii,1,
Rhinolophus cornutus,1,
Rhinolophus eloquens,1,
Rhinolophus hildebrandtii,1,
Rhinopithecus roxellana,1,
Rhizoctonia solani,1,
Rhizoctonia solani AG 2-2IV strain DC17,1,
Rhododendron maximum,1,
Rhynchobatus djiddensis,1,
Ribes nigrum,1,
Ribes nigrum L.,1,
Ribes rubrum cv. Holandsky cerveny,1,
Rice,1,
Riparia paludicola,1,
Riptortus pedestris,1,
Rosa rugosa cv. Charles Albanel,1,
Rosellinia necatrix strain NW10,1,
Rubus canadensis,1,
Rudbeckia hirta,1,
Sabethes intermedius,1,
Saccharomyces kudriavzevii FM1183,1,
Saimiri boliviensis,1,
Saimiri sciureus,1,
Salvelinus fontinalis,1,
Sciurus variegatoides,1,
Sciurus vulgaris,1,
Sclerotinia nivalis,1,
Sclerotinia sclerotiorum ICMP 5472,1,
Sclerotinia sclerotiorum hypovirulent strain Ep-1PN,1,
Sclerotinia sclerotiorum isolate SX247,1,
Scylla serrata,1,
Sechium edule,1,
Senecio scandens,1,
Sergentomyia,1,
Serinus canaria,1,
Sicyonia brevirostris,1,
Silurus glanis,1,
Siniperca chuatsi,1,
Smallanthus sonchifolius,1,
Solanum aculeatissimum,1,
Solanum aethiopicum,1,
Solanum betaceum,1,
Solanum nodiflorum,1,
Solanum phureja,1,
Solanum torvum,1,
Solanum tuberosum cultivar Leona,1,
Solanum tuberosum cv. Nadine,1,
Solanum viarum,1,
Somatochlora meridionalis,1,
Sorex araneus,1,
Sorghum bicolor,1,
Stachytarpheta jamaicensis,1,
Stercorarius maccormicki,1,
Struthio camelus,1,
Sturnira lilium,1,
Sturnus vulgaris,1,
Sus scrofa domestica,1,
Sus scrofa domesticus breed Large White,1,
Taeniopygia guttata,1,
Tagetes patula,1,
Telosma cordata,1,
Testudo hermanni,1,
Testudo horsfieldii,1,
Thaumetopoea pityocampa,1,
Thelephora terrestris,1,
Thielaviopsis basicola,1,
Thielaviopsis basicola strain BK18,1,
Tholymis tillarga,1,
Thunbergia alata,1,
Thysanoplusia orichalcea,1,
Tipula oleracea,1,
Tolypocladium cylindrosporum,1,
Tramea lacerata,1,
Trematomus pennellii,1,
Triatoma infestans,1,
Trichoderma atroviride strain NFCF028,1,
Trichosurus vulpecula,1,
Trifolium repens,1,
Trifolium resupinatum,1,
Trifolium subterraneum,1,
Trisetum flavescens L.,1,
Triticum aestivum cultivar RonL,1,
Tulipa fosteriana cv. Mme Lefebvre,1,
Tupaia belangeri chinensis,1,
Turdus merula,1,
Uroderma bilobatum,1,
Urtica dioica,1,
Vaccinium corymbosum,1,
Varecia variegata,1,
Varroa destructor,1,
Varroa destructor mites,1,
Velarifictorus micado,1,
Vespertilio sinensis,1,
Vespula pensylvanica,1,
Vicia faba cv. Divine,1,
Vicia faba cv. Hangdown,1,
Vicugna pacos,1,
Vitis labruscana,1,
Vitis vinifera L.,1,
Vitis vinifera cultivar White Emperor,1,
Vitis vinifera cv. Mantilaria,1,
Vitis vinifera cv. Mauzac,1,
Vitis vinifera cv. Semillon,1,
Vitis vinifera cv. Syrah,1,
Vitis vinifera endophyte,1,
"Vitis vinifera, cultivar Dimrit",1,
Vulpes vulpes,1,
Wissadula,1,
Wisteria,1,
Wisteria sinensis,1,
Xanthocnemis zealandica,1,
Xanthophyllomyces dendrorhous,1,
Xenopus laevis,1,
Yacon,1,
Zantedeschia aethiopica,1,
Zinnia,1,
Zygodontomys brevicauda,1,
alfalfa,1,
allium,1,
apple,1,
artichoke,1,
asymptomatic piglets,1,
banana,1,
budgerigar,1,
cockroaches,1,
cowpea,1,
cucumber,1,
cucurbit,1,
deer,1,
dove,1,
fiddler crab,1,
fig,1,
finch,1,
gull,1,
hermit Crab,1,
hollyhock,1,
horseradish,1,
lettuce,1,
longan,1,
magpie-robin,1,
midge,1,
night-heron,1,
papaya,1,
peach,1,
penguin,1,
plaintain,1,
raccoon,1,
sentinel monkey,1,
sparrow,1,
switchgrass,1,
taro,1,
unidentified mosquitos,1,
verbena,1,
walrus,1,
white-eye,1,
zucchini,1,

TOTAL,5282,
