# Tool,VIDHOP
# Recomputed from,Y_train/Y_val/Y_test.csv summed across Influ_strict + Rabies_strict + Rota_strict (all 3 splits)
# Note,"51 species, grand total 263962 -- MATCHES original exactly (263,962); top values (Homo sapiens 136031, Sus scrofa 42440, Gallus gallus 27229...) all match."

Label (recomputed),"Count (recomputed, from scratch)",Match vs original_reported_labels.xlsx
Homo sapiens,136031,
Sus scrofa,42440,
Gallus gallus,27229,
Anas platyrhynchos,24996,
Canis lupus,5566,
Bos taurus,3516,
Arenaria interpres,3374,
Equus caballus,2469,
Anas discors,2243,
Meleagris gallopavo,2123,
Chroicocephalus ridibundus,1476,
Anas clypeata,1085,
Cairina moschata,990,
Anas acuta,778,
Anas crecca,727,
Vulpes vulpes,703,
Mephitis mephitis,692,
Anas carolinensis,659,
Procyon lotor,578,
Eptesicus fuscus,480,
Anas rubripes,346,
Larus argentatus,306,
Anser albifrons,291,
Leucophaeus atricilla,290,
Felis catus,279,
Tadarida brasiliensis,265,
Calidris canutus,250,
Mareca penelope,248,
Cygnus olor,242,
Struthio camelus,231,
Cygnus columbianus,221,
Tadorna ferruginea,204,
Anser fabalis,201,
Uria aalge,198,
Vulpes lagopus,198,
Desmodus rotundus,184,
Sibirionetta formosa,155,
Mareca americana,154,
Larus glaucescens,152,
Mareca strepera,132,
Calidris alba,127,
Branta canadensis,126,
Nyctereutes procyonoides,121,
Capra hircus,120,
Vicugna pacos,118,
Lasiurus borealis,116,
Artibeus lituratus,110,
Cygnus cygnus,110,
Anser indicus,105,
Calidris ruficollis,105,
Cerdocyon thous,102,

TOTAL,263962,
