# Tool,HostClassifier
# Recomputed from,"virus-host-datasets_v4.5.0.csv (58,055 rows), standardized_host column (finer species-level resolution than the host_category column the original harmonization used)"
# Note,"host_category is still used to bucket the 972 rows where standardized_host itself is null, and to set each species's default Detailed_scheme -- see build_master_labels.py curated tables."

Label (recomputed),"Count (recomputed, from scratch)",Match vs original_reported_labels.xlsx
Homo sapiens,31547,
Aedes,3656,
Bos taurus,2319,
Equus caballus,1823,
Ovis aries,1716,
Sus scrofa,1613,
Culex,973,
Gallus gallus domesticus,822,
Anas platyrhynchos,808,
Canis lupus familiaris,750,
Other (species not recorded),635,
Felis catus,431,
Procyon lotor,413,
Rattus norvegicus,347,
Zea mays,336,
Anser anser,327,
Oryza sativa,295,
Unknown,254,
Mus musculus,233,
Chiroptera,226,
Gallus gallus,219,
Simia,195,
Corvus brachyrhynchos,180,
Cervidae,175,
Capra hircus,173,
Meleagris gallopavo,172,
Oryctolagus cuniculus,167,
blank (host not recorded),166,MATCH (166)
Vulpes vulpes,145,
Culiseta melanura,133,
Salmo salar,130,
Cyanocitta cristata,123,
Rhipicephalus microplus,122,
Turdus merula,102,
Avian (species not recorded),100,
Aves,99,
Bubalus bubalis,96,
Natrix natrix,90,
Neovison vison,90,
Mammal (species not recorded),85,
Plant (species not recorded),81,
Culicoides,78,
Manis javanica,78,
Mephitis mephitis,74,
Oncorhynchus mykiss,74,
Anopheles,72,
Equus asinus,68,
Macaca mulatta,68,
Mephitidae,66,
arthropod,64,
Eptesicus serotinus,63,
plant,63,
Ixodes ricinus,58,
cell culture,56,
Pan troglodytes,50,
bird,48,
Insect (species not recorded),47,
Pelecanus erythrorhynchos,47,
Vulpes lagopus,42,
Ondatra zibethicus,39,
Ctenopharyngodon idellus,37,
Culiseta,37,
Ixodes scapularis,37,
Myotis daubentonii,37,
Eptesicus fuscus,36,
Arthropoda,34,
Ctenopharyngodon idella,34,
Odocoileus virginianus,34,
Triticum aestivum,34,
Equus ferus caballus,33,
Rhinolophus sinicus,33,
Solanum lycopersicum,33,
Phasianus colchicus,30,
Dermacentor silvarum,29,
Laodelphax striatellus,29,
Bos grunniens,27,
Camelus dromedarius,27,
Ochlerotatus camptorhynchus,27,
Syncerus caffer,27,
Apis mellifera,26,
Catostomus commersonii,25,
Psittacula krameri,25,
Cyprinus carpio,23,
Miniopterus schreibersii,23,
Penaeus vannamei,23,
Etheostoma fonticola,22,
Eucampsipoda africana,22,
Manis,22,
Sclerotinia sclerotiorum,22,
Antheraea assamensis,21,
Macaca,21,
Pteropus scapulatus,21,
Rhinolophus affinis,21,
Urocyon cinereoargenteus,21,
Canis familiaris,20,
Ixodes,20,
Macaca fascicularis,20,
Eucampsipoda sundaica,19,
Marmota himalayana,19,
Nilaparvata lugens,19,
Oncorhynchus tschawytscha,19,
Rhizomys pruinosus,19,
Amblyomma americanum,18,
Fish (species not recorded),18,
Chlorocebus,17,
Passer domesticus,17,
Bos indicus,16,
Culiseta sp.,16,
Rhinolophus pusillus,16,
Coquillettidia perturbans,15,
Crocodylus porosus,15,
Grus japonensis,15,
Ixodida,15,
Plant,15,
Ursus arctos,15,
unknown,15,
Amblyomma testudinarium,14,
Cryphonectria parasitica,14,
Culicoides obsoletus,14,
Leptonychotes weddellii,14,
Ochlerotatus vigilax,14,
Ornithodoros capensis,14,
Phocoena phocoena,14,
Ploceus vitellinus,14,
Tadarida brasiliensis,14,
Cairina moschata,13,
Eidolon helvum,13,
Haemaphysalis japonica,13,
Haemaphysalis qinghaiensis,13,
Melogale moschata,13,
Papio cynocephalus,13,
Pongo pygmaeus,13,
Pteropus alecto,13,
Scophthalmus maximus,13,
Accipiter gentilis,12,
Bison bison,12,
Canis lupus,12,
Chlorocebus sabaeus,12,
Cnidium officinale,12,
Elephas maximus,12,
Homalodisca vitripennis,12,
Myodes glareolus,12,
Panthera tigris,12,
Penaeus monodon,12,
Pteropus hypomelanus,12,
Pteropus vampyrus,12,
Rhinolophus ferrumequinum,12,
Acheta domesticus,11,
Canis aureus,11,
Citrus sinensis,11,
Lepus granatensis,11,
Marmota monax,11,
Melopsittacus undulatus,11,
Micromonas pusilla,11,
Oncorhynchus kisutch,11,
Pica pica,11,
skunk,11,
undefined,11,
Aedes circumluteolus,10,
Agapornis roseicollis,10,
Ailuropoda melanoleuca,10,
Anopheles funestus,10,
Boa constrictor,10,
Bombyx mori,10,
Boophilus sp.,10,
Bubo virginianus,10,
Buteo jamaicensis,10,
Caracal caracal,10,
Cervus elaphus,10,
Choristoneura occidentalis,10,
Dendrolimus punctatus,10,
Dendrolimus sibiricus,10,
Erethizon dorsatum,10,
Erinnyis ello,10,
Eumeces schneideri,10,
Hippobosca equina,10,
Iguana iguana,10,
Mastomys natalensis,10,
Morelia spilota,10,
Neogobius melanostomus,10,
Ochlerotatus canadensis,10,
Ochotona curzoniae,10,
Oryzomys goeldi,10,
Panthera leo,10,
Psammotettix alienus,10,
Scotinophara lurida,10,
Solanum melongena,10,
Sorex coronatus,10,
Strix nebulosa,10,
Thyrinteina arnobia,10,
Argas cooleyi,9,
Capra aegagrus hircus,9,
Culicidae,9,
Gorilla gorilla,9,
Heliothis armigera,9,
Hypsipetes amaurotis,9,
Melanerpes carolinus,9,
Meriones unguiculatus,9,
Miniopterus pusillus,9,
Molossus molossus,9,
Paguma larvata,9,
Papio,9,
Rhinolophus pearsonii,9,
Sciurus carolinensis,9,
Vicugna pacos,9,
Alectoris rufa,8,
Canis mesomelas,8,
Coracias garrulus,8,
Desmodus rotundus,8,
Haemagogus janthinomys,8,
Haemaphysalis concinna,8,
Hipposideros sp.,8,
Hylobatidae,8,
Lasionycteris noctivagans,8,
Medicago sativa,8,
Micropterus salmoides,8,
Pygoscelis adeliae,8,
Quiscalus quiscula,8,
Spodoptera frugiperda,8,
Agapornis fischeri,7,
Alouatta guariba clamitans,7,
Artibeus planirostris,7,
Callithrix jacchus,7,
Colobus guereza,7,
Culex pipiens,7,
Cygnus olor,7,
Dorosoma cepedianum,7,
Loxodonta africana,7,
Marsupialia,7,
Oncorhynchus keta,7,
Paralichthys olivaceus,7,
Perca flavescens,7,
Pipistrellus pipistrellus,7,
Pteropus poliocephalus,7,
Rhinolophus simulator,7,
Solanum tuberosum,7,
Tenebrio molitor,7,
Zophobas morio,7,
fish,7,
Acridotheres tristis,6,
Aedes aegypti,6,
Anser caerulescens,6,
Apodemus flavicollis,6,
Canis latrans,6,
Capreolus capreolus,6,
Chlorocebus pygerythrus,6,
Citrus × sinensis,6,
Dermacentor nuttalli,6,
Dobsonia moluccensis,6,
Felis silvestris,6,
Fragaria × ananassa,6,
Haemaphysalis hystricis,6,
Hipposideros cf. ruber,6,
Hipposideros pomona,6,
Ixodes persulcatus,6,
Lepomis macrochirus,6,
Macaca nemestrina,6,
Mazama nana,6,
Melanogrammus aeglefinus,6,
Meles meles,6,
Miniopterus schreibersi,6,
Nasua narica,6,
Neophocaena asiaeorientalis asiaeorientalis,6,
Nephotettix cincticeps,6,
Nicotiana benthamiana,6,
Ornithodoros savignyi,6,
Pavo cristatus,6,
Pipistrellus abramus,6,
Planta,6,
Plantae,6,
Procyonidae,6,
Pteropus conspicillatus,6,
Rangifer tarandus,6,
Rhipicephalus sanguineus,6,
Struthio camelus,6,
Sus scrofa domesticus,6,
marsupial,6,
pangolin,6,
raccoon,6,
tick,6,
Ailurus fulgens,5,
Alouatta guariba,5,
Anguilla anguilla,5,
Apodemus agrarius,5,
Argas arboreus,5,
Bassariscus astutus,5,
Branta canadensis,5,
Clerodendrum sp.,5,
Diadromus pulchellus,5,
Falco sparverius,5,
Grus nigricollis,5,
Haemagogus leucocelaenus,5,
Haliaeetus leucocephalus,5,
Hyalomma asiaticum,5,
Miniopterus fuliginosus,5,
Mus musculoides,5,
Neophema chrysogaster,5,
Nyctereutes procyonoides,5,
Ochlerotatus caspius,5,
Other,5,
Pan paniscus,5,
Pimephales promelas,5,
Psittacus erithacus,5,
Pteropus giganteus,5,
Pteropus lylei,5,
Rhinolophus monoceros,5,
Rupicapra rupicapra,5,
Scotophilus kuhlii,5,
Serinus canaria,5,
Tupaia chinensis,5,
Zalophus californianus,5,
Zenaida macroura,5,
Acerodon celebensis,4,
Actinopterygii,4,
Ailanthus altissimus,4,
Alces alces,4,
Anas platyrhynchos domesticus,4,
Anatidae,4,
Apodemus sylvaticus,4,
Budorcas taxicolor tibetana,4,
Callithrix penicillata,4,
Callosciurus erythraeus,4,
Callosciurus prevostii,4,
Carpodacus mexicanus,4,
Cavia porcellus,4,
Cell Culture,4,
Centropristis striata,4,
Chelonia mydas,4,
Ciconia ciconia,4,
Coquillettidia sp.,4,
Coturnix japonica,4,
Crithagra flaviventris,4,
Crocidura attenuata,4,
Crocidura olivieri,4,
Dermacentor andersoni,4,
Diachasmimorpha longicaudata,4,
Eidolon dupreanum,4,
Eptesicus furinalis,4,
Euplectes afra,4,
Frankliniella intonsa,4,
Fungi,4,
Giraffa camelopardalis,4,
Glycine max,4,
Haemorhous mexicanus,4,
Halyomorpha halys,4,
Hg. janthinomys,4,
Hipposideros commersoni,4,
Ilex paraguariensis,4,
Ipomoea purpurea,4,
Ixodes pavlovskyi,4,
Lampyris noctiluca,4,
Lissotriton vulgaris,4,
Macaca cynomolgus,4,
Macropus giganteus,4,
Marmota caudata,4,
Martes americana,4,
Mustela vison,4,
Myotis ricketti,4,
Ochlerotatus procax,4,
Papio anubis,4,
Phalacrocorax carbo,4,
Phrynocephalus erythrurus,4,
Psittacula eupatria,4,
Pteropus sp.,4,
Rhipicephalus bursa,4,
Rusa timorensis,4,
Saimiri sciureus,4,
Sambucus nigra,4,
Siniperca chuatsi,4,
Sorex araneus,4,
Sorex minutus,4,
Vulpes,4,
fungi,4,
wild bird,4,
Acrocephalus dumetorum,3,
Alouatta,3,
Alouatta caraya,3,
Alouatta sp.,3,
Anas,3,
Anser cygnoides,3,
Anseriformes,3,
Apis cerana,3,
Aplodinotus grunniens,3,
Boophilus,3,
Cardinalis cardinalis,3,
Carduelis carduelis,3,
Cebus apella,3,
Cell culture,3,
Cercopithecus aethiops,3,
Channa argus,3,
Chlorocebus aethiops,3,
Chlorocebus sp.,3,
Columba livia,3,
Columbidae,3,
Copsychus saularis,3,
Coquillettidia,3,
Corvus,3,
Corvus frugilegus,3,
Corvus sp.,3,
Corvus splendens,3,
Crocodylus niloticus,3,
Crocuta crocuta,3,
Danio rerio,3,
Delphinapterus leucas,3,
Dermacentor marginatus,3,
Enhydra lutris kenyoni,3,
Equus,3,
Erythrura gouldiae,3,
Eudromia elegans,3,
Falco tinnunculus,3,
Fenneropenaeus chinensis,3,
Fish,3,
Gadus morhua,3,
Helleborus,3,
Hipposideros armiger,3,
Hyalomma marginatum,3,
Hydrellia griseola,3,
Lagopus lagopus scotica,3,
Larus delawarensis,3,
Lontra canadensis,3,
Malus domestica,3,
Melophagus ovinus,3,
Microtus oeconomus,3,
Midges,3,
Mimus polyglottos,3,
Miniopterus magnater,3,
Myiopsitta monachus,3,
Myotis dasycneme,3,
Myotis nigricans,3,
Nestor notabilis,3,
Nomascus leucogenys,3,
Nyctinomops laticaudatus,3,
Ochlerotatus sollicitans,3,
Ochlerotatus sp.,3,
Operophtera brumata,3,
Passeriformes,3,
Pelodiscus sinensis,3,
Perca fluviatilis,3,
Phalacrocorax auritus,3,
Phocidae,3,
Phodopus sungorus,3,
Pionites melanocephalus,3,
Pogona vitticeps,3,
Poicephalus senegalus,3,
Praomys jacksoni,3,
Proteles cristata,3,
Psorophora ferox,3,
Pygoscelis papua,3,
Rhinella marina,3,
Rhinolophus blasii,3,
Ribes nigrum,3,
Rubus idaeus,3,
Sciurus vulgaris,3,
Sorex bedfordiae; Blarinella griselda; Anourosorex squamipes; Uropsilus soricipes,3,
Spilogale putorius,3,
Sternula antillarum,3,
Streptopelia chinensis,3,
Sturnus vulgaris,3,
Talpa europaea,3,
Testudo graeca,3,
Tetragnatha nitens,3,
Trematomus bernacchii,3,
Tupaia glis,3,
Unspecified bird,3,
Varecia variegata,3,
Verallina carmenti,3,
hard ticks,3,
striped skunk,3,
Acipenser transmontanus,2,
Acridotheres ginginianus,2,
Acrocephalus schoenbaeus,2,
Adoxophyes honmai,2,
Agapanthus sp.,2,
Ailanthus altissima,2,
Akodon montensis,2,
Alcelaphinae,2,
Allium sativum,2,
Alveonasus lahorensis,2,
Amazona farinosa,2,
Amblyomma javanense,2,
Anas rubripes,2,
Andropadus virens,2,
Anomala cuprea,2,
Anourosorex squamipes,2,
Anthracoceros albirostris,2,
Antilocapra americana,2,
Aotus trivirgatus,2,
Aotus vociferans,2,
Argopecten irradians,2,
Artemisia capillaris,2,
Artibeus jamaicensis,2,
Ateles,2,
Ateles paniscus,2,
Baeolophus bicolor,2,
Bettongia penicillata,2,
Bos frontalis,2,
Broussonetia papyrifera,2,
Buffalo,2,
Buteo swainsoni,2,
Canis lupus signatus,2,
Capra aegagrus,2,
Caretta caretta,2,
Carica papaya,2,
Carollia perspicillata,2,
Castor canadensis,2,
Cebus albifrons,2,
Cebus capucinus imitator,2,
Centruroides exilicauda,2,
Cercopithecus erythrotis,2,
Cerdocyon thous,2,
Cervus elaphus X Cervus canadensis,2,
Chilo suppressalis,2,
Choristoneura biennis,2,
Choristoneura rosaceana,2,
Chrysanthemum x morifolium,2,
Chrysura austriaca,2,
Chrysura radians,2,
Circus aeruginosus,2,
Citrus,2,
Citrus aurantium,2,
Citrus reticulata,2,
Citrus sp.,2,
Civettictis civetta,2,
Clethrionomys glareolus,2,
Clethrionomys rufocanus,2,
Conepatus leuconotus,2,
Connochaetes taurinus,2,
Coquillettidia linealis,2,
Coquillettidia maculipennis,2,
Corvus corax,2,
Corvus corone,2,
Corvus monedula,2,
Corvus ossifragus,2,
Corynorhinus rafinesquii,2,
Coturnix coturnix,2,
Cracticus torquatus,2,
Crustacean (species not recorded),2,
Cryptoblepharus virgatus,2,
Cucumis sativus,2,
Cucurbita pepo,2,
Culiseta morsitans,2,
Cyanistes caeruleus,2,
Cyclopterus lumpus,2,
Damaliscus lunatus jimela,2,
Daphnia pulicaria,2,
Dermacentor everestianus,2,
Dermacentor reticulatus,2,
Diaphorina citri,2,
Diatraea saccharalis,2,
Didelphimorphia,2,
Diomedea sanfordi,2,
Dromaius novaehollandiae,2,
Drosophila melanogaster,2,
Drosophila obscura,2,
Dryophytes cinereus,2,
Elettaria cardamomum,2,
Eleutheronema tetradactylus,2,
Enhydra lutris,2,
Enhydra lutris nereis,2,
Eptesicus regulus,2,
Equus asinus africanus,2,
Erinaceus europaeus,2,
Eriocheir sinensis,2,
Esox lucius,2,
Esox masquinongy,2,
Eumops bonariensis,2,
Euplectes afer,2,
Falco vespertinus,2,
Felis domesticus,2,
Forpus coelestis,2,
Fragaria x ananassa,2,
Fragaria x ananassa cv. Cacanska Rana,2,
Francolinus leucoscepus,2,
Fringillidae,2,
Fulmarus glacialis,2,
Fungi (species not recorded),2,
Gasterosteus aculeatus,2,
Glis glis,2,
Gymnorhina tibicen,2,
Haemagogus,2,
Helicoverpa armigera,2,
Heloderma horridum,2,
Hemidactylus frenatus,2,
Heteromys janthinomys,2,
Hibiscus rosa-sinensis,2,
Himantopus leucocephalus,2,
Hipposideros,2,
Hipposideros gigas,2,
Hipposideros larvatus,2,
Hipposideros vittatus,2,
Hyalomma anatolicum anatolicum,2,
Hyalomma scupense,2,
Indotestudo forsteni,2,
Ischnura senegalensis,2,
Isoodon obesulus,2,
Ixodidae,2,
Lactuca sativa,2,
Lagenorhynchus albirostris,2,
Lagothrix lagotricha,2,
Larus smithsonianus,2,
Lasiurus borealis,2,
Lasiurus intermedius,2,
Litopenaeus vannamei,2,
Lonchura maja,2,
Loriidae,2,
Lutzomyia flaviscutellata,2,
Lymantria dispar,2,
Lynx rufus,2,
Macaca silenus,2,
Macaca tonkeana,2,
Macrobrachium rosenbergii,2,
Macropus fuliginosus,2,
Mastomys coucha,2,
Merlangius merlangus,2,
Microcebus murinus,2,
Micropterus dolomieu,2,
Microtus arvalis,2,
Morelia spilota spilota,2,
Morone chrysops,2,
Morus,2,
Murine,2,
Mustela putorius furo,2,
Myocastor coypus,2,
Myotis altarium,2,
Myotis chinensis,2,
Myotis davidii,2,
Myotis horsfieldii,2,
Myotis laniger,2,
Myotis myotis,2,
Myotis nattereri,2,
Myotis nattererii,2,
Myzus persicae,2,
Nanorana parkeri,2,
Neacomys spinosus,2,
Neophema elegans and Neophema splendida,2,
Neotoma lepida,2,
Nomascus gabriellae,2,
Null,2,
Nycticebus coucang,2,
Ochlerotatus cantans,2,
Ochlerotatus cantator,2,
Ochlerotatus communis,2,
Ochlerotatus fulvus,2,
Ochlerotatus hexodontus,2,
Ochlerotatus sticticus,2,
Ochlerotatus triseriatus,2,
Ochlerotatus trivittatus,2,
Odocoileus hemionus,2,
Odocoileus hemionus columbianus,2,
Oeciacus vicarius,2,
Oncorhynchus,2,
Orchidaceae,2,
Orychophragmus violaceus,2,
Oryzomys sp.,2,
Otocyon megalotis,2,
Pan troglodites troglodites,2,
Papio hamadryas anubis,2,
Papio ursinus,2,
Parabuteo unicinctus,2,
Parastrellus hesperus,2,
Parus major,2,
Passiflora edulis,2,
Perameles bougainville,2,
Philander opossum,2,
Philantomba maxwellii,2,
Philantomba monticola,2,
Phoca vitulina,2,
Phocoena spinipinnis,2,
Phodopus roborovskii,2,
Phoenicoparrus minor,2,
Physostegia,2,
Planococcus citri,2,
Ploceus melanocephalus,2,
Poicephalus rufiventris,2,
Pongo abelii,2,
Potamochoerus porcus,2,
Prionailurus viverrinus,2,
Prunus persica,2,
Pseudoplusia includens,2,
Psittacara leucophthalmus,2,
Psychodidae,2,
Pteronotus parnellii,2,
Puma concolor,2,
Pygoscelis antarctica,2,
Rangifer tarandus tarandus,2,
Rhinolophus alcyone,2,
Rhinolophus hildebrandtii,2,
Rhinolophus sp.,2,
Rhinolophus thomasi,2,
Rhinopithecus roxellana,2,
"Rhipicephalus microplus, Amblyomma variegatum",2,
Rosa hybrid cultivar 'Hugh Dickson',2,
Rousettus madagascariensis,2,
Sabethes intermedius,2,
Saimiri boliviensis,2,
Saimiri boliviensis boliviensis,2,
Sapajus libidinosus,2,
Sapajus xanthosternos,2,
Sciuridae,2,
Sigmodon hispidus,2,
Smilax auriculata,2,
Solanum aculeatissimum,2,
Solanum nigrum,2,
Solenopsis invicta,2,
Sonchus oleraceus,2,
Sorghum bicolor,2,
Spinus tristis,2,
Stachys affinis,2,
Stercorarius maccormicki,2,
Sternula,2,
Sturnira lilium,2,
Styphnolobium japonicum,2,
Sylvia curraca,2,
Sylvia curruca,2,
Taeniopygia guttata,2,
Taphozous melanopogon,2,
Taraxacum,2,
Testudo horsfieldii,2,
Testudo sp.,2,
Thunbergia alata,2,
Tragelaphus strepsiceros,2,
Trematomus pennellii,2,
Trichoplusia ni,2,
Turdus hortulorum,2,
Turdus pallidus,2,
Tursiops truncatus,2,
Uropsilus sp.,2,
Vespertilio sinensis,2,
Vinca major,2,
Vireo olivaceus,2,
Zonotrichia albicollis,2,
arthropoda,2,
grass carp,2,
mink,2,
unspecified arthropod,2,
unspecified bird,2,
wild duck,2,
Acanthorhynchus tenuirostris,1,
Accipiter cooperii,1,
Accipiter nisus,1,
Accipiter striatus,1,
Accipitridae,1,
Acinonyx jubatus,1,
Acomys wilsoni,1,
Acrida cinerea,1,
Actinidia deliciosa,1,
Actitis macularius,1,
Aedes luteocephalus,1,
Aegithalos caudatus,1,
Agave sp.,1,
Agelaius phoeniceus,1,
Agrotis ipsilon,1,
Alcelaphini,1,
Alcelaphus buselaphus,1,
Alces americanus,1,
Alectoris chukar,1,
Alectoris graeca,1,
Aleutian,1,
Alouatta seniculus,1,
Amazona,1,
Amazona sp.,1,
Ambloplites rupestris,1,
Amblyomma variegatum,1,
Amphibian (species not recorded),1,
Anas chiloensis,1,
Anas sp.,1,
Anatinae,1,
Anguilla japonica,1,
Anser,1,
Anser anser domesticus,1,
Antheraea mylitta,1,
Anthriscus sylvestris,1,
Antrozous pallidus,1,
Apodemus chevrieri,1,
Apodemus peninsulae,1,
Ara chloroptera,1,
Arctocephalus forsteri,1,
Ardeidae,1,
Ardenna carneipes,1,
Ardenna pacifica,1,
Argas (Persicargas) arboreus,1,
Argiope bruennichi,1,
Aristolochia giberti,1,
Armigeres,1,
Arthropod,1,
Aselliscus stoliczkanus,1,
Asio flammeus,1,
Asio otus,1,
Atelerix albiventris,1,
Atlantic salmon,1,
Axis axis,1,
BHK-21 cell lysate,1,
Balaenopteridae,1,
Balearica regulorum,1,
Beta vulgaris,1,
Beta vulgaris subsp. vulgaris,1,
Betta splendens,1,
Bison bonasus,1,
Bivalvia,1,
Blattella germanica,1,
Boana pugnax,1,
Bonasa umbellus,1,
Boselaphus tragocamelus,1,
Botrytis cinerea,1,
Branta ruficollis,1,
Bubo bengalensis,1,
Bubulcus ibis,1,
Buteo buteo,1,
Buteo regalis,1,
Bycanistes fistulator sharpii,1,
Calidris alba,1,
Callicebus nigrifrons,1,
Callithrix pygmaea,1,
Calomys tener,1,
Camelus,1,
Canis lupus lupus,1,
Canis lupus rufus,1,
Canis simensis,1,
Capreolus pygargus,1,
Capsicum,1,
Carassius auratus,1,
Carduelis tristis,1,
Castor fiber,1,
Cebus,1,
Cervus canadensis,1,
Cervus canadensis nelsoni,1,
Chaerephon pumila,1,
Chaetodipus spinatus,1,
Chalinolobus gouldii,1,
Channa striata,1,
Channa striatus,1,
Charadrius melodus,1,
Chelidonium majus,1,
Chimaera monstrosa,1,
Chimaera sp.,1,
Chironectes minimus,1,
Chlorion hirtum,1,
Chlorocebus sclateri,1,
Ciconiidae,1,
Cirsium,1,
Clerodendrum,1,
Clerodendrum trichotomum,1,
Colocasia,1,
Colocasia esculenta,1,
Coloeus monedula,1,
Columba,1,
Common marmoset,1,
Connochaetes taurinus taurinus,1,
Conocephalus maculatus,1,
Coquillettidia nigricans,1,
Coracopsis vasa,1,
Coriandrum sativum,1,
Corvus bennetti,1,
Crangon crangon,1,
Crepidiastrum denticulatum,1,
Crocidura,1,
Crocidura lasiura,1,
Crocidura shantungensis,1,
Crocidura sp.,1,
Crocodilurus amazonicus,1,
Culex pulicaris,1,
Culicoides pulicaris,1,
Curruca curruca,1,
Cyanocitta,1,
Cygnus buccinator,1,
Cygnus cygnus,1,
Cynopterus brachyotis,1,
Cyprinidae,1,
Cyprinus carpio nudus,1,
Danaus plexippus,1,
Danaus plexippus plexippus,1,
Daphne odora,1,
Daphnia pulex,1,
Dasymys incomtus,1,
Dasyprocta leporina,1,
Daucus carota,1,
Deinocerites,1,
Delphinus delphis,1,
Dendrochilum magnum,1,
Dendrocopos leucotos,1,
Dendrocopos major,1,
Diatom,1,
Didelphis aurita,1,
Dioscorea cayenensis subsp. rotundata,1,
Dipodomys simulans,1,
Drosophila suzukii,1,
Dumetella carolinensis,1,
Dusicyon sp.,1,
Eclectus roratus,1,
Egretta garzetta,1,
Empidonax alnorum,1,
Eolophus roseicapillus,1,
Eotetranychus kankitus,1,
Epomophorus wahlbergi,1,
Eptesicus isabellinus,1,
Equus ferus,1,
Equus hemionus onager,1,
Equus quagga,1,
Erythrocebus patas,1,
Eudocimus,1,
Euphagus cyanocephalus,1,
Falco sp.,1,
Falconidae,1,
Formicarius analis,1,
Fragaria vesca,1,
Fundulus heteroclitus heteroclitus,1,
Fusarium graminearum,1,
Fusarium sacchari,1,
Galinsoga parviflora,1,
Gammarus chevreuxi,1,
Gammarus pulex,1,
Gazella thomsoni,1,
Geothlypis trichas,1,
Gerbilliscus kempi,1,
Glauconycteris,1,
Glauconycteris sp.,1,
Globodera pallida,1,
Gopherus berlandieri,1,
Grallina cyanoleuca,1,
Graphiurus cf. kelleni,1,
Gruidae,1,
Grus americana,1,
Gryllus bimaculatus,1,
Gryllus sigillatus,1,
Guaruba guarouba,1,
Gymnogyps californianus,1,
Gymnopithys rufigula,1,
Haemaphysalis bancrofti,1,
Haemaphysalis flava,1,
Haemaphysalis papuana,1,
Haemaphysalis spinigera,1,
Haematopus leucocelaenus,1,
Haemophysalis concinna,1,
Halichoerus grypus,1,
Haliclona sp.,1,
Heliothis assulta,1,
Herpetotheres cachinnans,1,
Heterobasidion parviporum,1,
Hg. leucocelaenus,1,
Himatione sanguinea,1,
Hyaena hyaena,1,
Hyalomma dromedarii,1,
Hypsugo savii,1,
Hystrix cristata,1,
Ia io,1,
Icterus spurius,1,
Ictinia mississippiensis,1,
Idiosepius notoides,1,
Inachis io,1,
Insect,1,
Insecta,1,
Ixodes cookei,1,
Ixodes granulatus,1,
Ixodes sp.,1,
Junonia coenia,1,
Lagenorhynchus acutus,1,
Laridae,1,
Larus michahellis,1,
Larus occidentalis,1,
Lasiohelea taiwana,1,
Lasiurus cinereus,1,
Lasiurus seminolus,1,
Lasiurus xanthinus,1,
Lemniscomys striatus,1,
Lemur catta,1,
Leopardus guigna,1,
Leopardus wiedii,1,
Lepomis gibbosus,1,
Lepus corsicanus,1,
Leucosticte brandti,1,
Lontra lutra,1,
Lutjanus campechanus,1,
Lutzomyia abonnenci,1,
Lycium barbarum,1,
Lynx canadensis,1,
Macaca radiata,1,
Macaca sylvanus,1,
Macroptilium longipedunculatum,1,
Macropus agilis,1,
Macropus parma,1,
Macropus rufogriseus,1,
Mammal,1,
Mandrillus leucophaeus,1,
Manis sp.,1,
Marmota marmota,1,
Martes flavigula chrysospila,1,
Martes foina,1,
Megadyptes antipodes,1,
Melanitta nigra,1,
Mellivora capensis,1,
Mesocricetus auratus,1,
Microcebus griseorufus,1,
Microtus agrestis,1,
Microtus maximowiczii,1,
Mimus,1,
Miniopterus,1,
Miniopterus natalensis,1,
Mirabilis jalapa,1,
Molothrus,1,
Mops condylurus,1,
Mops pumilus,1,
Multiple Insectivora species,1,
Mus sp.,1,
Mustela putorius,1,
Myotis austroriparius,1,
Myotis capaccinii,1,
Myotis cf.,1,
Myotis emarginatus,1,
Myotis macrodactylus,1,
Myotis pequinius,1,
Myotis pilosus,1,
Myzus persicae nicotianae,1,
Neochmia ruficauda,1,
Neochmia temporalis,1,
Neodon leucurus,1,
Neopsephotus bourkii,1,
Ninox boobook,1,
Niviventer fulvescens,1,
Niviventer huang,1,
Notropis atherinoides,1,
Numida meleagris,1,
Nyctalus noctula,1,
Nymphicus hollandicus,1,
Ochlerotatus atlanticus,1,
Ochlerotatus caballus,1,
Ochlerotatus eidsvoldensis,1,
Ochlerotatus excrucians,1,
Ochlerotatus infirmatus,1,
Ochlerotatus sagax,1,
Ochlerotatus scapularis,1,
Ochlerotatus theobaldi,1,
Ochotona alpina,1,
Odorrana tormota,1,
Okapia johnstoni,1,
Oncorhynchus spp.,1,
Oncorhynchus tshawytscha,1,
Onychostruthus taczanowskii,1,
Orcinus orca,1,
Oreochromis niloticus,1,
Oreochromis sp.,1,
Ornithodoros caniceps,1,
Ovibos moschatus,1,
Pan troglodites verus,1,
Panolia siamensis,1,
Panthera onca,1,
Panthera pardus,1,
Papio ursinus orientalis,1,
Paradoxurus zeylonensis,1,
Paris polyphylla var. yunnanensis,1,
Passer montanus,1,
Passerella iliaca,1,
Passerina cyanea,1,
Passiflora,1,
Pastinaca sativa,1,
Pelecanus,1,
Pelecanus occidentalis,1,
Penaeus stylirostris,1,
Pentaneurella katterjokki,1,
Percidae,1,
Perimyotis subflavus,1,
Peromyscus crinitus,1,
Phalaenopsis,1,
Phaseolus vulgaris,1,
Phasianidae,1,
Phlebotominae,1,
Phlebotomus,1,
Phlebotomus duboscq and Sergentomyia sp.,1,
Phoca,1,
Phoca hispida,1,
Phoenicopterus,1,
Phoenicopterus roseus,1,
Pholidota,1,
Pica hudsonia,1,
Picris,1,
Piliocolobus tephrosceles,1,
Pinicola enucleator,1,
Pionites leucogaster,1,
Pipistrellus kuhlii,1,
Pittosporum,1,
Pittosporum tobira,1,
Plants,1,
Platichthys flesus,1,
Platycercus elegans,1,
Platycercus eximius,1,
Pleuronectes platessa,1,
Plumbago indica,1,
Podargus strigoides,1,
Podiceps cristatus,1,
Poecile atricapilla,1,
Poecile montanus,1,
Poecile palustris,1,
Poephila personata,1,
Pogostemon cablin,1,
Polygonum persicaria,1,
Potos flavus,1,
Proechimys,1,
Proechimys semispinosus,1,
Propithecus diadema,1,
Proscyllium habereri,1,
Prunella modularis,1,
Psathyromyia abonnenci,1,
Psittaciformes,1,
Psittacula sp.,1,
Psorophora,1,
Psorophora albigenu,1,
Psorophora albipes,1,
Psorophora sp.,1,
Pterodroma cookii,1,
Pteroglossus viridis,1,
Pteropus,1,
Pteropus rufus,1,
Pusa hispida,1,
Pygoscelis antarcticus,1,
Pyrrhura picta,1,
Pyxis arachnoides,1,
Quiscalus,1,
Quiscalus major,1,
Ramphocelus carbo,1,
Reptile (species not recorded),1,
Rhabdomys pumilio,1,
Rhesus macaque,1,
Rhinolophidae,1,
Rhinolophus macrotis,1,
Rhinolophus pearsoni,1,
Rhipicephalus haemaphysaloides,1,
Rhipicephalus microplus/Amblyomma variegatum,1,
Rhipicephalus muhsamae,1,
Rhizoctonia solani,1,
Rudbeckia sp.,1,
Rusa alfredi,1,
Sabethes belisarioi,1,
Sabethes sp.,1,
Saccharum,1,
Saccharum spp.,1,
Saguinus,1,
Salmo carpio,1,
Salmo trutta,1,
Salmo trutta fario,1,
Salmonidae,1,
Salvelinus fontinalis,1,
Sander vitreus,1,
Sapajus apella,1,
Sarcococca,1,
Sarcophilus harrisii,1,
Schistocephalus solidus,1,
Sciurus griseus,1,
Sciurus niger,1,
Seiurus aurocapilla,1,
Semnopithecus entellus,1,
Serpentes,1,
Serranus cabrilla,1,
Setophaga coronata,1,
Sibine fusca,1,
Sitobion miscanthi,1,
Sogatella furcifera,1,
Solanum villosum,1,
Somateria mollissima,1,
Sorex sp.,1,
Spermophilus parryii,1,
Stenodermatinae,1,
Sterna dougallii,1,
Sterna hirundo,1,
Streptopelia decaocto,1,
Streptopelia orientalis,1,
Strigiformes,1,
Strix nebulosa lapponica,1,
Strix varia,1,
Sundamys muelleri,1,
Sylvilagus floridanus,1,
Tachybaptus ruficollis,1,
Taenia hydatigena,1,
Talipariti tiliaceum,1,
Tatera,1,
Threskiornithinae,1,
Tick,1,
Tipula scripta,1,
Trachops cirrhosus,1,
Trichosanthes kirilowii,1,
Trichosurus vulpecula,1,
Triodia sylvina,1,
Tscherskia triton,1,
Tupaia,1,
Tupaia belangeri chinensis,1,
Tupaiidae,1,
Turdus cardis,1,
Turdus philomelos,1,
Turdus pilaris,1,
Turkey,1,
Tursiops aduncus,1,
Uncia uncia,1,
Unknown Marsupial,1,
Unknown arthropod,1,
Unspecified marsupial,1,
Unspecified skunk,1,
Uraeginthus granatina,1,
Uranotaenia geometrica,1,
Uria aalge,1,
Urocitellus parryii,1,
Varroa destructor,1,
Varroa jacobsoni,1,
Verallina funerea,1,
Vermivora celata,1,
Vero cells,1,
Verrallina,1,
Verrallina sp.,1,
Vespertilio pipistrellus,1,
Vini kuhlii,1,
Viola arvensis,1,
Vireo griseus,1,
Viverridae,1,
Vultur gryphus,1,
Zanthoxylum,1,
Zenaida,1,
Zonotrichia,1,
Zonotrichia leucophrys,1,
Zoothera dauma,1,
Zosterops,1,
alcelaphine,1,
animal,1,
blackbird,1,
chicken,1,
flea,1,
goshawk,1,
goslings,1,
holstein calf,1,
kiwifruit,1,
lamb,1,
lapine,1,
macrophytes,1,
panda,1,
paper bush,1,
red fox,1,
red hybrid tilapia,1,
red-crowned crane,1,
salmon,1,
squirrel,1,
unspecified black-necked crane,1,
woodchuck,1,

TOTAL,58055,
