# Tool,SPHAK
# Recomputed from,"animal_train.csv + plant_train.csv, Host column (finer species-level resolution than the Host_agg column the original harmonization used for animals, and than the plain row-count-only treatment it used for plants)"
# Note,"260 animal species + 371 plant species, 13570 records total (10094 animal + 3476 plant). Host->Host_agg is a clean 1:1 mapping in both files, no ambiguity."

Label (recomputed),"Count (recomputed, from scratch)",Match vs original_reported_labels.xlsx
Homo sapiens,5480,
Gallus gallus,922,
Sus scrofa,740,
Solanum lycopersicum,597,
Anatidae,361,
Leptonychotes weddellii,293,
Manihot esculenta,238,
Anas platyrhynchos,219,
Columbidae,163,
Abelmoschus esculentus,157,
Canis lupus familiaris,134,
Zea mays,125,
Felis catus,123,
Aves,92,
Gossypium hirsutum,89,
Lynx rufus,89,
Bos taurus,85,
Medicago sativa,84,
Cicer arietinum,76,
Meleagris gallopavo,74,
Equus caballus,71,
Vitis vinifera,67,
Capsicum,59,
Ipomoea batatas,59,
Capsicum annuum,58,
Cucumis sativus,55,
Vigna radiata,46,
Carica papaya,44,
Triticum aestivum,44,
Anas carolinensis,41,
Glycine max,41,
Nicotiana tabacum,41,
Capsicum annuum var. glabriusculum,38,
Anas crecca,37,
Beta vulgaris,37,
Camelus dromedarius,35,
Euphorbia heterophylla,35,
Caracal caracal,33,
Digitaria setigera,33,
Musa sp.,33,
Citrullus lanatus subsp. vulgaris,32,
Feliformia,32,
Lynx canadensis,31,
Spatula clypeata,31,
Solanum tuberosum,30,
Passiflora edulis,29,
Saccharum officinarum,29,
Ipomoea indica,28,
Scotophilus kuhlii,28,
Pipistrellus abramus,26,
Cucurbita pepo,25,
Mustela lutreola,25,
Phaseolus vulgaris,24,
Solanum melongena,24,
Ageratum conyzoides,23,
Rhinolophus affinis,23,
Cucurbita,22,
Chiroptera,21,
Malvastrum coromandelianum,21,
Cnidoscolus urens,20,
Musa acuminata,20,
Arenaria interpres,19,
Cucumis melo,19,
Anas acuta,18,
Musa,18,
Puma concolor,18,
Rhinolophus sinicus,18,
Sus scrofa domesticus,18,
Brassica rapa var. rapa,17,
Hordeum vulgare,17,
Sibirionetta formosa,17,
Anseriformes,16,
Prunus avium,16,
Tylonycteris pachypus,16,
Cairina moschata,15,
Capra hircus,15,
Fabaceae,15,
Galliformes,15,
Spatula discors,15,
Vigna unguiculata,15,
Hibiscus rosa-sinensis,14,
Macroptilium lathyroides,14,
Mareca americana,14,
Piperaceae,14,
Sida acuta,14,
Vitis,14,
Citrullus lanatus,13,
Digitaria ciliaris,13,
Euphorbia caput-medusae,13,
Mus musculus,13,
Numenius arquata,13,
Rhinolophus pusillus,13,
Rhynchosia minima,13,
Callithrix penicillata,12,
Cleome affinis,12,
Globicephala macrorhynchus,12,
Hibiscus cannabinus,12,
Jatropha curcas,12,
Rhinolophus ferrumequinum,12,
Lens culinaris,11,
Myotis ricketti,11,
Phasianinae,11,
Vicia faba,11,
Anser sp.,10,
Branta canadensis,10,
Hibiscus,10,
Lepus granatensis,10,
Macaca mulatta,10,
Medicago arborea,10,
Opuntia,10,
Paspalum dilatatum,10,
Pisum sativum,10,
Rattus norvegicus,10,
Urochloa deflexa,10,
Apodemus sylvaticus,9,
Areca catechu,9,
Mareca strepera,9,
Oryza sp.,9,
Panthera tigris,9,
Penaeus vannamei,9,
Saccharum,9,
Vigna mungo,9,
Alcea rosea,8,
Citrus reticulata,8,
Digitaria,8,
Felis silvestris,8,
Lagenaria siceraria,8,
Luffa,8,
Olea europaea,8,
Passiflora caerulea,8,
Sauropus androgynus,8,
Blainvillea rhomboidea,7,
Brassica rapa,7,
Clerodendrum bungei,7,
Eclipta prostrata,7,
Microtus agrestis,7,
Momordica charantia,7,
Nicotiana benthamiana,7,
Numididae,7,
Piper nigrum,7,
Rattus argentiventer,7,
Saccharum sp.,7,
Sida rhombifolia,7,
Suidae,7,
Tursiops truncatus,7,
Agapanthus,6,
Anser cygnoides,6,
Coccinia grandis,6,
Columba livia,6,
Cucurbita moschata,6,
Cucurbitaceae,6,
Datura stramonium,6,
Ehrharta erecta,6,
Erinaceus europaeus,6,
Hipposideros pomona,6,
Macaca fascicularis,6,
Malus domestica,6,
Orcinus orca,6,
Phascolarctos cinereus,6,
Prionailurus bengalensis,6,
Psittacidae,6,
Salvia splendens,6,
Sida urens,6,
Stenella coeruleoalba,6,
Trigonella foenum-graecum,6,
Anas,5,
Anser anser,5,
Capsicum frutescens,5,
Citrus,5,
Columba,5,
Diaemus youngi,5,
Digitaria horizontalis,5,
Digitaria sanguinalis,5,
Hipposideros larvatus,5,
Laridae,5,
Mareca penelope,5,
Miniopterus fuliginosus,5,
Ocimum gratissimum,5,
Opuntia engelmannii,5,
Pan troglodytes verus,5,
Phoca vitulina,5,
Pouzolzia zeylanica,5,
Sicyos edulis,5,
Struthio camelus,5,
Trifolium repens,5,
Abelmoschus manihot subsp. tetraphyllus,4,
Agapornis roseicollis,4,
Ailuropoda melanoleuca,4,
Ananas comosus,4,
Arctocephalus gazella,4,
Asystasia gangetica,4,
Benincasa hispida,4,
Cenchrus echinatus,4,
Citrus maxima,4,
Crassocephalum crepidioides,4,
Cyamopsis tetragonoloba,4,
Cygnus olor,4,
Daucus carota,4,
Digera muricata,4,
Fringillidae,4,
Grus nigricollis,4,
Hevea brasiliensis,4,
Larus crassirostris,4,
Leucophaeus pipixcan,4,
Macrotyloma uniflorum,4,
Megathyrsus maximus,4,
Miniopterus schreibersii,4,
Myodes glareolus,4,
Opuntia engelmannii var. aciculata,4,
Opuntia microdasys,4,
Opuntia phaeacantha,4,
Pavo cristatus,4,
Petroselinum crispum,4,
Physalis peruviana,4,
Rattus,4,
Rattus andamanensis,4,
Rhinolophus malayanus,4,
Sigesbeckia orientalis,4,
Solanum torvum,4,
Sorghum arundinaceum,4,
Spatula querquedula,4,
Sus scrofa scrofa,4,
Anas cyanoptera,3,
Anser fabalis,3,
Apodemus uralensis,3,
Arachis hypogaea,3,
Beta vulgaris subsp. vulgaris,3,
Bos grunniens,3,
Cajanus cajan,3,
Capsicum annuum var. annuum,3,
Capsicum chinense,3,
Chloris gayana,3,
Chrysanthemum x morifolium,3,
Citrus sinensis,3,
Citrus x latifolia,3,
Coturnix japonica,3,
Croton bonplandianus,3,
Cucurbita maxima,3,
Cucurbita pepo var. melopepo,3,
Desmodium,3,
Falco peregrinus,3,
Fringilla montifringilla,3,
Fulica atra,3,
Gossypium arboreum,3,
Grus japonensis,3,
Hardenbergia comptoniana,3,
Helianthus,3,
Himantopus himantopus,3,
Lablab purpureus,3,
Larus argentatus,3,
Larus dominicanus,3,
Leonurus sibiricus,3,
Lonicera japonica,3,
Luffa aegyptiaca,3,
Malus sp.,3,
Malvastrum,3,
Malvaviscus arboreus,3,
Myotis siligorensis,3,
Otis tarda,3,
Pan troglodytes,3,
Penaeus monodon,3,
Phocoenidae,3,
Plantago major,3,
Poaceae,3,
Populus alba,3,
Rhinolophus,3,
Rhinolophus thomasi,3,
Rhynchosia,3,
Rosa chinensis,3,
Saccharum sinense,3,
Salmo salar,3,
Sigesbeckia glabrescens,3,
Spilopelia chinensis,3,
Stachytarpheta,3,
Stachytarpheta jamaicensis,3,
Uria aalge,3,
Vigna aconitifolia,3,
Abutilon,2,
Accipitridae,2,
Accipitriformes,2,
Aedes aegypti,2,
Aix galericulata,2,
Aix sponsa,2,
Alternanthera sessilis,2,
Amaranthus,2,
Amblyomma americanum,2,
Anethum graveolens,2,
Anser albifrons,2,
Anthocercis littorea,2,
Apodemus flavicollis,2,
Arctocephalus australis,2,
Artemisia carvifolia,2,
Atractylodes macrocephala,2,
Aythya affinis,2,
Balaenoptera physalus,2,
Bovidae,2,
Brassica rapa subsp. pekinensis,2,
Bubalus bubalis,2,
Bubo bengalensis,2,
Bubo scandiacus,2,
Camelus,2,
Canidae,2,
Cannabis sativa,2,
Capreolus capreolus,2,
Catharanthus roseus,2,
Centrosema pubescens,2,
Cestrum nocturnum,2,
Corchorus siliquosus,2,
Corvus splendens,2,
Crotalaria juncea,2,
Cucumis anguria,2,
Cymbidium,2,
Deinbollia borbonica,2,
Dioscorea alata,2,
Dolichos,2,
Duranta erecta,2,
Dypsis lutescens,2,
Elettaria cardamomum,2,
Eleusine coracana,2,
Emilia sonchifolia,2,
Eptesicus serotinus,2,
Equus asinus x Equus caballus,2,
Eragrostis curvula,2,
Erethizon dorsatum,2,
Erinaceus amurensis,2,
Eupatorium makinoi,2,
Euphorbia,2,
Eustoma grandiflorum,2,
Eutrema japonicum,2,
Fragaria x ananassa,2,
Fraxinus chinensis subsp. rhynchophylla,2,
Galium mexicanum,2,
Gallus sp.,2,
Gorilla gorilla,2,
Gossypium,2,
Gulo gulo,2,
Gymnanthemum amygdalinum,2,
Hibiscus sabdariffa,2,
Hipposideros armiger,2,
Hirundo rustica,2,
Hypsugo pulveratus,2,
Lagenorhynchus albirostris,2,
Leucaena leucocephala,2,
Malva,2,
Manis javanica,2,
Meles meles,2,
Meriones unguiculatus,2,
Mesocricetus auratus,2,
Microcebus murinus,2,
Muntingia calabura,2,
Musa ABB Group,2,
Mustela putorius furo,2,
Myotis laniger,2,
Neophema chrysogaster,2,
Nicotiana glauca,2,
Nyctereutes procyonoides,2,
Ocimum,2,
Ocimum basilicum,2,
Oncorhynchus tshawytscha,2,
Opuntia basilaris,2,
Opuntia brasiliensis,2,
Opuntia rufida,2,
Opuntia santa-rita,2,
Ovis aries,2,
Pan troglodytes troglodytes,2,
Parthenium hysterophorus,2,
Passeridae,2,
Passiflora foetida,2,
Phalacrocoracidae,2,
Phalacrocorax auritus,2,
Phasianus colchicus,2,
Phodopus roborovskii,2,
Phodopus sungorus,2,
Pinellia ternata,2,
Plantago lanceolata,2,
Pongamia pinnata,2,
Prunus,2,
Prunus dulcis,2,
Prunus persica,2,
Pygoscelis papua,2,
Rhinolophus blythi,2,
Rhinolophus stheno,2,
Rhizomys pruinosus,2,
Rousettus madagascariensis,2,
Saimiri boliviensis boliviensis,2,
Salvia hispanica,2,
Sida cordata,2,
Sida spinosa,2,
Smallanthus sonchifolius,2,
Solanum,2,
Solanum nigrum,2,
Spinacia oleracea,2,
Stercorarius maccormicki,2,
Suncus murinus,2,
Suricata suricatta,2,
Tadarida brasiliensis,2,
Thesium chinense,2,
Trichechus manatus,2,
Triticum,2,
Urochloa decumbens,2,
Urochloa plantaginea,2,
Vaccinium corymbosum,2,
Varecia variegata,2,
Vigna trilobata,2,
Vitis sp.,2,
Viverridae,2,
Wissadula amplissima,2,
Zanthoxylum armatum,2,
Abelmoschus manihot,1,
Abelmoschus moschatus,1,
Acridotheres,1,
Ageratum,1,
Albizia lebbeck,1,
Alcea striata,1,
Allochrocebus lhoesti,1,
Alopochen aegyptiaca,1,
Alternanthera,1,
Alternanthera philoxeroides,1,
Amaranthus retroflexus,1,
Amaurornis phoenicurus,1,
Anadenanthera colubrina,1,
Anas fulvigula,1,
Anas zonorhyncha,1,
Anser,1,
Anser caerulescens,1,
Anthocercis ilicifolia,1,
Anthus rufulus,1,
Ardeidae,1,
Argas,1,
Argas reflexus,1,
Astragalus sinicus,1,
Aythya ferina,1,
Brachiaria umbellata,1,
Brassica napus,1,
Brassica rapa subsp. chinensis,1,
Bubulcus ibis,1,
Calendula officinalis,1,
Calidris minuta,1,
Canavalia sp.,1,
Caprifoliaceae,1,
Cenchrus myosuroides,1,
Centaurea cyanus,1,
Cerdocyon thous,1,
Cervus,1,
Cervus elaphus,1,
Chaerephon plicatus,1,
Charadriiformes,1,
Chenopodium album,1,
Chlorocebus aethiops,1,
Chroicocephalus genei,1,
Chroicocephalus ridibundus,1,
Chrysanthemum indicum,1,
Clematis,1,
Clematis vitalba,1,
Clitoria ternatea,1,
Codiaeum variegatum,1,
Crambe hispanica subsp. abyssinica,1,
Crataegus,1,
Cucumis dipsaceus,1,
Cucumis melo var. saccharinus,1,
Cylindropuntia,1,
Cylindropuntia whipplei,1,
Cynodon dactylon,1,
Cynopterus brachyotis,1,
Dactylis glomerata,1,
Dactyloctenium,1,
Datura,1,
Datura inoxia,1,
Delphinus delphis,1,
Desmodium glabrum,1,
Digitaria debilis,1,
Digitaria didactyla,1,
Dioscorea polystachya,1,
Dioscorea trifida,1,
Disocactus flagelliformis,1,
Distimake dissectus,1,
Ecballium elaterium,1,
Echinochloa,1,
Eclectus roratus,1,
Eidolon helvum,1,
Eleusine indica,1,
Emberiza spodocephala,1,
Eos bornea,1,
Eragrostis,1,
Erinaceus sp.,1,
Eriobotrya japonica,1,
Euphorbia pulcherrima,1,
Falco rusticolus,1,
Forpus coelestis,1,
Fulica,1,
Gallus,1,
Gerbera jamesonii,1,
Glycine soja,1,
Glycyrrhiza glabra,1,
Gossypium harknessii,1,
Gossypium hirsutum var. punctatum,1,
Gossypium mustelinum,1,
Gossypium somalense,1,
Gossypium stocksii,1,
Gossypium tomentosum,1,
Gymnocalycium mihanovichii,1,
Haliaeetus leucocephalus,1,
Halichoerus grypus,1,
Hibiscus sp.,1,
Hipposideros cineraceus,1,
Hydrocoloeus minutus,1,
Ichthyaetus ichthyaetus,1,
Ipomoea triloba,1,
Jatropha,1,
Jatropha gossypiifolia,1,
Jatropha integerrima,1,
Jatropha multifida,1,
Lagenorhynchus acutus,1,
Larus schistisagus,1,
Leonurus japonicus,1,
Lophocereus schottii,1,
Lophura erythrophthalma,1,
Macroptilium bracteatum,1,
Malva cathayensis,1,
Malva parviflora,1,
Manihot glaziovii,1,
Mareca,1,
Mareca falcata,1,
Megathyrsus infestus,1,
Megathyrsus trichocladum,1,
Melinis repens,1,
Melopsittacus undulatus,1,
Microcebus griseorufus,1,
Micromys minutus,1,
Momordica dioica,1,
Murina cyclotis,1,
Musa acuminata AAA Group,1,
Musa balbisiana,1,
Musa x paradisiaca,1,
Myiopsitta monachus,1,
Myodes rufocanus,1,
Myotis daubentonii,1,
Myotis davidii,1,
Myotis sp.,1,
Nicotiana glutinosa,1,
Numididae sp.,1,
Oplismenus burmannii,1,
Opuntia aureispina,1,
Opuntia cespitosa,1,
Opuntia echios var. echios,1,
Opuntia engelmannii var. linguiformis,1,
Opuntia leucotricha,1,
Opuntia mackensenii,1,
Opuntia parviclada,1,
Opuntia robusta,1,
Oryctolagus cuniculus,1,
Oryza sativa,1,
Oxyura jamaicensis,1,
Pachyrhizus,1,
Pan paniscus,1,
Paradoxurus hermaphroditus,1,
Paspalum conjugatum,1,
Paspalum notatum,1,
Passiflora edulis f. flavicarpa,1,
Pavo,1,
Penaeus semisulcatus,1,
Petunia x hybrida,1,
Phaseolus,1,
Phocoena phocoena,1,
Phocoena spinipinnis,1,
Physalis divaricata,1,
Pipistrellus,1,
Plantago,1,
Pluvialis squatarola,1,
Polypogon monspeliensis,1,
Procyon lotor,1,
Prunus cerasifera,1,
Prunus domestica,1,
Psittacula krameri,1,
Pycnonotidae,1,
Pycnonotus sinensis,1,
Pyrus,1,
Pyrus communis,1,
Rallus aquaticus,1,
Raphanus raphanistrum,1,
Raphanus sativus,1,
Rehmannia,1,
Rehmannia glutinosa,1,
Rhynchosia capitata,1,
Ricinus communis,1,
Robinia pseudoacacia,1,
Rousettus sp.,1,
Rubus,1,
Rubus occidentalis,1,
Rudbeckia,1,
Rudbeckia hirta var. pulcherrima,1,
Saccharum barberi,1,
Saccharum spontaneum,1,
Salvia sclarea,1,
Sclerochloa dura,1,
Scopolia carniolica,1,
Secale cereale,1,
Selenicereus monacanthus,1,
Senna occidentalis,1,
Setaria barbata,1,
Setaria verticillata,1,
Sidastrum micranthum,1,
Siraitia grosvenorii,1,
Solanum americanum,1,
Solanum lycopersicum var. cerasiforme,1,
Solanum muricatum,1,
Solanum phureja,1,
Solanum pimpinellifolium,1,
Solanum quitoense,1,
Solanum villosum,1,
Sonchus arvensis,1,
Sonchus oleraceus,1,
Sporobolus,1,
Sternula albifrons,1,
Streptopelia decaocto,1,
Sylvilagus floridanus,1,
Synedrella nodiflora,1,
Tadorna,1,
Tadorna tadorna,1,
Tagetes patula,1,
Trichosanthes cucumerina,1,
Trichosanthes kirilowii,1,
Triticum turgidum subsp. durum,1,
Turdus merula,1,
Tyto alba,1,
Urochloa mosambicensis,1,
Vespertilio sinensis,1,
Vicia sativa,1,
Vigna radiata var. radiata,1,
Vigna stipulacea,1,
Vitis aestivalis,1,

TOTAL,13570,
